#pragma once
/*
    #version:1# (machine generated, don't edit!)

    Generated by sokol-shdc (https://github.com/floooh/sokol-tools)

    Cmdline:
        sokol-shdc -i src/system/sokol/crt.glsl -o src/system/sokol/crt.h -l glsl410:glsl300es:hlsl4:metal_macos:metal_ios:wgsl --ifdef

    Overview:
    =========
    Shader program: 'crt':
        Get shader desc: crt_shader_desc(sg_query_backend());
        Vertex Shader: crt_vs
        Fragment Shader: crt_fs
        Attributes:
            ATTR_crt_pos => 0
    Bindings:
        Uniform block 'crt_params':
            C struct: crt_params_t
            Bind slot: UB_crt_params => 0
        Texture 'tex':
            Image type: SG_IMAGETYPE_2D
            Sample type: SG_IMAGESAMPLETYPE_FLOAT
            Multisampled: false
            Bind slot: VIEW_tex => 0
        Sampler 'smp':
            Type: SG_SAMPLERTYPE_FILTERING
            Bind slot: SMP_smp => 0
*/
#if !defined(SOKOL_GFX_INCLUDED)
#error "Please include sokol_gfx.h before crt.h"
#endif
#if !defined(SOKOL_SHDC_ALIGN)
#if defined(_MSC_VER)
#define SOKOL_SHDC_ALIGN(a) __declspec(align(a))
#else
#define SOKOL_SHDC_ALIGN(a) __attribute__((aligned(a)))
#endif
#endif
#define ATTR_crt_pos (0)
#define UB_crt_params (0)
#define VIEW_tex (0)
#define SMP_smp (0)
#pragma pack(push,1)
SOKOL_SHDC_ALIGN(16) typedef struct crt_params_t {
    float rect_pos[2];
    float rect_size[2];
    float resolution[2];
    float y_origin;
    uint8_t _pad_28[4];
} crt_params_t;
#pragma pack(pop)
/*
    #version 410

    uniform vec4 crt_params[2];
    layout(location = 0) in vec2 pos;
    layout(location = 0) out vec2 pos_out;
    layout(location = 1) out float y_origin_out;

    void main()
    {
        vec2 _36 = (((crt_params[0].xy + (pos * crt_params[0].zw)) / crt_params[1].xy) * 2.0) - vec2(1.0);
        gl_Position = vec4(_36.x, -_36.y, 0.0, 1.0);
        pos_out = pos;
        y_origin_out = crt_params[1].z;
    }

*/
#if defined(SOKOL_GLCORE)
static const uint8_t crt_vs_source_glsl410[386] = {
    0x23,0x76,0x65,0x72,0x73,0x69,0x6f,0x6e,0x20,0x34,0x31,0x30,0x0a,0x0a,0x75,0x6e,
    0x69,0x66,0x6f,0x72,0x6d,0x20,0x76,0x65,0x63,0x34,0x20,0x63,0x72,0x74,0x5f,0x70,
    0x61,0x72,0x61,0x6d,0x73,0x5b,0x32,0x5d,0x3b,0x0a,0x6c,0x61,0x79,0x6f,0x75,0x74,
    0x28,0x6c,0x6f,0x63,0x61,0x74,0x69,0x6f,0x6e,0x20,0x3d,0x20,0x30,0x29,0x20,0x69,
    0x6e,0x20,0x76,0x65,0x63,0x32,0x20,0x70,0x6f,0x73,0x3b,0x0a,0x6c,0x61,0x79,0x6f,
    0x75,0x74,0x28,0x6c,0x6f,0x63,0x61,0x74,0x69,0x6f,0x6e,0x20,0x3d,0x20,0x30,0x29,
    0x20,0x6f,0x75,0x74,0x20,0x76,0x65,0x63,0x32,0x20,0x70,0x6f,0x73,0x5f,0x6f,0x75,
    0x74,0x3b,0x0a,0x6c,0x61,0x79,0x6f,0x75,0x74,0x28,0x6c,0x6f,0x63,0x61,0x74,0x69,
    0x6f,0x6e,0x20,0x3d,0x20,0x31,0x29,0x20,0x6f,0x75,0x74,0x20,0x66,0x6c,0x6f,0x61,
    0x74,0x20,0x79,0x5f,0x6f,0x72,0x69,0x67,0x69,0x6e,0x5f,0x6f,0x75,0x74,0x3b,0x0a,
    0x0a,0x76,0x6f,0x69,0x64,0x20,0x6d,0x61,0x69,0x6e,0x28,0x29,0x0a,0x7b,0x0a,0x20,
    0x20,0x20,0x20,0x76,0x65,0x63,0x32,0x20,0x5f,0x33,0x36,0x20,0x3d,0x20,0x28,0x28,
    0x28,0x63,0x72,0x74,0x5f,0x70,0x61,0x72,0x61,0x6d,0x73,0x5b,0x30,0x5d,0x2e,0x78,
    0x79,0x20,0x2b,0x20,0x28,0x70,0x6f,0x73,0x20,0x2a,0x20,0x63,0x72,0x74,0x5f,0x70,
    0x61,0x72,0x61,0x6d,0x73,0x5b,0x30,0x5d,0x2e,0x7a,0x77,0x29,0x29,0x20,0x2f,0x20,
    0x63,0x72,0x74,0x5f,0x70,0x61,0x72,0x61,0x6d,0x73,0x5b,0x31,0x5d,0x2e,0x78,0x79,
    0x29,0x20,0x2a,0x20,0x32,0x2e,0x30,0x29,0x20,0x2d,0x20,0x76,0x65,0x63,0x32,0x28,
    0x31,0x2e,0x30,0x29,0x3b,0x0a,0x20,0x20,0x20,0x20,0x67,0x6c,0x5f,0x50,0x6f,0x73,
    0x69,0x74,0x69,0x6f,0x6e,0x20,0x3d,0x20,0x76,0x65,0x63,0x34,0x28,0x5f,0x33,0x36,
    0x2e,0x78,0x2c,0x20,0x2d,0x5f,0x33,0x36,0x2e,0x79,0x2c,0x20,0x30,0x2e,0x30,0x2c,
    0x20,0x31,0x2e,0x30,0x29,0x3b,0x0a,0x20,0x20,0x20,0x20,0x70,0x6f,0x73,0x5f,0x6f,
    0x75,0x74,0x20,0x3d,0x20,0x70,0x6f,0x73,0x3b,0x0a,0x20,0x20,0x20,0x20,0x79,0x5f,
    0x6f,0x72,0x69,0x67,0x69,0x6e,0x5f,0x6f,0x75,0x74,0x20,0x3d,0x20,0x63,0x72,0x74,
    0x5f,0x70,0x61,0x72,0x61,0x6d,0x73,0x5b,0x31,0x5d,0x2e,0x7a,0x3b,0x0a,0x7d,0x0a,
    0x0a,0x00,
};
#endif
/*
    #version 410

    uniform sampler2D tex_smp;

    layout(location = 1) in float y_origin_out;
    layout(location = 0) in vec2 pos_out;
    layout(location = 0) out vec4 frag_color;
    vec2 res;
    float hardScan;
    float hardPix;
    vec2 warp;
    float maskDark;
    float maskLight;

    vec2 Warp(inout vec2 pos)
    {
        pos = (pos * 2.0) - vec2(1.0);
        pos *= vec2(1.0 + ((pos.y * pos.y) * warp.x), 1.0 + ((pos.x * pos.x) * warp.y));
        return (pos * 0.5) + vec2(0.5);
    }

    float ToLinear1(float c)
    {
        float _86;
        if (c <= 0.040449999272823333740234375)
        {
            _86 = c * 0.077399380505084991455078125;
        }
        else
        {
            _86 = pow((c + 0.054999999701976776123046875) * 0.947867333889007568359375, 2.400000095367431640625);
        }
        return _86;
    }

    vec3 ToLinear(vec3 c)
    {
        float param = c.x;
        float param_1 = c.y;
        float param_2 = c.z;
        return vec3(ToLinear1(param), ToLinear1(param_1), ToLinear1(param_2));
    }

    vec3 Fetch(inout vec2 pos, vec2 off)
    {
        pos = (floor((pos * res) + off) + vec2(0.5)) / res;
        vec3 param = texture(tex_smp, pos, -16.0).xyz * 1.2000000476837158203125;
        return ToLinear(param);
    }

    vec2 Dist(inout vec2 pos)
    {
        pos *= res;
        return vec2(0.5) - (pos - floor(pos));
    }

    float Gaus(float pos, float scale)
    {
        return exp2((scale * pos) * pos);
    }

    vec3 Horz3(vec2 pos, float off)
    {
        vec2 param = pos;
        vec2 param_1 = vec2(-1.0, off);
        vec3 _211 = Fetch(param, param_1);
        vec2 param_2 = pos;
        vec2 param_3 = vec2(0.0, off);
        vec3 _219 = Fetch(param_2, param_3);
        vec2 param_4 = pos;
        vec2 param_5 = vec2(1.0, off);
        vec3 _227 = Fetch(param_4, param_5);
        vec2 param_6 = pos;
        vec2 _231 = Dist(param_6);
        float param_7 = _231.x - 1.0;
        float param_8 = hardPix;
        float _241 = Gaus(param_7, param_8);
        float param_9 = _231.x;
        float param_10 = hardPix;
        float _248 = Gaus(param_9, param_10);
        float param_11 = _231.x + 1.0;
        float param_12 = hardPix;
        float _255 = Gaus(param_11, param_12);
        return (((_211 * _241) + (_219 * _248)) + (_227 * _255)) / vec3((_241 + _248) + _255);
    }

    vec3 Horz5(vec2 pos, float off)
    {
        vec2 param = pos;
        vec2 param_1 = vec2(-2.0, off);
        vec3 _283 = Fetch(param, param_1);
        vec2 param_2 = pos;
        vec2 param_3 = vec2(-1.0, off);
        vec3 _290 = Fetch(param_2, param_3);
        vec2 param_4 = pos;
        vec2 param_5 = vec2(0.0, off);
        vec3 _297 = Fetch(param_4, param_5);
        vec2 param_6 = pos;
        vec2 param_7 = vec2(1.0, off);
        vec3 _304 = Fetch(param_6, param_7);
        vec2 param_8 = pos;
        vec2 param_9 = vec2(2.0, off);
        vec3 _312 = Fetch(param_8, param_9);
        vec2 param_10 = pos;
        vec2 _316 = Dist(param_10);
        float param_11 = _316.x - 2.0;
        float param_12 = hardPix;
        float _326 = Gaus(param_11, param_12);
        float param_13 = _316.x - 1.0;
        float param_14 = hardPix;
        float _333 = Gaus(param_13, param_14);
        float param_15 = _316.x;
        float param_16 = hardPix;
        float _340 = Gaus(param_15, param_16);
        float param_17 = _316.x + 1.0;
        float param_18 = hardPix;
        float _347 = Gaus(param_17, param_18);
        float param_19 = _316.x + 2.0;
        float param_20 = hardPix;
        float _354 = Gaus(param_19, param_20);
        return (((((_283 * _326) + (_290 * _333)) + (_297 * _340)) + (_304 * _347)) + (_312 * _354)) / vec3((((_326 + _333) + _340) + _347) + _354);
    }

    float Scan(vec2 pos, float off)
    {
        vec2 param = pos;
        vec2 _390 = Dist(param);
        float param_1 = _390.y + off;
        float param_2 = hardScan;
        return Gaus(param_1, param_2);
    }

    vec3 Tri(vec2 pos)
    {
        vec2 param = pos;
        float param_1 = -1.0;
        vec2 param_2 = pos;
        float param_3 = 0.0;
        vec2 param_4 = pos;
        float param_5 = 1.0;
        vec2 param_6 = pos;
        float param_7 = -1.0;
        vec2 param_8 = pos;
        float param_9 = 0.0;
        vec2 param_10 = pos;
        float param_11 = 1.0;
        return ((Horz3(param, param_1) * Scan(param_6, param_7)) + (Horz5(param_2, param_3) * Scan(param_8, param_9))) + (Horz3(param_4, param_5) * Scan(param_10, param_11));
    }

    vec3 Mask(inout vec2 pos)
    {
        pos.x += (pos.y * 3.0);
        vec3 mask = vec3(maskDark);
        pos.x = fract(pos.x * 0.16666667163372039794921875);
        if (pos.x < 0.333000004291534423828125)
        {
            vec3 _550 = mask;
            _550.x = maskLight;
            mask = _550;
        }
        else
        {
            if (pos.x < 0.66600000858306884765625)
            {
                vec3 _552 = mask;
                _552.y = maskLight;
                mask = _552;
            }
            else
            {
                vec3 _554 = mask;
                _554.z = maskLight;
                mask = _554;
            }
        }
        return mask;
    }

    float ToSrgb1(float c)
    {
        float _125;
        if (c < 0.003130800090730190277099609375)
        {
            _125 = c * 12.9200000762939453125;
        }
        else
        {
            _125 = (1.05499994754791259765625 * pow(c, 0.416660010814666748046875)) - 0.054999999701976776123046875;
        }
        return _125;
    }

    vec3 ToSrgb(vec3 c)
    {
        float param = c.x;
        float param_1 = c.y;
        float param_2 = c.z;
        return vec3(ToSrgb1(param), ToSrgb1(param_1), ToSrgb1(param_2));
    }

    void main()
    {
        res = vec2(256.0, 144.0);
        hardScan = -8.0;
        hardPix = -3.0;
        warp = vec2(0.015625, 0.02083333395421504974365234375);
        maskDark = 0.5;
        maskLight = 1.5;
        hardScan = -12.0;
        vec2 param = pos_out;
        vec2 _534 = Warp(param);
        vec2 param_1 = _534;
        vec2 param_2 = vec2(gl_FragCoord.x, abs(y_origin_out - gl_FragCoord.y));
        vec3 _539 = Mask(param_2);
        vec3 param_3 = Tri(param_1) * _539;
        frag_color = vec4(ToSrgb(param_3), 1.0);
    }

*/
#if defined(SOKOL_GLCORE)
static const uint8_t crt_fs_source_glsl410[5563] = {
    0x23,0x76,0x65,0x72,0x73,0x69,0x6f,0x6e,0x20,0x34,0x31,0x30,0x0a,0x0a,0x75,0x6e,
    0x69,0x66,0x6f,0x72,0x6d,0x20,0x73,0x61,0x6d,0x70,0x6c,0x65,0x72,0x32,0x44,0x20,
    0x74,0x65,0x78,0x5f,0x73,0x6d,0x70,0x3b,0x0a,0x0a,0x6c,0x61,0x79,0x6f,0x75,0x74,
    0x28,0x6c,0x6f,0x63,0x61,0x74,0x69,0x6f,0x6e,0x20,0x3d,0x20,0x31,0x29,0x20,0x69,
    0x6e,0x20,0x66,0x6c,0x6f,0x61,0x74,0x20,0x79,0x5f,0x6f,0x72,0x69,0x67,0x69,0x6e,
    0x5f,0x6f,0x75,0x74,0x3b,0x0a,0x6c,0x61,0x79,0x6f,0x75,0x74,0x28,0x6c,0x6f,0x63,
    0x61,0x74,0x69,0x6f,0x6e,0x20,0x3d,0x20,0x30,0x29,0x20,0x69,0x6e,0x20,0x76,0x65,
    0x63,0x32,0x20,0x70,0x6f,0x73,0x5f,0x6f,0x75,0x74,0x3b,0x0a,0x6c,0x61,0x79,0x6f,
    0x75,0x74,0x28,0x6c,0x6f,0x63,0x61,0x74,0x69,0x6f,0x6e,0x20,0x3d,0x20,0x30,0x29,
    0x20,0x6f,0x75,0x74,0x20,0x76,0x65,0x63,0x34,0x20,0x66,0x72,0x61,0x67,0x5f,0x63,
    0x6f,0x6c,0x6f,0x72,0x3b,0x0a,0x76,0x65,0x63,0x32,0x20,0x72,0x65,0x73,0x3b,0x0a,
    0x66,0x6c,0x6f,0x61,0x74,0x20,0x68,0x61,0x72,0x64,0x53,0x63,0x61,0x6e,0x3b,0x0a,
    0x66,0x6c,0x6f,0x61,0x74,0x20,0x68,0x61,0x72,0x64,0x50,0x69,0x78,0x3b,0x0a,0x76,
    0x65,0x63,0x32,0x20,0x77,0x61,0x72,0x70,0x3b,0x0a,0x66,0x6c,0x6f,0x61,0x74,0x20,
    0x6d,0x61,0x73,0x6b,0x44,0x61,0x72,0x6b,0x3b,0x0a,0x66,0x6c,0x6f,0x61,0x74,0x20,
    0x6d,0x61,0x73,0x6b,0x4c,0x69,0x67,0x68,0x74,0x3b,0x0a,0x0a,0x76,0x65,0x63,0x32,
    0x20,0x57,0x61,0x72,0x70,0x28,0x69,0x6e,0x6f,0x75,0x74,0x20,0x76,0x65,0x63,0x32,
    0x20,0x70,0x6f,0x73,0x29,0x0a,0x7b,0x0a,0x20,0x20,0x20,0x20,0x70,0x6f,0x73,0x20,
    0x3d,0x20,0x28,0x70,0x6f,0x73,0x20,0x2a,0x20,0x32,0x2e,0x30,0x29,0x20,0x2d,0x20,
    0x76,0x65,0x63,0x32,0x28,0x31,0x2e,0x30,0x29,0x3b,0x0a,0x20,0x20,0x20,0x20,0x70,
    0x6f,0x73,0x20,0x2a,0x3d,0x20,0x76,0x65,0x63,0x32,0x28,0x31,0x2e,0x30,0x20,0x2b,
    0x20,0x28,0x28,0x70,0x6f,0x73,0x2e,0x79,0x20,0x2a,0x20,0x70,0x6f,0x73,0x2e,0x79,
    0x29,0x20,0x2a,0x20,0x77,0x61,0x72,0x70,0x2e,0x78,0x29,0x2c,0x20,0x31,0x2e,0x30,
    0x20,0x2b,0x20,0x28,0x28,0x70,0x6f,0x73,0x2e,0x78,0x20,0x2a,0x20,0x70,0x6f,0x73,
    0x2e,0x78,0x29,0x20,0x2a,0x20,0x77,0x61,0x72,0x70,0x2e,0x79,0x29,0x29,0x3b,0x0a,
    0x20,0x20,0x20,0x20,0x72,0x65,0x74,0x75,0x72,0x6e,0x20,0x28,0x70,0x6f,0x73,0x20,
    0x2a,0x20,0x30,0x2e,0x35,0x29,0x20,0x2b,0x20,0x76,0x65,0x63,0x32,0x28,0x30,0x2e,
    0x35,0x29,0x3b,0x0a,0x7d,0x0a,0x0a,0x66,0x6c,0x6f,0x61,0x74,0x20,0x54,0x6f,0x4c,
    0x69,0x6e,0x65,0x61,0x72,0x31,0x28,0x66,0x6c,0x6f,0x61,0x74,0x20,0x63,0x29,0x0a,
    0x7b,0x0a,0x20,0x20,0x20,0x20,0x66,0x6c,0x6f,0x61,0x74,0x20,0x5f,0x38,0x36,0x3b,
    0x0a,0x20,0x20,0x20,0x20,0x69,0x66,0x20,0x28,0x63,0x20,0x3c,0x3d,0x20,0x30,0x2e,
    0x30,0x34,0x30,0x34,0x34,0x39,0x39,0x39,0x39,0x32,0x37,0x32,0x38,0x32,0x33,0x33,
    0x33,0x33,0x37,0x34,0x30,0x32,0x33,0x34,0x33,0x37,0x35,0x29,0x0a,0x20,0x20,0x20,
    0x20,0x7b,0x0a,0x20,0x20,0x20,0x20,0x20,0x20,0x20,0x20,0x5f,0x38,0x36,0x20,0x3d,
    0x20,0x63,0x20,0x2a,0x20,0x30,0x2e,0x30,0x37,0x37,0x33,0x39,0x39,0x33,0x38,0x30,
    0x35,0x30,0x35,0x30,0x38,0x34,0x39,0x39,0x31,0x34,0x35,0x35,0x30,0x37,0x38,0x31,
    0x32,0x35,0x3b,0x0a,0x20,0x20,0x20,0x20,0x7d,0x0a,0x20,0x20,0x20,0x20,0x65,0x6c,
    0x73,0x65,0x0a,0x20,0x20,0x20,0x20,0x7b,0x0a,0x20,0x20,0x20,0x20,0x20,0x20,0x20,
    0x20,0x5f,0x38,0x36,0x20,0x3d,0x20,0x70,0x6f,0x77,0x28,0x28,0x63,0x20,0x2b,0x20,
    0x30,0x2e,0x30,0x35,0x34,0x39,0x39,0x39,0x39,0x39,0x39,0x37,0x30,0x31,0x39,0x37,
    0x36,0x37,0x37,0x36,0x31,0x32,0x33,0x30,0x34,0x36,0x38,0x37,0x35,0x29,0x20,0x2a,
    0x20,0x30,0x2e,0x39,0x34,0x37,0x38,0x36,0x37,0x33,0x33,0x33,0x38,0x38,0x39,0x30,
    0x30,0x37,0x35,0x36,0x38,0x33,0x35,0x39,0x33,0x37,0x35,0x2c,0x20,0x32,0x2e,0x34,
    0x30,0x30,0x30,0x30,0x30,0x30,0x39,0x35,0x33,0x36,0x37,0x34,0x33,0x31,0x36,0x34,
    0x30,0x36,0x32,0x35,0x29,0x3b,0x0a,0x20,0x20,0x20,0x20,0x7d,0x0a,0x20,0x20,0x20,
    0x20,0x72,0x65,0x74,0x75,0x72,0x6e,0x20,0x5f,0x38,0x36,0x3b,0x0a,0x7d,0x0a,0x0a,
    0x76,0x65,0x63,0x33,0x20,0x54,0x6f,0x4c,0x69,0x6e,0x65,0x61,0x72,0x28,0x76,0x65,
    0x63,0x33,0x20,0x63,0x29,0x0a,0x7b,0x0a,0x20,0x20,0x20,0x20,0x66,0x6c,0x6f,0x61,
    0x74,0x20,0x70,0x61,0x72,0x61,0x6d,0x20,0x3d,0x20,0x63,0x2e,0x78,0x3b,0x0a,0x20,
    0x20,0x20,0x20,0x66,0x6c,0x6f,0x61,0x74,0x20,0x70,0x61,0x72,0x61,0x6d,0x5f,0x31,
    0x20,0x3d,0x20,0x63,0x2e,0x79,0x3b,0x0a,0x20,0x20,0x20,0x20,0x66,0x6c,0x6f,0x61,
    0x74,0x20,0x70,0x61,0x72,0x61,0x6d,0x5f,0x32,0x20,0x3d,0x20,0x63,0x2e,0x7a,0x3b,
    0x0a,0x20,0x20,0x20,0x20,0x72,0x65,0x74,0x75,0x72,0x6e,0x20,0x76,0x65,0x63,0x33,
    0x28,0x54,0x6f,0x4c,0x69,0x6e,0x65,0x61,0x72,0x31,0x28,0x70,0x61,0x72,0x61,0x6d,
    0x29,0x2c,0x20,0x54,0x6f,0x4c,0x69,0x6e,0x65,0x61,0x72,0x31,0x28,0x70,0x61,0x72,
    0x61,0x6d,0x5f,0x31,0x29,0x2c,0x20,0x54,0x6f,0x4c,0x69,0x6e,0x65,0x61,0x72,0x31,
    0x28,0x70,0x61,0x72,0x61,0x6d,0x5f,0x32,0x29,0x29,0x3b,0x0a,0x7d,0x0a,0x0a,0x76,
    0x65,0x63,0x33,0x20,0x46,0x65,0x74,0x63,0x68,0x28,0x69,0x6e,0x6f,0x75,0x74,0x20,
    0x76,0x65,0x63,0x32,0x20,0x70,0x6f,0x73,0x2c,0x20,0x76,0x65,0x63,0x32,0x20,0x6f,
    0x66,0x66,0x29,0x0a,0x7b,0x0a,0x20,0x20,0x20,0x20,0x70,0x6f,0x73,0x20,0x3d,0x20,
    0x28,0x66,0x6c,0x6f,0x6f,0x72,0x28,0x28,0x70,0x6f,0x73,0x20,0x2a,0x20,0x72,0x65,
    0x73,0x29,0x20,0x2b,0x20,0x6f,0x66,0x66,0x29,0x20,0x2b,0x20,0x76,0x65,0x63,0x32,
    0x28,0x30,0x2e,0x35,0x29,0x29,0x20,0x2f,0x20,0x72,0x65,0x73,0x3b,0x0a,0x20,0x20,
    0x20,0x20,0x76,0x65,0x63,0x33,0x20,0x70,0x61,0x72,0x61,0x6d,0x20,0x3d,0x20,0x74,
    0x65,0x78,0x74,0x75,0x72,0x65,0x28,0x74,0x65,0x78,0x5f,0x73,0x6d,0x70,0x2c,0x20,
    0x70,0x6f,0x73,0x2c,0x20,0x2d,0x31,0x36,0x2e,0x30,0x29,0x2e,0x78,0x79,0x7a,0x20,
    0x2a,0x20,0x31,0x2e,0x32,0x30,0x30,0x30,0x30,0x30,0x30,0x34,0x37,0x36,0x38,0x33,
    0x37,0x31,0x35,0x38,0x32,0x30,0x33,0x31,0x32,0x35,0x3b,0x0a,0x20,0x20,0x20,0x20,
    0x72,0x65,0x74,0x75,0x72,0x6e,0x20,0x54,0x6f,0x4c,0x69,0x6e,0x65,0x61,0x72,0x28,
    0x70,0x61,0x72,0x61,0x6d,0x29,0x3b,0x0a,0x7d,0x0a,0x0a,0x76,0x65,0x63,0x32,0x20,
    0x44,0x69,0x73,0x74,0x28,0x69,0x6e,0x6f,0x75,0x74,0x20,0x76,0x65,0x63,0x32,0x20,
    0x70,0x6f,0x73,0x29,0x0a,0x7b,0x0a,0x20,0x20,0x20,0x20,0x70,0x6f,0x73,0x20,0x2a,
    0x3d,0x20,0x72,0x65,0x73,0x3b,0x0a,0x20,0x20,0x20,0x20,0x72,0x65,0x74,0x75,0x72,
    0x6e,0x20,0x76,0x65,0x63,0x32,0x28,0x30,0x2e,0x35,0x29,0x20,0x2d,0x20,0x28,0x70,
    0x6f,0x73,0x20,0x2d,0x20,0x66,0x6c,0x6f,0x6f,0x72,0x28,0x70,0x6f,0x73,0x29,0x29,
    0x3b,0x0a,0x7d,0x0a,0x0a,0x66,0x6c,0x6f,0x61,0x74,0x20,0x47,0x61,0x75,0x73,0x28,
    0x66,0x6c,0x6f,0x61,0x74,0x20,0x70,0x6f,0x73,0x2c,0x20,0x66,0x6c,0x6f,0x61,0x74,
    0x20,0x73,0x63,0x61,0x6c,0x65,0x29,0x0a,0x7b,0x0a,0x20,0x20,0x20,0x20,0x72,0x65,
    0x74,0x75,0x72,0x6e,0x20,0x65,0x78,0x70,0x32,0x28,0x28,0x73,0x63,0x61,0x6c,0x65,
    0x20,0x2a,0x20,0x70,0x6f,0x73,0x29,0x20,0x2a,0x20,0x70,0x6f,0x73,0x29,0x3b,0x0a,
    0x7d,0x0a,0x0a,0x76,0x65,0x63,0x33,0x20,0x48,0x6f,0x72,0x7a,0x33,0x28,0x76,0x65,
    0x63,0x32,0x20,0x70,0x6f,0x73,0x2c,0x20,0x66,0x6c,0x6f,0x61,0x74,0x20,0x6f,0x66,
    0x66,0x29,0x0a,0x7b,0x0a,0x20,0x20,0x20,0x20,0x76,0x65,0x63,0x32,0x20,0x70,0x61,
    0x72,0x61,0x6d,0x20,0x3d,0x20,0x70,0x6f,0x73,0x3b,0x0a,0x20,0x20,0x20,0x20,0x76,
    0x65,0x63,0x32,0x20,0x70,0x61,0x72,0x61,0x6d,0x5f,0x31,0x20,0x3d,0x20,0x76,0x65,
    0x63,0x32,0x28,0x2d,0x31,0x2e,0x30,0x2c,0x20,0x6f,0x66,0x66,0x29,0x3b,0x0a,0x20,
    0x20,0x20,0x20,0x76,0x65,0x63,0x33,0x20,0x5f,0x32,0x31,0x31,0x20,0x3d,0x20,0x46,
    0x65,0x74,0x63,0x68,0x28,0x70,0x61,0x72,0x61,0x6d,0x2c,0x20,0x70,0x61,0x72,0x61,
    0x6d,0x5f,0x31,0x29,0x3b,0x0a,0x20,0x20,0x20,0x20,0x76,0x65,0x63,0x32,0x20,0x70,
    0x61,0x72,0x61,0x6d,0x5f,0x32,0x20,0x3d,0x20,0x70,0x6f,0x73,0x3b,0x0a,0x20,0x20,
    0x20,0x20,0x76,0x65,0x63,0x32,0x20,0x70,0x61,0x72,0x61,0x6d,0x5f,0x33,0x20,0x3d,
    0x20,0x76,0x65,0x63,0x32,0x28,0x30,0x2e,0x30,0x2c,0x20,0x6f,0x66,0x66,0x29,0x3b,
    0x0a,0x20,0x20,0x20,0x20,0x76,0x65,0x63,0x33,0x20,0x5f,0x32,0x31,0x39,0x20,0x3d,
    0x20,0x46,0x65,0x74,0x63,0x68,0x28,0x70,0x61,0x72,0x61,0x6d,0x5f,0x32,0x2c,0x20,
    0x70,0x61,0x72,0x61,0x6d,0x5f,0x33,0x29,0x3b,0x0a,0x20,0x20,0x20,0x20,0x76,0x65,
    0x63,0x32,0x20,0x70,0x61,0x72,0x61,0x6d,0x5f,0x34,0x20,0x3d,0x20,0x70,0x6f,0x73,
    0x3b,0x0a,0x20,0x20,0x20,0x20,0x76,0x65,0x63,0x32,0x20,0x70,0x61,0x72,0x61,0x6d,
    0x5f,0x35,0x20,0x3d,0x20,0x76,0x65,0x63,0x32,0x28,0x31,0x2e,0x30,0x2c,0x20,0x6f,
    0x66,0x66,0x29,0x3b,0x0a,0x20,0x20,0x20,0x20,0x76,0x65,0x63,0x33,0x20,0x5f,0x32,
    0x32,0x37,0x20,0x3d,0x20,0x46,0x65,0x74,0x63,0x68,0x28,0x70,0x61,0x72,0x61,0x6d,
    0x5f,0x34,0x2c,0x20,0x70,0x61,0x72,0x61,0x6d,0x5f,0x35,0x29,0x3b,0x0a,0x20,0x20,
    0x20,0x20,0x76,0x65,0x63,0x32,0x20,0x70,0x61,0x72,0x61,0x6d,0x5f,0x36,0x20,0x3d,
    0x20,0x70,0x6f,0x73,0x3b,0x0a,0x20,0x20,0x20,0x20,0x76,0x65,0x63,0x32,0x20,0x5f,
    0x32,0x33,0x31,0x20,0x3d,0x20,0x44,0x69,0x73,0x74,0x28,0x70,0x61,0x72,0x61,0x6d,
    0x5f,0x36,0x29,0x3b,0x0a,0x20,0x20,0x20,0x20,0x66,0x6c,0x6f,0x61,0x74,0x20,0x70,
    0x61,0x72,0x61,0x6d,0x5f,0x37,0x20,0x3d,0x20,0x5f,0x32,0x33,0x31,0x2e,0x78,0x20,
    0x2d,0x20,0x31,0x2e,0x30,0x3b,0x0a,0x20,0x20,0x20,0x20,0x66,0x6c,0x6f,0x61,0x74,
    0x20,0x70,0x61,0x72,0x61,0x6d,0x5f,0x38,0x20,0x3d,0x20,0x68,0x61,0x72,0x64,0x50,
    0x69,0x78,0x3b,0x0a,0x20,0x20,0x20,0x20,0x66,0x6c,0x6f,0x61,0x74,0x20,0x5f,0x32,
    0x34,0x31,0x20,0x3d,0x20,0x47,0x61,0x75,0x73,0x28,0x70,0x61,0x72,0x61,0x6d,0x5f,
    0x37,0x2c,0x20,0x70,0x61,0x72,0x61,0x6d,0x5f,0x38,0x29,0x3b,0x0a,0x20,0x20,0x20,
    0x20,0x66,0x6c,0x6f,0x61,0x74,0x20,0x70,0x61,0x72,0x61,0x6d,0x5f,0x39,0x20,0x3d,
    0x20,0x5f,0x32,0x33,0x31,0x2e,0x78,0x3b,0x0a,0x20,0x20,0x20,0x20,0x66,0x6c,0x6f,
    0x61,0x74,0x20,0x70,0x61,0x72,0x61,0x6d,0x5f,0x31,0x30,0x20,0x3d,0x20,0x68,0x61,
    0x72,0x64,0x50,0x69,0x78,0x3b,0x0a,0x20,0x20,0x20,0x20,0x66,0x6c,0x6f,0x61,0x74,
    0x20,0x5f,0x32,0x34,0x38,0x20,0x3d,0x20,0x47,0x61,0x75,0x73,0x28,0x70,0x61,0x72,
    0x61,0x6d,0x5f,0x39,0x2c,0x20,0x70,0x61,0x72,0x61,0x6d,0x5f,0x31,0x30,0x29,0x3b,
    0x0a,0x20,0x20,0x20,0x20,0x66,0x6c,0x6f,0x61,0x74,0x20,0x70,0x61,0x72,0x61,0x6d,
    0x5f,0x31,0x31,0x20,0x3d,0x20,0x5f,0x32,0x33,0x31,0x2e,0x78,0x20,0x2b,0x20,0x31,
    0x2e,0x30,0x3b,0x0a,0x20,0x20,0x20,0x20,0x66,0x6c,0x6f,0x61,0x74,0x20,0x70,0x61,
    0x72,0x61,0x6d,0x5f,0x31,0x32,0x20,0x3d,0x20,0x68,0x61,0x72,0x64,0x50,0x69,0x78,
    0x3b,0x0a,0x20,0x20,0x20,0x20,0x66,0x6c,0x6f,0x61,0x74,0x20,0x5f,0x32,0x35,0x35,
    0x20,0x3d,0x20,0x47,0x61,0x75,0x73,0x28,0x70,0x61,0x72,0x61,0x6d,0x5f,0x31,0x31,
    0x2c,0x20,0x70,0x61,0x72,0x61,0x6d,0x5f,0x31,0x32,0x29,0x3b,0x0a,0x20,0x20,0x20,
    0x20,0x72,0x65,0x74,0x75,0x72,0x6e,0x20,0x28,0x28,0x28,0x5f,0x32,0x31,0x31,0x20,
    0x2a,0x20,0x5f,0x32,0x34,0x31,0x29,0x20,0x2b,0x20,0x28,0x5f,0x32,0x31,0x39,0x20,
    0x2a,0x20,0x5f,0x32,0x34,0x38,0x29,0x29,0x20,0x2b,0x20,0x28,0x5f,0x32,0x32,0x37,
    0x20,0x2a,0x20,0x5f,0x32,0x35,0x35,0x29,0x29,0x20,0x2f,0x20,0x76,0x65,0x63,0x33,
    0x28,0x28,0x5f,0x32,0x34,0x31,0x20,0x2b,0x20,0x5f,0x32,0x34,0x38,0x29,0x20,0x2b,
    0x20,0x5f,0x32,0x35,0x35,0x29,0x3b,0x0a,0x7d,0x0a,0x0a,0x76,0x65,0x63,0x33,0x20,
    0x48,0x6f,0x72,0x7a,0x35,0x28,0x76,0x65,0x63,0x32,0x20,0x70,0x6f,0x73,0x2c,0x20,
    0x66,0x6c,0x6f,0x61,0x74,0x20,0x6f,0x66,0x66,0x29,0x0a,0x7b,0x0a,0x20,0x20,0x20,
    0x20,0x76,0x65,0x63,0x32,0x20,0x70,0x61,0x72,0x61,0x6d,0x20,0x3d,0x20,0x70,0x6f,
    0x73,0x3b,0x0a,0x20,0x20,0x20,0x20,0x76,0x65,0x63,0x32,0x20,0x70,0x61,0x72,0x61,
    0x6d,0x5f,0x31,0x20,0x3d,0x20,0x76,0x65,0x63,0x32,0x28,0x2d,0x32,0x2e,0x30,0x2c,
    0x20,0x6f,0x66,0x66,0x29,0x3b,0x0a,0x20,0x20,0x20,0x20,0x76,0x65,0x63,0x33,0x20,
    0x5f,0x32,0x38,0x33,0x20,0x3d,0x20,0x46,0x65,0x74,0x63,0x68,0x28,0x70,0x61,0x72,
    0x61,0x6d,0x2c,0x20,0x70,0x61,0x72,0x61,0x6d,0x5f,0x31,0x29,0x3b,0x0a,0x20,0x20,
    0x20,0x20,0x76,0x65,0x63,0x32,0x20,0x70,0x61,0x72,0x61,0x6d,0x5f,0x32,0x20,0x3d,
    0x20,0x70,0x6f,0x73,0x3b,0x0a,0x20,0x20,0x20,0x20,0x76,0x65,0x63,0x32,0x20,0x70,
    0x61,0x72,0x61,0x6d,0x5f,0x33,0x20,0x3d,0x20,0x76,0x65,0x63,0x32,0x28,0x2d,0x31,
    0x2e,0x30,0x2c,0x20,0x6f,0x66,0x66,0x29,0x3b,0x0a,0x20,0x20,0x20,0x20,0x76,0x65,
    0x63,0x33,0x20,0x5f,0x32,0x39,0x30,0x20,0x3d,0x20,0x46,0x65,0x74,0x63,0x68,0x28,
    0x70,0x61,0x72,0x61,0x6d,0x5f,0x32,0x2c,0x20,0x70,0x61,0x72,0x61,0x6d,0x5f,0x33,
    0x29,0x3b,0x0a,0x20,0x20,0x20,0x20,0x76,0x65,0x63,0x32,0x20,0x70,0x61,0x72,0x61,
    0x6d,0x5f,0x34,0x20,0x3d,0x20,0x70,0x6f,0x73,0x3b,0x0a,0x20,0x20,0x20,0x20,0x76,
    0x65,0x63,0x32,0x20,0x70,0x61,0x72,0x61,0x6d,0x5f,0x35,0x20,0x3d,0x20,0x76,0x65,
    0x63,0x32,0x28,0x30,0x2e,0x30,0x2c,0x20,0x6f,0x66,0x66,0x29,0x3b,0x0a,0x20,0x20,
    0x20,0x20,0x76,0x65,0x63,0x33,0x20,0x5f,0x32,0x39,0x37,0x20,0x3d,0x20,0x46,0x65,
    0x74,0x63,0x68,0x28,0x70,0x61,0x72,0x61,0x6d,0x5f,0x34,0x2c,0x20,0x70,0x61,0x72,
    0x61,0x6d,0x5f,0x35,0x29,0x3b,0x0a,0x20,0x20,0x20,0x20,0x76,0x65,0x63,0x32,0x20,
    0x70,0x61,0x72,0x61,0x6d,0x5f,0x36,0x20,0x3d,0x20,0x70,0x6f,0x73,0x3b,0x0a,0x20,
    0x20,0x20,0x20,0x76,0x65,0x63,0x32,0x20,0x70,0x61,0x72,0x61,0x6d,0x5f,0x37,0x20,
    0x3d,0x20,0x76,0x65,0x63,0x32,0x28,0x31,0x2e,0x30,0x2c,0x20,0x6f,0x66,0x66,0x29,
    0x3b,0x0a,0x20,0x20,0x20,0x20,0x76,0x65,0x63,0x33,0x20,0x5f,0x33,0x30,0x34,0x20,
    0x3d,0x20,0x46,0x65,0x74,0x63,0x68,0x28,0x70,0x61,0x72,0x61,0x6d,0x5f,0x36,0x2c,
    0x20,0x70,0x61,0x72,0x61,0x6d,0x5f,0x37,0x29,0x3b,0x0a,0x20,0x20,0x20,0x20,0x76,
    0x65,0x63,0x32,0x20,0x70,0x61,0x72,0x61,0x6d,0x5f,0x38,0x20,0x3d,0x20,0x70,0x6f,
    0x73,0x3b,0x0a,0x20,0x20,0x20,0x20,0x76,0x65,0x63,0x32,0x20,0x70,0x61,0x72,0x61,
    0x6d,0x5f,0x39,0x20,0x3d,0x20,0x76,0x65,0x63,0x32,0x28,0x32,0x2e,0x30,0x2c,0x20,
    0x6f,0x66,0x66,0x29,0x3b,0x0a,0x20,0x20,0x20,0x20,0x76,0x65,0x63,0x33,0x20,0x5f,
    0x33,0x31,0x32,0x20,0x3d,0x20,0x46,0x65,0x74,0x63,0x68,0x28,0x70,0x61,0x72,0x61,
    0x6d,0x5f,0x38,0x2c,0x20,0x70,0x61,0x72,0x61,0x6d,0x5f,0x39,0x29,0x3b,0x0a,0x20,
    0x20,0x20,0x20,0x76,0x65,0x63,0x32,0x20,0x70,0x61,0x72,0x61,0x6d,0x5f,0x31,0x30,
    0x20,0x3d,0x20,0x70,0x6f,0x73,0x3b,0x0a,0x20,0x20,0x20,0x20,0x76,0x65,0x63,0x32,
    0x20,0x5f,0x33,0x31,0x36,0x20,0x3d,0x20,0x44,0x69,0x73,0x74,0x28,0x70,0x61,0x72,
    0x61,0x6d,0x5f,0x31,0x30,0x29,0x3b,0x0a,0x20,0x20,0x20,0x20,0x66,0x6c,0x6f,0x61,
    0x74,0x20,0x70,0x61,0x72,0x61,0x6d,0x5f,0x31,0x31,0x20,0x3d,0x20,0x5f,0x33,0x31,
    0x36,0x2e,0x78,0x20,0x2d,0x20,0x32,0x2e,0x30,0x3b,0x0a,0x20,0x20,0x20,0x20,0x66,
    0x6c,0x6f,0x61,0x74,0x20,0x70,0x61,0x72,0x61,0x6d,0x5f,0x31,0x32,0x20,0x3d,0x20,
    0x68,0x61,0x72,0x64,0x50,0x69,0x78,0x3b,0x0a,0x20,0x20,0x20,0x20,0x66,0x6c,0x6f,
    0x61,0x74,0x20,0x5f,0x33,0x32,0x36,0x20,0x3d,0x20,0x47,0x61,0x75,0x73,0x28,0x70,
    0x61,0x72,0x61,0x6d,0x5f,0x31,0x31,0x2c,0x20,0x70,0x61,0x72,0x61,0x6d,0x5f,0x31,
    0x32,0x29,0x3b,0x0a,0x20,0x20,0x20,0x20,0x66,0x6c,0x6f,0x61,0x74,0x20,0x70,0x61,
    0x72,0x61,0x6d,0x5f,0x31,0x33,0x20,0x3d,0x20,0x5f,0x33,0x31,0x36,0x2e,0x78,0x20,
    0x2d,0x20,0x31,0x2e,0x30,0x3b,0x0a,0x20,0x20,0x20,0x20,0x66,0x6c,0x6f,0x61,0x74,
    0x20,0x70,0x61,0x72,0x61,0x6d,0x5f,0x31,0x34,0x20,0x3d,0x20,0x68,0x61,0x72,0x64,
    0x50,0x69,0x78,0x3b,0x0a,0x20,0x20,0x20,0x20,0x66,0x6c,0x6f,0x61,0x74,0x20,0x5f,
    0x33,0x33,0x33,0x20,0x3d,0x20,0x47,0x61,0x75,0x73,0x28,0x70,0x61,0x72,0x61,0x6d,
    0x5f,0x31,0x33,0x2c,0x20,0x70,0x61,0x72,0x61,0x6d,0x5f,0x31,0x34,0x29,0x3b,0x0a,
    0x20,0x20,0x20,0x20,0x66,0x6c,0x6f,0x61,0x74,0x20,0x70,0x61,0x72,0x61,0x6d,0x5f,
    0x31,0x35,0x20,0x3d,0x20,0x5f,0x33,0x31,0x36,0x2e,0x78,0x3b,0x0a,0x20,0x20,0x20,
    0x20,0x66,0x6c,0x6f,0x61,0x74,0x20,0x70,0x61,0x72,0x61,0x6d,0x5f,0x31,0x36,0x20,
    0x3d,0x20,0x68,0x61,0x72,0x64,0x50,0x69,0x78,0x3b,0x0a,0x20,0x20,0x20,0x20,0x66,
    0x6c,0x6f,0x61,0x74,0x20,0x5f,0x33,0x34,0x30,0x20,0x3d,0x20,0x47,0x61,0x75,0x73,
    0x28,0x70,0x61,0x72,0x61,0x6d,0x5f,0x31,0x35,0x2c,0x20,0x70,0x61,0x72,0x61,0x6d,
    0x5f,0x31,0x36,0x29,0x3b,0x0a,0x20,0x20,0x20,0x20,0x66,0x6c,0x6f,0x61,0x74,0x20,
    0x70,0x61,0x72,0x61,0x6d,0x5f,0x31,0x37,0x20,0x3d,0x20,0x5f,0x33,0x31,0x36,0x2e,
    0x78,0x20,0x2b,0x20,0x31,0x2e,0x30,0x3b,0x0a,0x20,0x20,0x20,0x20,0x66,0x6c,0x6f,
    0x61,0x74,0x20,0x70,0x61,0x72,0x61,0x6d,0x5f,0x31,0x38,0x20,0x3d,0x20,0x68,0x61,
    0x72,0x64,0x50,0x69,0x78,0x3b,0x0a,0x20,0x20,0x20,0x20,0x66,0x6c,0x6f,0x61,0x74,
    0x20,0x5f,0x33,0x34,0x37,0x20,0x3d,0x20,0x47,0x61,0x75,0x73,0x28,0x70,0x61,0x72,
    0x61,0x6d,0x5f,0x31,0x37,0x2c,0x20,0x70,0x61,0x72,0x61,0x6d,0x5f,0x31,0x38,0x29,
    0x3b,0x0a,0x20,0x20,0x20,0x20,0x66,0x6c,0x6f,0x61,0x74,0x20,0x70,0x61,0x72,0x61,
    0x6d,0x5f,0x31,0x39,0x20,0x3d,0x20,0x5f,0x33,0x31,0x36,0x2e,0x78,0x20,0x2b,0x20,
    0x32,0x2e,0x30,0x3b,0x0a,0x20,0x20,0x20,0x20,0x66,0x6c,0x6f,0x61,0x74,0x20,0x70,
    0x61,0x72,0x61,0x6d,0x5f,0x32,0x30,0x20,0x3d,0x20,0x68,0x61,0x72,0x64,0x50,0x69,
    0x78,0x3b,0x0a,0x20,0x20,0x20,0x20,0x66,0x6c,0x6f,0x61,0x74,0x20,0x5f,0x33,0x35,
    0x34,0x20,0x3d,0x20,0x47,0x61,0x75,0x73,0x28,0x70,0x61,0x72,0x61,0x6d,0x5f,0x31,
    0x39,0x2c,0x20,0x70,0x61,0x72,0x61,0x6d,0x5f,0x32,0x30,0x29,0x3b,0x0a,0x20,0x20,
    0x20,0x20,0x72,0x65,0x74,0x75,0x72,0x6e,0x20,0x28,0x28,0x28,0x28,0x28,0x5f,0x32,
    0x38,0x33,0x20,0x2a,0x20,0x5f,0x33,0x32,0x36,0x29,0x20,0x2b,0x20,0x28,0x5f,0x32,
    0x39,0x30,0x20,0x2a,0x20,0x5f,0x33,0x33,0x33,0x29,0x29,0x20,0x2b,0x20,0x28,0x5f,
    0x32,0x39,0x37,0x20,0x2a,0x20,0x5f,0x33,0x34,0x30,0x29,0x29,0x20,0x2b,0x20,0x28,
    0x5f,0x33,0x30,0x34,0x20,0x2a,0x20,0x5f,0x33,0x34,0x37,0x29,0x29,0x20,0x2b,0x20,
    0x28,0x5f,0x33,0x31,0x32,0x20,0x2a,0x20,0x5f,0x33,0x35,0x34,0x29,0x29,0x20,0x2f,
    0x20,0x76,0x65,0x63,0x33,0x28,0x28,0x28,0x28,0x5f,0x33,0x32,0x36,0x20,0x2b,0x20,
    0x5f,0x33,0x33,0x33,0x29,0x20,0x2b,0x20,0x5f,0x33,0x34,0x30,0x29,0x20,0x2b,0x20,
    0x5f,0x33,0x34,0x37,0x29,0x20,0x2b,0x20,0x5f,0x33,0x35,0x34,0x29,0x3b,0x0a,0x7d,
    0x0a,0x0a,0x66,0x6c,0x6f,0x61,0x74,0x20,0x53,0x63,0x61,0x6e,0x28,0x76,0x65,0x63,
    0x32,0x20,0x70,0x6f,0x73,0x2c,0x20,0x66,0x6c,0x6f,0x61,0x74,0x20,0x6f,0x66,0x66,
    0x29,0x0a,0x7b,0x0a,0x20,0x20,0x20,0x20,0x76,0x65,0x63,0x32,0x20,0x70,0x61,0x72,
    0x61,0x6d,0x20,0x3d,0x20,0x70,0x6f,0x73,0x3b,0x0a,0x20,0x20,0x20,0x20,0x76,0x65,
    0x63,0x32,0x20,0x5f,0x33,0x39,0x30,0x20,0x3d,0x20,0x44,0x69,0x73,0x74,0x28,0x70,
    0x61,0x72,0x61,0x6d,0x29,0x3b,0x0a,0x20,0x20,0x20,0x20,0x66,0x6c,0x6f,0x61,0x74,
    0x20,0x70,0x61,0x72,0x61,0x6d,0x5f,0x31,0x20,0x3d,0x20,0x5f,0x33,0x39,0x30,0x2e,
    0x79,0x20,0x2b,0x20,0x6f,0x66,0x66,0x3b,0x0a,0x20,0x20,0x20,0x20,0x66,0x6c,0x6f,
    0x61,0x74,0x20,0x70,0x61,0x72,0x61,0x6d,0x5f,0x32,0x20,0x3d,0x20,0x68,0x61,0x72,
    0x64,0x53,0x63,0x61,0x6e,0x3b,0x0a,0x20,0x20,0x20,0x20,0x72,0x65,0x74,0x75,0x72,
    0x6e,0x20,0x47,0x61,0x75,0x73,0x28,0x70,0x61,0x72,0x61,0x6d,0x5f,0x31,0x2c,0x20,
    0x70,0x61,0x72,0x61,0x6d,0x5f,0x32,0x29,0x3b,0x0a,0x7d,0x0a,0x0a,0x76,0x65,0x63,
    0x33,0x20,0x54,0x72,0x69,0x28,0x76,0x65,0x63,0x32,0x20,0x70,0x6f,0x73,0x29,0x0a,
    0x7b,0x0a,0x20,0x20,0x20,0x20,0x76,0x65,0x63,0x32,0x20,0x70,0x61,0x72,0x61,0x6d,
    0x20,0x3d,0x20,0x70,0x6f,0x73,0x3b,0x0a,0x20,0x20,0x20,0x20,0x66,0x6c,0x6f,0x61,
    0x74,0x20,0x70,0x61,0x72,0x61,0x6d,0x5f,0x31,0x20,0x3d,0x20,0x2d,0x31,0x2e,0x30,
    0x3b,0x0a,0x20,0x20,0x20,0x20,0x76,0x65,0x63,0x32,0x20,0x70,0x61,0x72,0x61,0x6d,
    0x5f,0x32,0x20,0x3d,0x20,0x70,0x6f,0x73,0x3b,0x0a,0x20,0x20,0x20,0x20,0x66,0x6c,
    0x6f,0x61,0x74,0x20,0x70,0x61,0x72,0x61,0x6d,0x5f,0x33,0x20,0x3d,0x20,0x30,0x2e,
    0x30,0x3b,0x0a,0x20,0x20,0x20,0x20,0x76,0x65,0x63,0x32,0x20,0x70,0x61,0x72,0x61,
    0x6d,0x5f,0x34,0x20,0x3d,0x20,0x70,0x6f,0x73,0x3b,0x0a,0x20,0x20,0x20,0x20,0x66,
    0x6c,0x6f,0x61,0x74,0x20,0x70,0x61,0x72,0x61,0x6d,0x5f,0x35,0x20,0x3d,0x20,0x31,
    0x2e,0x30,0x3b,0x0a,0x20,0x20,0x20,0x20,0x76,0x65,0x63,0x32,0x20,0x70,0x61,0x72,
    0x61,0x6d,0x5f,0x36,0x20,0x3d,0x20,0x70,0x6f,0x73,0x3b,0x0a,0x20,0x20,0x20,0x20,
    0x66,0x6c,0x6f,0x61,0x74,0x20,0x70,0x61,0x72,0x61,0x6d,0x5f,0x37,0x20,0x3d,0x20,
    0x2d,0x31,0x2e,0x30,0x3b,0x0a,0x20,0x20,0x20,0x20,0x76,0x65,0x63,0x32,0x20,0x70,
    0x61,0x72,0x61,0x6d,0x5f,0x38,0x20,0x3d,0x20,0x70,0x6f,0x73,0x3b,0x0a,0x20,0x20,
    0x20,0x20,0x66,0x6c,0x6f,0x61,0x74,0x20,0x70,0x61,0x72,0x61,0x6d,0x5f,0x39,0x20,
    0x3d,0x20,0x30,0x2e,0x30,0x3b,0x0a,0x20,0x20,0x20,0x20,0x76,0x65,0x63,0x32,0x20,
    0x70,0x61,0x72,0x61,0x6d,0x5f,0x31,0x30,0x20,0x3d,0x20,0x70,0x6f,0x73,0x3b,0x0a,
    0x20,0x20,0x20,0x20,0x66,0x6c,0x6f,0x61,0x74,0x20,0x70,0x61,0x72,0x61,0x6d,0x5f,
    0x31,0x31,0x20,0x3d,0x20,0x31,0x2e,0x30,0x3b,0x0a,0x20,0x20,0x20,0x20,0x72,0x65,
    0x74,0x75,0x72,0x6e,0x20,0x28,0x28,0x48,0x6f,0x72,0x7a,0x33,0x28,0x70,0x61,0x72,
    0x61,0x6d,0x2c,0x20,0x70,0x61,0x72,0x61,0x6d,0x5f,0x31,0x29,0x20,0x2a,0x20,0x53,
    0x63,0x61,0x6e,0x28,0x70,0x61,0x72,0x61,0x6d,0x5f,0x36,0x2c,0x20,0x70,0x61,0x72,
    0x61,0x6d,0x5f,0x37,0x29,0x29,0x20,0x2b,0x20,0x28,0x48,0x6f,0x72,0x7a,0x35,0x28,
    0x70,0x61,0x72,0x61,0x6d,0x5f,0x32,0x2c,0x20,0x70,0x61,0x72,0x61,0x6d,0x5f,0x33,
    0x29,0x20,0x2a,0x20,0x53,0x63,0x61,0x6e,0x28,0x70,0x61,0x72,0x61,0x6d,0x5f,0x38,
    0x2c,0x20,0x70,0x61,0x72,0x61,0x6d,0x5f,0x39,0x29,0x29,0x29,0x20,0x2b,0x20,0x28,
    0x48,0x6f,0x72,0x7a,0x33,0x28,0x70,0x61,0x72,0x61,0x6d,0x5f,0x34,0x2c,0x20,0x70,
    0x61,0x72,0x61,0x6d,0x5f,0x35,0x29,0x20,0x2a,0x20,0x53,0x63,0x61,0x6e,0x28,0x70,
    0x61,0x72,0x61,0x6d,0x5f,0x31,0x30,0x2c,0x20,0x70,0x61,0x72,0x61,0x6d,0x5f,0x31,
    0x31,0x29,0x29,0x3b,0x0a,0x7d,0x0a,0x0a,0x76,0x65,0x63,0x33,0x20,0x4d,0x61,0x73,
    0x6b,0x28,0x69,0x6e,0x6f,0x75,0x74,0x20,0x76,0x65,0x63,0x32,0x20,0x70,0x6f,0x73,
    0x29,0x0a,0x7b,0x0a,0x20,0x20,0x20,0x20,0x70,0x6f,0x73,0x2e,0x78,0x20,0x2b,0x3d,
    0x20,0x28,0x70,0x6f,0x73,0x2e,0x79,0x20,0x2a,0x20,0x33,0x2e,0x30,0x29,0x3b,0x0a,
    0x20,0x20,0x20,0x20,0x76,0x65,0x63,0x33,0x20,0x6d,0x61,0x73,0x6b,0x20,0x3d,0x20,
    0x76,0x65,0x63,0x33,0x28,0x6d,0x61,0x73,0x6b,0x44,0x61,0x72,0x6b,0x29,0x3b,0x0a,
    0x20,0x20,0x20,0x20,0x70,0x6f,0x73,0x2e,0x78,0x20,0x3d,0x20,0x66,0x72,0x61,0x63,
    0x74,0x28,0x70,0x6f,0x73,0x2e,0x78,0x20,0x2a,0x20,0x30,0x2e,0x31,0x36,0x36,0x36,
    0x36,0x36,0x36,0x37,0x31,0x36,0x33,0x33,0x37,0x32,0x30,0x33,0x39,0x37,0x39,0x34,
    0x39,0x32,0x31,0x38,0x37,0x35,0x29,0x3b,0x0a,0x20,0x20,0x20,0x20,0x69,0x66,0x20,
    0x28,0x70,0x6f,0x73,0x2e,0x78,0x20,0x3c,0x20,0x30,0x2e,0x33,0x33,0x33,0x30,0x30,
    0x30,0x30,0x30,0x34,0x32,0x39,0x31,0x35,0x33,0x34,0x34,0x32,0x33,0x38,0x32,0x38,
    0x31,0x32,0x35,0x29,0x0a,0x20,0x20,0x20,0x20,0x7b,0x0a,0x20,0x20,0x20,0x20,0x20,
    0x20,0x20,0x20,0x76,0x65,0x63,0x33,0x20,0x5f,0x35,0x35,0x30,0x20,0x3d,0x20,0x6d,
    0x61,0x73,0x6b,0x3b,0x0a,0x20,0x20,0x20,0x20,0x20,0x20,0x20,0x20,0x5f,0x35,0x35,
    0x30,0x2e,0x78,0x20,0x3d,0x20,0x6d,0x61,0x73,0x6b,0x4c,0x69,0x67,0x68,0x74,0x3b,
    0x0a,0x20,0x20,0x20,0x20,0x20,0x20,0x20,0x20,0x6d,0x61,0x73,0x6b,0x20,0x3d,0x20,
    0x5f,0x35,0x35,0x30,0x3b,0x0a,0x20,0x20,0x20,0x20,0x7d,0x0a,0x20,0x20,0x20,0x20,
    0x65,0x6c,0x73,0x65,0x0a,0x20,0x20,0x20,0x20,0x7b,0x0a,0x20,0x20,0x20,0x20,0x20,
    0x20,0x20,0x20,0x69,0x66,0x20,0x28,0x70,0x6f,0x73,0x2e,0x78,0x20,0x3c,0x20,0x30,
    0x2e,0x36,0x36,0x36,0x30,0x30,0x30,0x30,0x30,0x38,0x35,0x38,0x33,0x30,0x36,0x38,
    0x38,0x34,0x37,0x36,0x35,0x36,0x32,0x35,0x29,0x0a,0x20,0x20,0x20,0x20,0x20,0x20,
    0x20,0x20,0x7b,0x0a,0x20,0x20,0x20,0x20,0x20,0x20,0x20,0x20,0x20,0x20,0x20,0x20,
    0x76,0x65,0x63,0x33,0x20,0x5f,0x35,0x35,0x32,0x20,0x3d,0x20,0x6d,0x61,0x73,0x6b,
    0x3b,0x0a,0x20,0x20,0x20,0x20,0x20,0x20,0x20,0x20,0x20,0x20,0x20,0x20,0x5f,0x35,
    0x35,0x32,0x2e,0x79,0x20,0x3d,0x20,0x6d,0x61,0x73,0x6b,0x4c,0x69,0x67,0x68,0x74,
    0x3b,0x0a,0x20,0x20,0x20,0x20,0x20,0x20,0x20,0x20,0x20,0x20,0x20,0x20,0x6d,0x61,
    0x73,0x6b,0x20,0x3d,0x20,0x5f,0x35,0x35,0x32,0x3b,0x0a,0x20,0x20,0x20,0x20,0x20,
    0x20,0x20,0x20,0x7d,0x0a,0x20,0x20,0x20,0x20,0x20,0x20,0x20,0x20,0x65,0x6c,0x73,
    0x65,0x0a,0x20,0x20,0x20,0x20,0x20,0x20,0x20,0x20,0x7b,0x0a,0x20,0x20,0x20,0x20,
    0x20,0x20,0x20,0x20,0x20,0x20,0x20,0x20,0x76,0x65,0x63,0x33,0x20,0x5f,0x35,0x35,
    0x34,0x20,0x3d,0x20,0x6d,0x61,0x73,0x6b,0x3b,0x0a,0x20,0x20,0x20,0x20,0x20,0x20,
    0x20,0x20,0x20,0x20,0x20,0x20,0x5f,0x35,0x35,0x34,0x2e,0x7a,0x20,0x3d,0x20,0x6d,
    0x61,0x73,0x6b,0x4c,0x69,0x67,0x68,0x74,0x3b,0x0a,0x20,0x20,0x20,0x20,0x20,0x20,
    0x20,0x20,0x20,0x20,0x20,0x20,0x6d,0x61,0x73,0x6b,0x20,0x3d,0x20,0x5f,0x35,0x35,
    0x34,0x3b,0x0a,0x20,0x20,0x20,0x20,0x20,0x20,0x20,0x20,0x7d,0x0a,0x20,0x20,0x20,
    0x20,0x7d,0x0a,0x20,0x20,0x20,0x20,0x72,0x65,0x74,0x75,0x72,0x6e,0x20,0x6d,0x61,
    0x73,0x6b,0x3b,0x0a,0x7d,0x0a,0x0a,0x66,0x6c,0x6f,0x61,0x74,0x20,0x54,0x6f,0x53,
    0x72,0x67,0x62,0x31,0x28,0x66,0x6c,0x6f,0x61,0x74,0x20,0x63,0x29,0x0a,0x7b,0x0a,
    0x20,0x20,0x20,0x20,0x66,0x6c,0x6f,0x61,0x74,0x20,0x5f,0x31,0x32,0x35,0x3b,0x0a,
    0x20,0x20,0x20,0x20,0x69,0x66,0x20,0x28,0x63,0x20,0x3c,0x20,0x30,0x2e,0x30,0x30,
    0x33,0x31,0x33,0x30,0x38,0x30,0x30,0x30,0x39,0x30,0x37,0x33,0x30,0x31,0x39,0x30,
    0x32,0x37,0x37,0x30,0x39,0x39,0x36,0x30,0x39,0x33,0x37,0x35,0x29,0x0a,0x20,0x20,
    0x20,0x20,0x7b,0x0a,0x20,0x20,0x20,0x20,0x20,0x20,0x20,0x20,0x5f,0x31,0x32,0x35,
    0x20,0x3d,0x20,0x63,0x20,0x2a,0x20,0x31,0x32,0x2e,0x39,0x32,0x30,0x30,0x30,0x30,
    0x30,0x37,0x36,0x32,0x39,0x33,0x39,0x34,0x35,0x33,0x31,0x32,0x35,0x3b,0x0a,0x20,
    0x20,0x20,0x20,0x7d,0x0a,0x20,0x20,0x20,0x20,0x65,0x6c,0x73,0x65,0x0a,0x20,0x20,
    0x20,0x20,0x7b,0x0a,0x20,0x20,0x20,0x20,0x20,0x20,0x20,0x20,0x5f,0x31,0x32,0x35,
    0x20,0x3d,0x20,0x28,0x31,0x2e,0x30,0x35,0x34,0x39,0x39,0x39,0x39,0x34,0x37,0x35,
    0x34,0x37,0x39,0x31,0x32,0x35,0x39,0x37,0x36,0x35,0x36,0x32,0x35,0x20,0x2a,0x20,
    0x70,0x6f,0x77,0x28,0x63,0x2c,0x20,0x30,0x2e,0x34,0x31,0x36,0x36,0x36,0x30,0x30,
    0x31,0x30,0x38,0x31,0x34,0x36,0x36,0x36,0x37,0x34,0x38,0x30,0x34,0x36,0x38,0x37,
    0x35,0x29,0x29,0x20,0x2d,0x20,0x30,0x2e,0x30,0x35,0x34,0x39,0x39,0x39,0x39,0x39,
    0x39,0x37,0x30,0x31,0x39,0x37,0x36,0x37,0x37,0x36,0x31,0x32,0x33,0x30,0x34,0x36,
    0x38,0x37,0x35,0x3b,0x0a,0x20,0x20,0x20,0x20,0x7d,0x0a,0x20,0x20,0x20,0x20,0x72,
    0x65,0x74,0x75,0x72,0x6e,0x20,0x5f,0x31,0x32,0x35,0x3b,0x0a,0x7d,0x0a,0x0a,0x76,
    0x65,0x63,0x33,0x20,0x54,0x6f,0x53,0x72,0x67,0x62,0x28,0x76,0x65,0x63,0x33,0x20,
    0x63,0x29,0x0a,0x7b,0x0a,0x20,0x20,0x20,0x20,0x66,0x6c,0x6f,0x61,0x74,0x20,0x70,
    0x61,0x72,0x61,0x6d,0x20,0x3d,0x20,0x63,0x2e,0x78,0x3b,0x0a,0x20,0x20,0x20,0x20,
    0x66,0x6c,0x6f,0x61,0x74,0x20,0x70,0x61,0x72,0x61,0x6d,0x5f,0x31,0x20,0x3d,0x20,
    0x63,0x2e,0x79,0x3b,0x0a,0x20,0x20,0x20,0x20,0x66,0x6c,0x6f,0x61,0x74,0x20,0x70,
    0x61,0x72,0x61,0x6d,0x5f,0x32,0x20,0x3d,0x20,0x63,0x2e,0x7a,0x3b,0x0a,0x20,0x20,
    0x20,0x20,0x72,0x65,0x74,0x75,0x72,0x6e,0x20,0x76,0x65,0x63,0x33,0x28,0x54,0x6f,
    0x53,0x72,0x67,0x62,0x31,0x28,0x70,0x61,0x72,0x61,0x6d,0x29,0x2c,0x20,0x54,0x6f,
    0x53,0x72,0x67,0x62,0x31,0x28,0x70,0x61,0x72,0x61,0x6d,0x5f,0x31,0x29,0x2c,0x20,
    0x54,0x6f,0x53,0x72,0x67,0x62,0x31,0x28,0x70,0x61,0x72,0x61,0x6d,0x5f,0x32,0x29,
    0x29,0x3b,0x0a,0x7d,0x0a,0x0a,0x76,0x6f,0x69,0x64,0x20,0x6d,0x61,0x69,0x6e,0x28,
    0x29,0x0a,0x7b,0x0a,0x20,0x20,0x20,0x20,0x72,0x65,0x73,0x20,0x3d,0x20,0x76,0x65,
    0x63,0x32,0x28,0x32,0x35,0x36,0x2e,0x30,0x2c,0x20,0x31,0x34,0x34,0x2e,0x30,0x29,
    0x3b,0x0a,0x20,0x20,0x20,0x20,0x68,0x61,0x72,0x64,0x53,0x63,0x61,0x6e,0x20,0x3d,
    0x20,0x2d,0x38,0x2e,0x30,0x3b,0x0a,0x20,0x20,0x20,0x20,0x68,0x61,0x72,0x64,0x50,
    0x69,0x78,0x20,0x3d,0x20,0x2d,0x33,0x2e,0x30,0x3b,0x0a,0x20,0x20,0x20,0x20,0x77,
    0x61,0x72,0x70,0x20,0x3d,0x20,0x76,0x65,0x63,0x32,0x28,0x30,0x2e,0x30,0x31,0x35,
    0x36,0x32,0x35,0x2c,0x20,0x30,0x2e,0x30,0x32,0x30,0x38,0x33,0x33,0x33,0x33,0x33,
    0x39,0x35,0x34,0x32,0x31,0x35,0x30,0x34,0x39,0x37,0x34,0x33,0x36,0x35,0x32,0x33,
    0x34,0x33,0x37,0x35,0x29,0x3b,0x0a,0x20,0x20,0x20,0x20,0x6d,0x61,0x73,0x6b,0x44,
    0x61,0x72,0x6b,0x20,0x3d,0x20,0x30,0x2e,0x35,0x3b,0x0a,0x20,0x20,0x20,0x20,0x6d,
    0x61,0x73,0x6b,0x4c,0x69,0x67,0x68,0x74,0x20,0x3d,0x20,0x31,0x2e,0x35,0x3b,0x0a,
    0x20,0x20,0x20,0x20,0x68,0x61,0x72,0x64,0x53,0x63,0x61,0x6e,0x20,0x3d,0x20,0x2d,
    0x31,0x32,0x2e,0x30,0x3b,0x0a,0x20,0x20,0x20,0x20,0x76,0x65,0x63,0x32,0x20,0x70,
    0x61,0x72,0x61,0x6d,0x20,0x3d,0x20,0x70,0x6f,0x73,0x5f,0x6f,0x75,0x74,0x3b,0x0a,
    0x20,0x20,0x20,0x20,0x76,0x65,0x63,0x32,0x20,0x5f,0x35,0x33,0x34,0x20,0x3d,0x20,
    0x57,0x61,0x72,0x70,0x28,0x70,0x61,0x72,0x61,0x6d,0x29,0x3b,0x0a,0x20,0x20,0x20,
    0x20,0x76,0x65,0x63,0x32,0x20,0x70,0x61,0x72,0x61,0x6d,0x5f,0x31,0x20,0x3d,0x20,
    0x5f,0x35,0x33,0x34,0x3b,0x0a,0x20,0x20,0x20,0x20,0x76,0x65,0x63,0x32,0x20,0x70,
    0x61,0x72,0x61,0x6d,0x5f,0x32,0x20,0x3d,0x20,0x76,0x65,0x63,0x32,0x28,0x67,0x6c,
    0x5f,0x46,0x72,0x61,0x67,0x43,0x6f,0x6f,0x72,0x64,0x2e,0x78,0x2c,0x20,0x61,0x62,
    0x73,0x28,0x79,0x5f,0x6f,0x72,0x69,0x67,0x69,0x6e,0x5f,0x6f,0x75,0x74,0x20,0x2d,
    0x20,0x67,0x6c,0x5f,0x46,0x72,0x61,0x67,0x43,0x6f,0x6f,0x72,0x64,0x2e,0x79,0x29,
    0x29,0x3b,0x0a,0x20,0x20,0x20,0x20,0x76,0x65,0x63,0x33,0x20,0x5f,0x35,0x33,0x39,
    0x20,0x3d,0x20,0x4d,0x61,0x73,0x6b,0x28,0x70,0x61,0x72,0x61,0x6d,0x5f,0x32,0x29,
    0x3b,0x0a,0x20,0x20,0x20,0x20,0x76,0x65,0x63,0x33,0x20,0x70,0x61,0x72,0x61,0x6d,
    0x5f,0x33,0x20,0x3d,0x20,0x54,0x72,0x69,0x28,0x70,0x61,0x72,0x61,0x6d,0x5f,0x31,
    0x29,0x20,0x2a,0x20,0x5f,0x35,0x33,0x39,0x3b,0x0a,0x20,0x20,0x20,0x20,0x66,0x72,
    0x61,0x67,0x5f,0x63,0x6f,0x6c,0x6f,0x72,0x20,0x3d,0x20,0x76,0x65,0x63,0x34,0x28,
    0x54,0x6f,0x53,0x72,0x67,0x62,0x28,0x70,0x61,0x72,0x61,0x6d,0x5f,0x33,0x29,0x2c,
    0x20,0x31,0x2e,0x30,0x29,0x3b,0x0a,0x7d,0x0a,0x0a,0x00,
};
#endif
/*
    #version 300 es

    uniform vec4 crt_params[2];
    layout(location = 0) in vec2 pos;
    out vec2 pos_out;
    out float y_origin_out;

    void main()
    {
        vec2 _36 = (((crt_params[0].xy + (pos * crt_params[0].zw)) / crt_params[1].xy) * 2.0) - vec2(1.0);
        gl_Position = vec4(_36.x, -_36.y, 0.0, 1.0);
        pos_out = pos;
        y_origin_out = crt_params[1].z;
    }

*/
#if defined(SOKOL_GLES3)
static const uint8_t crt_vs_source_glsl300es[347] = {
    0x23,0x76,0x65,0x72,0x73,0x69,0x6f,0x6e,0x20,0x33,0x30,0x30,0x20,0x65,0x73,0x0a,
    0x0a,0x75,0x6e,0x69,0x66,0x6f,0x72,0x6d,0x20,0x76,0x65,0x63,0x34,0x20,0x63,0x72,
    0x74,0x5f,0x70,0x61,0x72,0x61,0x6d,0x73,0x5b,0x32,0x5d,0x3b,0x0a,0x6c,0x61,0x79,
    0x6f,0x75,0x74,0x28,0x6c,0x6f,0x63,0x61,0x74,0x69,0x6f,0x6e,0x20,0x3d,0x20,0x30,
    0x29,0x20,0x69,0x6e,0x20,0x76,0x65,0x63,0x32,0x20,0x70,0x6f,0x73,0x3b,0x0a,0x6f,
    0x75,0x74,0x20,0x76,0x65,0x63,0x32,0x20,0x70,0x6f,0x73,0x5f,0x6f,0x75,0x74,0x3b,
    0x0a,0x6f,0x75,0x74,0x20,0x66,0x6c,0x6f,0x61,0x74,0x20,0x79,0x5f,0x6f,0x72,0x69,
    0x67,0x69,0x6e,0x5f,0x6f,0x75,0x74,0x3b,0x0a,0x0a,0x76,0x6f,0x69,0x64,0x20,0x6d,
    0x61,0x69,0x6e,0x28,0x29,0x0a,0x7b,0x0a,0x20,0x20,0x20,0x20,0x76,0x65,0x63,0x32,
    0x20,0x5f,0x33,0x36,0x20,0x3d,0x20,0x28,0x28,0x28,0x63,0x72,0x74,0x5f,0x70,0x61,
    0x72,0x61,0x6d,0x73,0x5b,0x30,0x5d,0x2e,0x78,0x79,0x20,0x2b,0x20,0x28,0x70,0x6f,
    0x73,0x20,0x2a,0x20,0x63,0x72,0x74,0x5f,0x70,0x61,0x72,0x61,0x6d,0x73,0x5b,0x30,
    0x5d,0x2e,0x7a,0x77,0x29,0x29,0x20,0x2f,0x20,0x63,0x72,0x74,0x5f,0x70,0x61,0x72,
    0x61,0x6d,0x73,0x5b,0x31,0x5d,0x2e,0x78,0x79,0x29,0x20,0x2a,0x20,0x32,0x2e,0x30,
    0x29,0x20,0x2d,0x20,0x76,0x65,0x63,0x32,0x28,0x31,0x2e,0x30,0x29,0x3b,0x0a,0x20,
    0x20,0x20,0x20,0x67,0x6c,0x5f,0x50,0x6f,0x73,0x69,0x74,0x69,0x6f,0x6e,0x20,0x3d,
    0x20,0x76,0x65,0x63,0x34,0x28,0x5f,0x33,0x36,0x2e,0x78,0x2c,0x20,0x2d,0x5f,0x33,
    0x36,0x2e,0x79,0x2c,0x20,0x30,0x2e,0x30,0x2c,0x20,0x31,0x2e,0x30,0x29,0x3b,0x0a,
    0x20,0x20,0x20,0x20,0x70,0x6f,0x73,0x5f,0x6f,0x75,0x74,0x20,0x3d,0x20,0x70,0x6f,
    0x73,0x3b,0x0a,0x20,0x20,0x20,0x20,0x79,0x5f,0x6f,0x72,0x69,0x67,0x69,0x6e,0x5f,
    0x6f,0x75,0x74,0x20,0x3d,0x20,0x63,0x72,0x74,0x5f,0x70,0x61,0x72,0x61,0x6d,0x73,
    0x5b,0x31,0x5d,0x2e,0x7a,0x3b,0x0a,0x7d,0x0a,0x0a,0x00,
};
#endif
/*
    #version 300 es
    precision mediump float;
    precision highp int;

    uniform highp sampler2D tex_smp;

    in highp float y_origin_out;
    in highp vec2 pos_out;
    layout(location = 0) out highp vec4 frag_color;
    highp vec2 res;
    highp float hardScan;
    highp float hardPix;
    highp vec2 warp;
    highp float maskDark;
    highp float maskLight;

    highp vec2 Warp(inout highp vec2 pos)
    {
        pos = (pos * 2.0) - vec2(1.0);
        pos *= vec2(1.0 + ((pos.y * pos.y) * warp.x), 1.0 + ((pos.x * pos.x) * warp.y));
        return (pos * 0.5) + vec2(0.5);
    }

    highp float ToLinear1(highp float c)
    {
        highp float _86;
        if (c <= 0.040449999272823333740234375)
        {
            _86 = c * 0.077399380505084991455078125;
        }
        else
        {
            _86 = pow((c + 0.054999999701976776123046875) * 0.947867333889007568359375, 2.400000095367431640625);
        }
        return _86;
    }

    highp vec3 ToLinear(highp vec3 c)
    {
        highp float param = c.x;
        highp float param_1 = c.y;
        highp float param_2 = c.z;
        return vec3(ToLinear1(param), ToLinear1(param_1), ToLinear1(param_2));
    }

    highp vec3 Fetch(inout highp vec2 pos, highp vec2 off)
    {
        pos = (floor((pos * res) + off) + vec2(0.5)) / res;
        highp vec3 param = texture(tex_smp, pos, -16.0).xyz * 1.2000000476837158203125;
        return ToLinear(param);
    }

    highp vec2 Dist(inout highp vec2 pos)
    {
        pos *= res;
        return vec2(0.5) - (pos - floor(pos));
    }

    highp float Gaus(highp float pos, highp float scale)
    {
        return exp2((scale * pos) * pos);
    }

    highp vec3 Horz3(highp vec2 pos, highp float off)
    {
        highp vec2 param = pos;
        highp vec2 param_1 = vec2(-1.0, off);
        highp vec3 _211 = Fetch(param, param_1);
        highp vec2 param_2 = pos;
        highp vec2 param_3 = vec2(0.0, off);
        highp vec3 _219 = Fetch(param_2, param_3);
        highp vec2 param_4 = pos;
        highp vec2 param_5 = vec2(1.0, off);
        highp vec3 _227 = Fetch(param_4, param_5);
        highp vec2 param_6 = pos;
        highp vec2 _231 = Dist(param_6);
        highp float param_7 = _231.x - 1.0;
        highp float param_8 = hardPix;
        highp float _241 = Gaus(param_7, param_8);
        highp float param_9 = _231.x;
        highp float param_10 = hardPix;
        highp float _248 = Gaus(param_9, param_10);
        highp float param_11 = _231.x + 1.0;
        highp float param_12 = hardPix;
        highp float _255 = Gaus(param_11, param_12);
        return (((_211 * _241) + (_219 * _248)) + (_227 * _255)) / vec3((_241 + _248) + _255);
    }

    highp vec3 Horz5(highp vec2 pos, highp float off)
    {
        highp vec2 param = pos;
        highp vec2 param_1 = vec2(-2.0, off);
        highp vec3 _283 = Fetch(param, param_1);
        highp vec2 param_2 = pos;
        highp vec2 param_3 = vec2(-1.0, off);
        highp vec3 _290 = Fetch(param_2, param_3);
        highp vec2 param_4 = pos;
        highp vec2 param_5 = vec2(0.0, off);
        highp vec3 _297 = Fetch(param_4, param_5);
        highp vec2 param_6 = pos;
        highp vec2 param_7 = vec2(1.0, off);
        highp vec3 _304 = Fetch(param_6, param_7);
        highp vec2 param_8 = pos;
        highp vec2 param_9 = vec2(2.0, off);
        highp vec3 _312 = Fetch(param_8, param_9);
        highp vec2 param_10 = pos;
        highp vec2 _316 = Dist(param_10);
        highp float param_11 = _316.x - 2.0;
        highp float param_12 = hardPix;
        highp float _326 = Gaus(param_11, param_12);
        highp float param_13 = _316.x - 1.0;
        highp float param_14 = hardPix;
        highp float _333 = Gaus(param_13, param_14);
        highp float param_15 = _316.x;
        highp float param_16 = hardPix;
        highp float _340 = Gaus(param_15, param_16);
        highp float param_17 = _316.x + 1.0;
        highp float param_18 = hardPix;
        highp float _347 = Gaus(param_17, param_18);
        highp float param_19 = _316.x + 2.0;
        highp float param_20 = hardPix;
        highp float _354 = Gaus(param_19, param_20);
        return (((((_283 * _326) + (_290 * _333)) + (_297 * _340)) + (_304 * _347)) + (_312 * _354)) / vec3((((_326 + _333) + _340) + _347) + _354);
    }

    highp float Scan(highp vec2 pos, highp float off)
    {
        highp vec2 param = pos;
        highp vec2 _390 = Dist(param);
        highp float param_1 = _390.y + off;
        highp float param_2 = hardScan;
        return Gaus(param_1, param_2);
    }

    highp vec3 Tri(highp vec2 pos)
    {
        highp vec2 param = pos;
        highp float param_1 = -1.0;
        highp vec2 param_2 = pos;
        highp float param_3 = 0.0;
        highp vec2 param_4 = pos;
        highp float param_5 = 1.0;
        highp vec2 param_6 = pos;
        highp float param_7 = -1.0;
        highp vec2 param_8 = pos;
        highp float param_9 = 0.0;
        highp vec2 param_10 = pos;
        highp float param_11 = 1.0;
        return ((Horz3(param, param_1) * Scan(param_6, param_7)) + (Horz5(param_2, param_3) * Scan(param_8, param_9))) + (Horz3(param_4, param_5) * Scan(param_10, param_11));
    }

    highp vec3 Mask(inout highp vec2 pos)
    {
        pos.x += (pos.y * 3.0);
        highp vec3 mask = vec3(maskDark);
        pos.x = fract(pos.x * 0.16666667163372039794921875);
        if (pos.x < 0.333000004291534423828125)
        {
            highp vec3 _550 = mask;
            _550.x = maskLight;
            mask = _550;
        }
        else
        {
            if (pos.x < 0.66600000858306884765625)
            {
                highp vec3 _552 = mask;
                _552.y = maskLight;
                mask = _552;
            }
            else
            {
                highp vec3 _554 = mask;
                _554.z = maskLight;
                mask = _554;
            }
        }
        return mask;
    }

    highp float ToSrgb1(highp float c)
    {
        highp float _125;
        if (c < 0.003130800090730190277099609375)
        {
            _125 = c * 12.9200000762939453125;
        }
        else
        {
            _125 = (1.05499994754791259765625 * pow(c, 0.416660010814666748046875)) - 0.054999999701976776123046875;
        }
        return _125;
    }

    highp vec3 ToSrgb(highp vec3 c)
    {
        highp float param = c.x;
        highp float param_1 = c.y;
        highp float param_2 = c.z;
        return vec3(ToSrgb1(param), ToSrgb1(param_1), ToSrgb1(param_2));
    }

    void main()
    {
        res = vec2(256.0, 144.0);
        hardScan = -8.0;
        hardPix = -3.0;
        warp = vec2(0.015625, 0.02083333395421504974365234375);
        maskDark = 0.5;
        maskLight = 1.5;
        hardScan = -12.0;
        highp vec2 param = pos_out;
        highp vec2 _534 = Warp(param);
        highp vec2 param_1 = _534;
        highp vec2 param_2 = vec2(gl_FragCoord.x, abs(y_origin_out - gl_FragCoord.y));
        highp vec3 _539 = Mask(param_2);
        highp vec3 param_3 = Tri(param_1) * _539;
        frag_color = vec4(ToSrgb(param_3), 1.0);
    }

*/
#if defined(SOKOL_GLES3)
static const uint8_t crt_fs_source_glsl300es[6338] = {
    0x23,0x76,0x65,0x72,0x73,0x69,0x6f,0x6e,0x20,0x33,0x30,0x30,0x20,0x65,0x73,0x0a,
    0x70,0x72,0x65,0x63,0x69,0x73,0x69,0x6f,0x6e,0x20,0x6d,0x65,0x64,0x69,0x75,0x6d,
    0x70,0x20,0x66,0x6c,0x6f,0x61,0x74,0x3b,0x0a,0x70,0x72,0x65,0x63,0x69,0x73,0x69,
    0x6f,0x6e,0x20,0x68,0x69,0x67,0x68,0x70,0x20,0x69,0x6e,0x74,0x3b,0x0a,0x0a,0x75,
    0x6e,0x69,0x66,0x6f,0x72,0x6d,0x20,0x68,0x69,0x67,0x68,0x70,0x20,0x73,0x61,0x6d,
    0x70,0x6c,0x65,0x72,0x32,0x44,0x20,0x74,0x65,0x78,0x5f,0x73,0x6d,0x70,0x3b,0x0a,
    0x0a,0x69,0x6e,0x20,0x68,0x69,0x67,0x68,0x70,0x20,0x66,0x6c,0x6f,0x61,0x74,0x20,
    0x79,0x5f,0x6f,0x72,0x69,0x67,0x69,0x6e,0x5f,0x6f,0x75,0x74,0x3b,0x0a,0x69,0x6e,
    0x20,0x68,0x69,0x67,0x68,0x70,0x20,0x76,0x65,0x63,0x32,0x20,0x70,0x6f,0x73,0x5f,
    0x6f,0x75,0x74,0x3b,0x0a,0x6c,0x61,0x79,0x6f,0x75,0x74,0x28,0x6c,0x6f,0x63,0x61,
    0x74,0x69,0x6f,0x6e,0x20,0x3d,0x20,0x30,0x29,0x20,0x6f,0x75,0x74,0x20,0x68,0x69,
    0x67,0x68,0x70,0x20,0x76,0x65,0x63,0x34,0x20,0x66,0x72,0x61,0x67,0x5f,0x63,0x6f,
    0x6c,0x6f,0x72,0x3b,0x0a,0x68,0x69,0x67,0x68,0x70,0x20,0x76,0x65,0x63,0x32,0x20,
    0x72,0x65,0x73,0x3b,0x0a,0x68,0x69,0x67,0x68,0x70,0x20,0x66,0x6c,0x6f,0x61,0x74,
    0x20,0x68,0x61,0x72,0x64,0x53,0x63,0x61,0x6e,0x3b,0x0a,0x68,0x69,0x67,0x68,0x70,
    0x20,0x66,0x6c,0x6f,0x61,0x74,0x20,0x68,0x61,0x72,0x64,0x50,0x69,0x78,0x3b,0x0a,
    0x68,0x69,0x67,0x68,0x70,0x20,0x76,0x65,0x63,0x32,0x20,0x77,0x61,0x72,0x70,0x3b,
    0x0a,0x68,0x69,0x67,0x68,0x70,0x20,0x66,0x6c,0x6f,0x61,0x74,0x20,0x6d,0x61,0x73,
    0x6b,0x44,0x61,0x72,0x6b,0x3b,0x0a,0x68,0x69,0x67,0x68,0x70,0x20,0x66,0x6c,0x6f,
    0x61,0x74,0x20,0x6d,0x61,0x73,0x6b,0x4c,0x69,0x67,0x68,0x74,0x3b,0x0a,0x0a,0x68,
    0x69,0x67,0x68,0x70,0x20,0x76,0x65,0x63,0x32,0x20,0x57,0x61,0x72,0x70,0x28,0x69,
    0x6e,0x6f,0x75,0x74,0x20,0x68,0x69,0x67,0x68,0x70,0x20,0x76,0x65,0x63,0x32,0x20,
    0x70,0x6f,0x73,0x29,0x0a,0x7b,0x0a,0x20,0x20,0x20,0x20,0x70,0x6f,0x73,0x20,0x3d,
    0x20,0x28,0x70,0x6f,0x73,0x20,0x2a,0x20,0x32,0x2e,0x30,0x29,0x20,0x2d,0x20,0x76,
    0x65,0x63,0x32,0x28,0x31,0x2e,0x30,0x29,0x3b,0x0a,0x20,0x20,0x20,0x20,0x70,0x6f,
    0x73,0x20,0x2a,0x3d,0x20,0x76,0x65,0x63,0x32,0x28,0x31,0x2e,0x30,0x20,0x2b,0x20,
    0x28,0x28,0x70,0x6f,0x73,0x2e,0x79,0x20,0x2a,0x20,0x70,0x6f,0x73,0x2e,0x79,0x29,
    0x20,0x2a,0x20,0x77,0x61,0x72,0x70,0x2e,0x78,0x29,0x2c,0x20,0x31,0x2e,0x30,0x20,
    0x2b,0x20,0x28,0x28,0x70,0x6f,0x73,0x2e,0x78,0x20,0x2a,0x20,0x70,0x6f,0x73,0x2e,
    0x78,0x29,0x20,0x2a,0x20,0x77,0x61,0x72,0x70,0x2e,0x79,0x29,0x29,0x3b,0x0a,0x20,
    0x20,0x20,0x20,0x72,0x65,0x74,0x75,0x72,0x6e,0x20,0x28,0x70,0x6f,0x73,0x20,0x2a,
    0x20,0x30,0x2e,0x35,0x29,0x20,0x2b,0x20,0x76,0x65,0x63,0x32,0x28,0x30,0x2e,0x35,
    0x29,0x3b,0x0a,0x7d,0x0a,0x0a,0x68,0x69,0x67,0x68,0x70,0x20,0x66,0x6c,0x6f,0x61,
    0x74,0x20,0x54,0x6f,0x4c,0x69,0x6e,0x65,0x61,0x72,0x31,0x28,0x68,0x69,0x67,0x68,
    0x70,0x20,0x66,0x6c,0x6f,0x61,0x74,0x20,0x63,0x29,0x0a,0x7b,0x0a,0x20,0x20,0x20,
    0x20,0x68,0x69,0x67,0x68,0x70,0x20,0x66,0x6c,0x6f,0x61,0x74,0x20,0x5f,0x38,0x36,
    0x3b,0x0a,0x20,0x20,0x20,0x20,0x69,0x66,0x20,0x28,0x63,0x20,0x3c,0x3d,0x20,0x30,
    0x2e,0x30,0x34,0x30,0x34,0x34,0x39,0x39,0x39,0x39,0x32,0x37,0x32,0x38,0x32,0x33,
    0x33,0x33,0x33,0x37,0x34,0x30,0x32,0x33,0x34,0x33,0x37,0x35,0x29,0x0a,0x20,0x20,
    0x20,0x20,0x7b,0x0a,0x20,0x20,0x20,0x20,0x20,0x20,0x20,0x20,0x5f,0x38,0x36,0x20,
    0x3d,0x20,0x63,0x20,0x2a,0x20,0x30,0x2e,0x30,0x37,0x37,0x33,0x39,0x39,0x33,0x38,
    0x30,0x35,0x30,0x35,0x30,0x38,0x34,0x39,0x39,0x31,0x34,0x35,0x35,0x30,0x37,0x38,
    0x31,0x32,0x35,0x3b,0x0a,0x20,0x20,0x20,0x20,0x7d,0x0a,0x20,0x20,0x20,0x20,0x65,
    0x6c,0x73,0x65,0x0a,0x20,0x20,0x20,0x20,0x7b,0x0a,0x20,0x20,0x20,0x20,0x20,0x20,
    0x20,0x20,0x5f,0x38,0x36,0x20,0x3d,0x20,0x70,0x6f,0x77,0x28,0x28,0x63,0x20,0x2b,
    0x20,0x30,0x2e,0x30,0x35,0x34,0x39,0x39,0x39,0x39,0x39,0x39,0x37,0x30,0x31,0x39,
    0x37,0x36,0x37,0x37,0x36,0x31,0x32,0x33,0x30,0x34,0x36,0x38,0x37,0x35,0x29,0x20,
    0x2a,0x20,0x30,0x2e,0x39,0x34,0x37,0x38,0x36,0x37,0x33,0x33,0x33,0x38,0x38,0x39,
    0x30,0x30,0x37,0x35,0x36,0x38,0x33,0x35,0x39,0x33,0x37,0x35,0x2c,0x20,0x32,0x2e,
    0x34,0x30,0x30,0x30,0x30,0x30,0x30,0x39,0x35,0x33,0x36,0x37,0x34,0x33,0x31,0x36,
    0x34,0x30,0x36,0x32,0x35,0x29,0x3b,0x0a,0x20,0x20,0x20,0x20,0x7d,0x0a,0x20,0x20,
    0x20,0x20,0x72,0x65,0x74,0x75,0x72,0x6e,0x20,0x5f,0x38,0x36,0x3b,0x0a,0x7d,0x0a,
    0x0a,0x68,0x69,0x67,0x68,0x70,0x20,0x76,0x65,0x63,0x33,0x20,0x54,0x6f,0x4c,0x69,
    0x6e,0x65,0x61,0x72,0x28,0x68,0x69,0x67,0x68,0x70,0x20,0x76,0x65,0x63,0x33,0x20,
    0x63,0x29,0x0a,0x7b,0x0a,0x20,0x20,0x20,0x20,0x68,0x69,0x67,0x68,0x70,0x20,0x66,
    0x6c,0x6f,0x61,0x74,0x20,0x70,0x61,0x72,0x61,0x6d,0x20,0x3d,0x20,0x63,0x2e,0x78,
    0x3b,0x0a,0x20,0x20,0x20,0x20,0x68,0x69,0x67,0x68,0x70,0x20,0x66,0x6c,0x6f,0x61,
    0x74,0x20,0x70,0x61,0x72,0x61,0x6d,0x5f,0x31,0x20,0x3d,0x20,0x63,0x2e,0x79,0x3b,
    0x0a,0x20,0x20,0x20,0x20,0x68,0x69,0x67,0x68,0x70,0x20,0x66,0x6c,0x6f,0x61,0x74,
    0x20,0x70,0x61,0x72,0x61,0x6d,0x5f,0x32,0x20,0x3d,0x20,0x63,0x2e,0x7a,0x3b,0x0a,
    0x20,0x20,0x20,0x20,0x72,0x65,0x74,0x75,0x72,0x6e,0x20,0x76,0x65,0x63,0x33,0x28,
    0x54,0x6f,0x4c,0x69,0x6e,0x65,0x61,0x72,0x31,0x28,0x70,0x61,0x72,0x61,0x6d,0x29,
    0x2c,0x20,0x54,0x6f,0x4c,0x69,0x6e,0x65,0x61,0x72,0x31,0x28,0x70,0x61,0x72,0x61,
    0x6d,0x5f,0x31,0x29,0x2c,0x20,0x54,0x6f,0x4c,0x69,0x6e,0x65,0x61,0x72,0x31,0x28,
    0x70,0x61,0x72,0x61,0x6d,0x5f,0x32,0x29,0x29,0x3b,0x0a,0x7d,0x0a,0x0a,0x68,0x69,
    0x67,0x68,0x70,0x20,0x76,0x65,0x63,0x33,0x20,0x46,0x65,0x74,0x63,0x68,0x28,0x69,
    0x6e,0x6f,0x75,0x74,0x20,0x68,0x69,0x67,0x68,0x70,0x20,0x76,0x65,0x63,0x32,0x20,
    0x70,0x6f,0x73,0x2c,0x20,0x68,0x69,0x67,0x68,0x70,0x20,0x76,0x65,0x63,0x32,0x20,
    0x6f,0x66,0x66,0x29,0x0a,0x7b,0x0a,0x20,0x20,0x20,0x20,0x70,0x6f,0x73,0x20,0x3d,
    0x20,0x28,0x66,0x6c,0x6f,0x6f,0x72,0x28,0x28,0x70,0x6f,0x73,0x20,0x2a,0x20,0x72,
    0x65,0x73,0x29,0x20,0x2b,0x20,0x6f,0x66,0x66,0x29,0x20,0x2b,0x20,0x76,0x65,0x63,
    0x32,0x28,0x30,0x2e,0x35,0x29,0x29,0x20,0x2f,0x20,0x72,0x65,0x73,0x3b,0x0a,0x20,
    0x20,0x20,0x20,0x68,0x69,0x67,0x68,0x70,0x20,0x76,0x65,0x63,0x33,0x20,0x70,0x61,
    0x72,0x61,0x6d,0x20,0x3d,0x20,0x74,0x65,0x78,0x74,0x75,0x72,0x65,0x28,0x74,0x65,
    0x78,0x5f,0x73,0x6d,0x70,0x2c,0x20,0x70,0x6f,0x73,0x2c,0x20,0x2d,0x31,0x36,0x2e,
    0x30,0x29,0x2e,0x78,0x79,0x7a,0x20,0x2a,0x20,0x31,0x2e,0x32,0x30,0x30,0x30,0x30,
    0x30,0x30,0x34,0x37,0x36,0x38,0x33,0x37,0x31,0x35,0x38,0x32,0x30,0x33,0x31,0x32,
    0x35,0x3b,0x0a,0x20,0x20,0x20,0x20,0x72,0x65,0x74,0x75,0x72,0x6e,0x20,0x54,0x6f,
    0x4c,0x69,0x6e,0x65,0x61,0x72,0x28,0x70,0x61,0x72,0x61,0x6d,0x29,0x3b,0x0a,0x7d,
    0x0a,0x0a,0x68,0x69,0x67,0x68,0x70,0x20,0x76,0x65,0x63,0x32,0x20,0x44,0x69,0x73,
    0x74,0x28,0x69,0x6e,0x6f,0x75,0x74,0x20,0x68,0x69,0x67,0x68,0x70,0x20,0x76,0x65,
    0x63,0x32,0x20,0x70,0x6f,0x73,0x29,0x0a,0x7b,0x0a,0x20,0x20,0x20,0x20,0x70,0x6f,
    0x73,0x20,0x2a,0x3d,0x20,0x72,0x65,0x73,0x3b,0x0a,0x20,0x20,0x20,0x20,0x72,0x65,
    0x74,0x75,0x72,0x6e,0x20,0x76,0x65,0x63,0x32,0x28,0x30,0x2e,0x35,0x29,0x20,0x2d,
    0x20,0x28,0x70,0x6f,0x73,0x20,0x2d,0x20,0x66,0x6c,0x6f,0x6f,0x72,0x28,0x70,0x6f,
    0x73,0x29,0x29,0x3b,0x0a,0x7d,0x0a,0x0a,0x68,0x69,0x67,0x68,0x70,0x20,0x66,0x6c,
    0x6f,0x61,0x74,0x20,0x47,0x61,0x75,0x73,0x28,0x68,0x69,0x67,0x68,0x70,0x20,0x66,
    0x6c,0x6f,0x61,0x74,0x20,0x70,0x6f,0x73,0x2c,0x20,0x68,0x69,0x67,0x68,0x70,0x20,
    0x66,0x6c,0x6f,0x61,0x74,0x20,0x73,0x63,0x61,0x6c,0x65,0x29,0x0a,0x7b,0x0a,0x20,
    0x20,0x20,0x20,0x72,0x65,0x74,0x75,0x72,0x6e,0x20,0x65,0x78,0x70,0x32,0x28,0x28,
    0x73,0x63,0x61,0x6c,0x65,0x20,0x2a,0x20,0x70,0x6f,0x73,0x29,0x20,0x2a,0x20,0x70,
    0x6f,0x73,0x29,0x3b,0x0a,0x7d,0x0a,0x0a,0x68,0x69,0x67,0x68,0x70,0x20,0x76,0x65,
    0x63,0x33,0x20,0x48,0x6f,0x72,0x7a,0x33,0x28,0x68,0x69,0x67,0x68,0x70,0x20,0x76,
    0x65,0x63,0x32,0x20,0x70,0x6f,0x73,0x2c,0x20,0x68,0x69,0x67,0x68,0x70,0x20,0x66,
    0x6c,0x6f,0x61,0x74,0x20,0x6f,0x66,0x66,0x29,0x0a,0x7b,0x0a,0x20,0x20,0x20,0x20,
    0x68,0x69,0x67,0x68,0x70,0x20,0x76,0x65,0x63,0x32,0x20,0x70,0x61,0x72,0x61,0x6d,
    0x20,0x3d,0x20,0x70,0x6f,0x73,0x3b,0x0a,0x20,0x20,0x20,0x20,0x68,0x69,0x67,0x68,
    0x70,0x20,0x76,0x65,0x63,0x32,0x20,0x70,0x61,0x72,0x61,0x6d,0x5f,0x31,0x20,0x3d,
    0x20,0x76,0x65,0x63,0x32,0x28,0x2d,0x31,0x2e,0x30,0x2c,0x20,0x6f,0x66,0x66,0x29,
    0x3b,0x0a,0x20,0x20,0x20,0x20,0x68,0x69,0x67,0x68,0x70,0x20,0x76,0x65,0x63,0x33,
    0x20,0x5f,0x32,0x31,0x31,0x20,0x3d,0x20,0x46,0x65,0x74,0x63,0x68,0x28,0x70,0x61,
    0x72,0x61,0x6d,0x2c,0x20,0x70,0x61,0x72,0x61,0x6d,0x5f,0x31,0x29,0x3b,0x0a,0x20,
    0x20,0x20,0x20,0x68,0x69,0x67,0x68,0x70,0x20,0x76,0x65,0x63,0x32,0x20,0x70,0x61,
    0x72,0x61,0x6d,0x5f,0x32,0x20,0x3d,0x20,0x70,0x6f,0x73,0x3b,0x0a,0x20,0x20,0x20,
    0x20,0x68,0x69,0x67,0x68,0x70,0x20,0x76,0x65,0x63,0x32,0x20,0x70,0x61,0x72,0x61,
    0x6d,0x5f,0x33,0x20,0x3d,0x20,0x76,0x65,0x63,0x32,0x28,0x30,0x2e,0x30,0x2c,0x20,
    0x6f,0x66,0x66,0x29,0x3b,0x0a,0x20,0x20,0x20,0x20,0x68,0x69,0x67,0x68,0x70,0x20,
    0x76,0x65,0x63,0x33,0x20,0x5f,0x32,0x31,0x39,0x20,0x3d,0x20,0x46,0x65,0x74,0x63,
    0x68,0x28,0x70,0x61,0x72,0x61,0x6d,0x5f,0x32,0x2c,0x20,0x70,0x61,0x72,0x61,0x6d,
    0x5f,0x33,0x29,0x3b,0x0a,0x20,0x20,0x20,0x20,0x68,0x69,0x67,0x68,0x70,0x20,0x76,
    0x65,0x63,0x32,0x20,0x70,0x61,0x72,0x61,0x6d,0x5f,0x34,0x20,0x3d,0x20,0x70,0x6f,
    0x73,0x3b,0x0a,0x20,0x20,0x20,0x20,0x68,0x69,0x67,0x68,0x70,0x20,0x76,0x65,0x63,
    0x32,0x20,0x70,0x61,0x72,0x61,0x6d,0x5f,0x35,0x20,0x3d,0x20,0x76,0x65,0x63,0x32,
    0x28,0x31,0x2e,0x30,0x2c,0x20,0x6f,0x66,0x66,0x29,0x3b,0x0a,0x20,0x20,0x20,0x20,
    0x68,0x69,0x67,0x68,0x70,0x20,0x76,0x65,0x63,0x33,0x20,0x5f,0x32,0x32,0x37,0x20,
    0x3d,0x20,0x46,0x65,0x74,0x63,0x68,0x28,0x70,0x61,0x72,0x61,0x6d,0x5f,0x34,0x2c,
    0x20,0x70,0x61,0x72,0x61,0x6d,0x5f,0x35,0x29,0x3b,0x0a,0x20,0x20,0x20,0x20,0x68,
    0x69,0x67,0x68,0x70,0x20,0x76,0x65,0x63,0x32,0x20,0x70,0x61,0x72,0x61,0x6d,0x5f,
    0x36,0x20,0x3d,0x20,0x70,0x6f,0x73,0x3b,0x0a,0x20,0x20,0x20,0x20,0x68,0x69,0x67,
    0x68,0x70,0x20,0x76,0x65,0x63,0x32,0x20,0x5f,0x32,0x33,0x31,0x20,0x3d,0x20,0x44,
    0x69,0x73,0x74,0x28,0x70,0x61,0x72,0x61,0x6d,0x5f,0x36,0x29,0x3b,0x0a,0x20,0x20,
    0x20,0x20,0x68,0x69,0x67,0x68,0x70,0x20,0x66,0x6c,0x6f,0x61,0x74,0x20,0x70,0x61,
    0x72,0x61,0x6d,0x5f,0x37,0x20,0x3d,0x20,0x5f,0x32,0x33,0x31,0x2e,0x78,0x20,0x2d,
    0x20,0x31,0x2e,0x30,0x3b,0x0a,0x20,0x20,0x20,0x20,0x68,0x69,0x67,0x68,0x70,0x20,
    0x66,0x6c,0x6f,0x61,0x74,0x20,0x70,0x61,0x72,0x61,0x6d,0x5f,0x38,0x20,0x3d,0x20,
    0x68,0x61,0x72,0x64,0x50,0x69,0x78,0x3b,0x0a,0x20,0x20,0x20,0x20,0x68,0x69,0x67,
    0x68,0x70,0x20,0x66,0x6c,0x6f,0x61,0x74,0x20,0x5f,0x32,0x34,0x31,0x20,0x3d,0x20,
    0x47,0x61,0x75,0x73,0x28,0x70,0x61,0x72,0x61,0x6d,0x5f,0x37,0x2c,0x20,0x70,0x61,
    0x72,0x61,0x6d,0x5f,0x38,0x29,0x3b,0x0a,0x20,0x20,0x20,0x20,0x68,0x69,0x67,0x68,
    0x70,0x20,0x66,0x6c,0x6f,0x61,0x74,0x20,0x70,0x61,0x72,0x61,0x6d,0x5f,0x39,0x20,
    0x3d,0x20,0x5f,0x32,0x33,0x31,0x2e,0x78,0x3b,0x0a,0x20,0x20,0x20,0x20,0x68,0x69,
    0x67,0x68,0x70,0x20,0x66,0x6c,0x6f,0x61,0x74,0x20,0x70,0x61,0x72,0x61,0x6d,0x5f,
    0x31,0x30,0x20,0x3d,0x20,0x68,0x61,0x72,0x64,0x50,0x69,0x78,0x3b,0x0a,0x20,0x20,
    0x20,0x20,0x68,0x69,0x67,0x68,0x70,0x20,0x66,0x6c,0x6f,0x61,0x74,0x20,0x5f,0x32,
    0x34,0x38,0x20,0x3d,0x20,0x47,0x61,0x75,0x73,0x28,0x70,0x61,0x72,0x61,0x6d,0x5f,
    0x39,0x2c,0x20,0x70,0x61,0x72,0x61,0x6d,0x5f,0x31,0x30,0x29,0x3b,0x0a,0x20,0x20,
    0x20,0x20,0x68,0x69,0x67,0x68,0x70,0x20,0x66,0x6c,0x6f,0x61,0x74,0x20,0x70,0x61,
    0x72,0x61,0x6d,0x5f,0x31,0x31,0x20,0x3d,0x20,0x5f,0x32,0x33,0x31,0x2e,0x78,0x20,
    0x2b,0x20,0x31,0x2e,0x30,0x3b,0x0a,0x20,0x20,0x20,0x20,0x68,0x69,0x67,0x68,0x70,
    0x20,0x66,0x6c,0x6f,0x61,0x74,0x20,0x70,0x61,0x72,0x61,0x6d,0x5f,0x31,0x32,0x20,
    0x3d,0x20,0x68,0x61,0x72,0x64,0x50,0x69,0x78,0x3b,0x0a,0x20,0x20,0x20,0x20,0x68,
    0x69,0x67,0x68,0x70,0x20,0x66,0x6c,0x6f,0x61,0x74,0x20,0x5f,0x32,0x35,0x35,0x20,
    0x3d,0x20,0x47,0x61,0x75,0x73,0x28,0x70,0x61,0x72,0x61,0x6d,0x5f,0x31,0x31,0x2c,
    0x20,0x70,0x61,0x72,0x61,0x6d,0x5f,0x31,0x32,0x29,0x3b,0x0a,0x20,0x20,0x20,0x20,
    0x72,0x65,0x74,0x75,0x72,0x6e,0x20,0x28,0x28,0x28,0x5f,0x32,0x31,0x31,0x20,0x2a,
    0x20,0x5f,0x32,0x34,0x31,0x29,0x20,0x2b,0x20,0x28,0x5f,0x32,0x31,0x39,0x20,0x2a,
    0x20,0x5f,0x32,0x34,0x38,0x29,0x29,0x20,0x2b,0x20,0x28,0x5f,0x32,0x32,0x37,0x20,
    0x2a,0x20,0x5f,0x32,0x35,0x35,0x29,0x29,0x20,0x2f,0x20,0x76,0x65,0x63,0x33,0x28,
    0x28,0x5f,0x32,0x34,0x31,0x20,0x2b,0x20,0x5f,0x32,0x34,0x38,0x29,0x20,0x2b,0x20,
    0x5f,0x32,0x35,0x35,0x29,0x3b,0x0a,0x7d,0x0a,0x0a,0x68,0x69,0x67,0x68,0x70,0x20,
    0x76,0x65,0x63,0x33,0x20,0x48,0x6f,0x72,0x7a,0x35,0x28,0x68,0x69,0x67,0x68,0x70,
    0x20,0x76,0x65,0x63,0x32,0x20,0x70,0x6f,0x73,0x2c,0x20,0x68,0x69,0x67,0x68,0x70,
    0x20,0x66,0x6c,0x6f,0x61,0x74,0x20,0x6f,0x66,0x66,0x29,0x0a,0x7b,0x0a,0x20,0x20,
    0x20,0x20,0x68,0x69,0x67,0x68,0x70,0x20,0x76,0x65,0x63,0x32,0x20,0x70,0x61,0x72,
    0x61,0x6d,0x20,0x3d,0x20,0x70,0x6f,0x73,0x3b,0x0a,0x20,0x20,0x20,0x20,0x68,0x69,
    0x67,0x68,0x70,0x20,0x76,0x65,0x63,0x32,0x20,0x70,0x61,0x72,0x61,0x6d,0x5f,0x31,
    0x20,0x3d,0x20,0x76,0x65,0x63,0x32,0x28,0x2d,0x32,0x2e,0x30,0x2c,0x20,0x6f,0x66,
    0x66,0x29,0x3b,0x0a,0x20,0x20,0x20,0x20,0x68,0x69,0x67,0x68,0x70,0x20,0x76,0x65,
    0x63,0x33,0x20,0x5f,0x32,0x38,0x33,0x20,0x3d,0x20,0x46,0x65,0x74,0x63,0x68,0x28,
    0x70,0x61,0x72,0x61,0x6d,0x2c,0x20,0x70,0x61,0x72,0x61,0x6d,0x5f,0x31,0x29,0x3b,
    0x0a,0x20,0x20,0x20,0x20,0x68,0x69,0x67,0x68,0x70,0x20,0x76,0x65,0x63,0x32,0x20,
    0x70,0x61,0x72,0x61,0x6d,0x5f,0x32,0x20,0x3d,0x20,0x70,0x6f,0x73,0x3b,0x0a,0x20,
    0x20,0x20,0x20,0x68,0x69,0x67,0x68,0x70,0x20,0x76,0x65,0x63,0x32,0x20,0x70,0x61,
    0x72,0x61,0x6d,0x5f,0x33,0x20,0x3d,0x20,0x76,0x65,0x63,0x32,0x28,0x2d,0x31,0x2e,
    0x30,0x2c,0x20,0x6f,0x66,0x66,0x29,0x3b,0x0a,0x20,0x20,0x20,0x20,0x68,0x69,0x67,
    0x68,0x70,0x20,0x76,0x65,0x63,0x33,0x20,0x5f,0x32,0x39,0x30,0x20,0x3d,0x20,0x46,
    0x65,0x74,0x63,0x68,0x28,0x70,0x61,0x72,0x61,0x6d,0x5f,0x32,0x2c,0x20,0x70,0x61,
    0x72,0x61,0x6d,0x5f,0x33,0x29,0x3b,0x0a,0x20,0x20,0x20,0x20,0x68,0x69,0x67,0x68,
    0x70,0x20,0x76,0x65,0x63,0x32,0x20,0x70,0x61,0x72,0x61,0x6d,0x5f,0x34,0x20,0x3d,
    0x20,0x70,0x6f,0x73,0x3b,0x0a,0x20,0x20,0x20,0x20,0x68,0x69,0x67,0x68,0x70,0x20,
    0x76,0x65,0x63,0x32,0x20,0x70,0x61,0x72,0x61,0x6d,0x5f,0x35,0x20,0x3d,0x20,0x76,
    0x65,0x63,0x32,0x28,0x30,0x2e,0x30,0x2c,0x20,0x6f,0x66,0x66,0x29,0x3b,0x0a,0x20,
    0x20,0x20,0x20,0x68,0x69,0x67,0x68,0x70,0x20,0x76,0x65,0x63,0x33,0x20,0x5f,0x32,
    0x39,0x37,0x20,0x3d,0x20,0x46,0x65,0x74,0x63,0x68,0x28,0x70,0x61,0x72,0x61,0x6d,
    0x5f,0x34,0x2c,0x20,0x70,0x61,0x72,0x61,0x6d,0x5f,0x35,0x29,0x3b,0x0a,0x20,0x20,
    0x20,0x20,0x68,0x69,0x67,0x68,0x70,0x20,0x76,0x65,0x63,0x32,0x20,0x70,0x61,0x72,
    0x61,0x6d,0x5f,0x36,0x20,0x3d,0x20,0x70,0x6f,0x73,0x3b,0x0a,0x20,0x20,0x20,0x20,
    0x68,0x69,0x67,0x68,0x70,0x20,0x76,0x65,0x63,0x32,0x20,0x70,0x61,0x72,0x61,0x6d,
    0x5f,0x37,0x20,0x3d,0x20,0x76,0x65,0x63,0x32,0x28,0x31,0x2e,0x30,0x2c,0x20,0x6f,
    0x66,0x66,0x29,0x3b,0x0a,0x20,0x20,0x20,0x20,0x68,0x69,0x67,0x68,0x70,0x20,0x76,
    0x65,0x63,0x33,0x20,0x5f,0x33,0x30,0x34,0x20,0x3d,0x20,0x46,0x65,0x74,0x63,0x68,
    0x28,0x70,0x61,0x72,0x61,0x6d,0x5f,0x36,0x2c,0x20,0x70,0x61,0x72,0x61,0x6d,0x5f,
    0x37,0x29,0x3b,0x0a,0x20,0x20,0x20,0x20,0x68,0x69,0x67,0x68,0x70,0x20,0x76,0x65,
    0x63,0x32,0x20,0x70,0x61,0x72,0x61,0x6d,0x5f,0x38,0x20,0x3d,0x20,0x70,0x6f,0x73,
    0x3b,0x0a,0x20,0x20,0x20,0x20,0x68,0x69,0x67,0x68,0x70,0x20,0x76,0x65,0x63,0x32,
    0x20,0x70,0x61,0x72,0x61,0x6d,0x5f,0x39,0x20,0x3d,0x20,0x76,0x65,0x63,0x32,0x28,
    0x32,0x2e,0x30,0x2c,0x20,0x6f,0x66,0x66,0x29,0x3b,0x0a,0x20,0x20,0x20,0x20,0x68,
    0x69,0x67,0x68,0x70,0x20,0x76,0x65,0x63,0x33,0x20,0x5f,0x33,0x31,0x32,0x20,0x3d,
    0x20,0x46,0x65,0x74,0x63,0x68,0x28,0x70,0x61,0x72,0x61,0x6d,0x5f,0x38,0x2c,0x20,
    0x70,0x61,0x72,0x61,0x6d,0x5f,0x39,0x29,0x3b,0x0a,0x20,0x20,0x20,0x20,0x68,0x69,
    0x67,0x68,0x70,0x20,0x76,0x65,0x63,0x32,0x20,0x70,0x61,0x72,0x61,0x6d,0x5f,0x31,
    0x30,0x20,0x3d,0x20,0x70,0x6f,0x73,0x3b,0x0a,0x20,0x20,0x20,0x20,0x68,0x69,0x67,
    0x68,0x70,0x20,0x76,0x65,0x63,0x32,0x20,0x5f,0x33,0x31,0x36,0x20,0x3d,0x20,0x44,
    0x69,0x73,0x74,0x28,0x70,0x61,0x72,0x61,0x6d,0x5f,0x31,0x30,0x29,0x3b,0x0a,0x20,
    0x20,0x20,0x20,0x68,0x69,0x67,0x68,0x70,0x20,0x66,0x6c,0x6f,0x61,0x74,0x20,0x70,
    0x61,0x72,0x61,0x6d,0x5f,0x31,0x31,0x20,0x3d,0x20,0x5f,0x33,0x31,0x36,0x2e,0x78,
    0x20,0x2d,0x20,0x32,0x2e,0x30,0x3b,0x0a,0x20,0x20,0x20,0x20,0x68,0x69,0x67,0x68,
    0x70,0x20,0x66,0x6c,0x6f,0x61,0x74,0x20,0x70,0x61,0x72,0x61,0x6d,0x5f,0x31,0x32,
    0x20,0x3d,0x20,0x68,0x61,0x72,0x64,0x50,0x69,0x78,0x3b,0x0a,0x20,0x20,0x20,0x20,
    0x68,0x69,0x67,0x68,0x70,0x20,0x66,0x6c,0x6f,0x61,0x74,0x20,0x5f,0x33,0x32,0x36,
    0x20,0x3d,0x20,0x47,0x61,0x75,0x73,0x28,0x70,0x61,0x72,0x61,0x6d,0x5f,0x31,0x31,
    0x2c,0x20,0x70,0x61,0x72,0x61,0x6d,0x5f,0x31,0x32,0x29,0x3b,0x0a,0x20,0x20,0x20,
    0x20,0x68,0x69,0x67,0x68,0x70,0x20,0x66,0x6c,0x6f,0x61,0x74,0x20,0x70,0x61,0x72,
    0x61,0x6d,0x5f,0x31,0x33,0x20,0x3d,0x20,0x5f,0x33,0x31,0x36,0x2e,0x78,0x20,0x2d,
    0x20,0x31,0x2e,0x30,0x3b,0x0a,0x20,0x20,0x20,0x20,0x68,0x69,0x67,0x68,0x70,0x20,
    0x66,0x6c,0x6f,0x61,0x74,0x20,0x70,0x61,0x72,0x61,0x6d,0x5f,0x31,0x34,0x20,0x3d,
    0x20,0x68,0x61,0x72,0x64,0x50,0x69,0x78,0x3b,0x0a,0x20,0x20,0x20,0x20,0x68,0x69,
    0x67,0x68,0x70,0x20,0x66,0x6c,0x6f,0x61,0x74,0x20,0x5f,0x33,0x33,0x33,0x20,0x3d,
    0x20,0x47,0x61,0x75,0x73,0x28,0x70,0x61,0x72,0x61,0x6d,0x5f,0x31,0x33,0x2c,0x20,
    0x70,0x61,0x72,0x61,0x6d,0x5f,0x31,0x34,0x29,0x3b,0x0a,0x20,0x20,0x20,0x20,0x68,
    0x69,0x67,0x68,0x70,0x20,0x66,0x6c,0x6f,0x61,0x74,0x20,0x70,0x61,0x72,0x61,0x6d,
    0x5f,0x31,0x35,0x20,0x3d,0x20,0x5f,0x33,0x31,0x36,0x2e,0x78,0x3b,0x0a,0x20,0x20,
    0x20,0x20,0x68,0x69,0x67,0x68,0x70,0x20,0x66,0x6c,0x6f,0x61,0x74,0x20,0x70,0x61,
    0x72,0x61,0x6d,0x5f,0x31,0x36,0x20,0x3d,0x20,0x68,0x61,0x72,0x64,0x50,0x69,0x78,
    0x3b,0x0a,0x20,0x20,0x20,0x20,0x68,0x69,0x67,0x68,0x70,0x20,0x66,0x6c,0x6f,0x61,
    0x74,0x20,0x5f,0x33,0x34,0x30,0x20,0x3d,0x20,0x47,0x61,0x75,0x73,0x28,0x70,0x61,
    0x72,0x61,0x6d,0x5f,0x31,0x35,0x2c,0x20,0x70,0x61,0x72,0x61,0x6d,0x5f,0x31,0x36,
    0x29,0x3b,0x0a,0x20,0x20,0x20,0x20,0x68,0x69,0x67,0x68,0x70,0x20,0x66,0x6c,0x6f,
    0x61,0x74,0x20,0x70,0x61,0x72,0x61,0x6d,0x5f,0x31,0x37,0x20,0x3d,0x20,0x5f,0x33,
    0x31,0x36,0x2e,0x78,0x20,0x2b,0x20,0x31,0x2e,0x30,0x3b,0x0a,0x20,0x20,0x20,0x20,
    0x68,0x69,0x67,0x68,0x70,0x20,0x66,0x6c,0x6f,0x61,0x74,0x20,0x70,0x61,0x72,0x61,
    0x6d,0x5f,0x31,0x38,0x20,0x3d,0x20,0x68,0x61,0x72,0x64,0x50,0x69,0x78,0x3b,0x0a,
    0x20,0x20,0x20,0x20,0x68,0x69,0x67,0x68,0x70,0x20,0x66,0x6c,0x6f,0x61,0x74,0x20,
    0x5f,0x33,0x34,0x37,0x20,0x3d,0x20,0x47,0x61,0x75,0x73,0x28,0x70,0x61,0x72,0x61,
    0x6d,0x5f,0x31,0x37,0x2c,0x20,0x70,0x61,0x72,0x61,0x6d,0x5f,0x31,0x38,0x29,0x3b,
    0x0a,0x20,0x20,0x20,0x20,0x68,0x69,0x67,0x68,0x70,0x20,0x66,0x6c,0x6f,0x61,0x74,
    0x20,0x70,0x61,0x72,0x61,0x6d,0x5f,0x31,0x39,0x20,0x3d,0x20,0x5f,0x33,0x31,0x36,
    0x2e,0x78,0x20,0x2b,0x20,0x32,0x2e,0x30,0x3b,0x0a,0x20,0x20,0x20,0x20,0x68,0x69,
    0x67,0x68,0x70,0x20,0x66,0x6c,0x6f,0x61,0x74,0x20,0x70,0x61,0x72,0x61,0x6d,0x5f,
    0x32,0x30,0x20,0x3d,0x20,0x68,0x61,0x72,0x64,0x50,0x69,0x78,0x3b,0x0a,0x20,0x20,
    0x20,0x20,0x68,0x69,0x67,0x68,0x70,0x20,0x66,0x6c,0x6f,0x61,0x74,0x20,0x5f,0x33,
    0x35,0x34,0x20,0x3d,0x20,0x47,0x61,0x75,0x73,0x28,0x70,0x61,0x72,0x61,0x6d,0x5f,
    0x31,0x39,0x2c,0x20,0x70,0x61,0x72,0x61,0x6d,0x5f,0x32,0x30,0x29,0x3b,0x0a,0x20,
    0x20,0x20,0x20,0x72,0x65,0x74,0x75,0x72,0x6e,0x20,0x28,0x28,0x28,0x28,0x28,0x5f,
    0x32,0x38,0x33,0x20,0x2a,0x20,0x5f,0x33,0x32,0x36,0x29,0x20,0x2b,0x20,0x28,0x5f,
    0x32,0x39,0x30,0x20,0x2a,0x20,0x5f,0x33,0x33,0x33,0x29,0x29,0x20,0x2b,0x20,0x28,
    0x5f,0x32,0x39,0x37,0x20,0x2a,0x20,0x5f,0x33,0x34,0x30,0x29,0x29,0x20,0x2b,0x20,
    0x28,0x5f,0x33,0x30,0x34,0x20,0x2a,0x20,0x5f,0x33,0x34,0x37,0x29,0x29,0x20,0x2b,
    0x20,0x28,0x5f,0x33,0x31,0x32,0x20,0x2a,0x20,0x5f,0x33,0x35,0x34,0x29,0x29,0x20,
    0x2f,0x20,0x76,0x65,0x63,0x33,0x28,0x28,0x28,0x28,0x5f,0x33,0x32,0x36,0x20,0x2b,
    0x20,0x5f,0x33,0x33,0x33,0x29,0x20,0x2b,0x20,0x5f,0x33,0x34,0x30,0x29,0x20,0x2b,
    0x20,0x5f,0x33,0x34,0x37,0x29,0x20,0x2b,0x20,0x5f,0x33,0x35,0x34,0x29,0x3b,0x0a,
    0x7d,0x0a,0x0a,0x68,0x69,0x67,0x68,0x70,0x20,0x66,0x6c,0x6f,0x61,0x74,0x20,0x53,
    0x63,0x61,0x6e,0x28,0x68,0x69,0x67,0x68,0x70,0x20,0x76,0x65,0x63,0x32,0x20,0x70,
    0x6f,0x73,0x2c,0x20,0x68,0x69,0x67,0x68,0x70,0x20,0x66,0x6c,0x6f,0x61,0x74,0x20,
    0x6f,0x66,0x66,0x29,0x0a,0x7b,0x0a,0x20,0x20,0x20,0x20,0x68,0x69,0x67,0x68,0x70,
    0x20,0x76,0x65,0x63,0x32,0x20,0x70,0x61,0x72,0x61,0x6d,0x20,0x3d,0x20,0x70,0x6f,
    0x73,0x3b,0x0a,0x20,0x20,0x20,0x20,0x68,0x69,0x67,0x68,0x70,0x20,0x76,0x65,0x63,
    0x32,0x20,0x5f,0x33,0x39,0x30,0x20,0x3d,0x20,0x44,0x69,0x73,0x74,0x28,0x70,0x61,
    0x72,0x61,0x6d,0x29,0x3b,0x0a,0x20,0x20,0x20,0x20,0x68,0x69,0x67,0x68,0x70,0x20,
    0x66,0x6c,0x6f,0x61,0x74,0x20,0x70,0x61,0x72,0x61,0x6d,0x5f,0x31,0x20,0x3d,0x20,
    0x5f,0x33,0x39,0x30,0x2e,0x79,0x20,0x2b,0x20,0x6f,0x66,0x66,0x3b,0x0a,0x20,0x20,
    0x20,0x20,0x68,0x69,0x67,0x68,0x70,0x20,0x66,0x6c,0x6f,0x61,0x74,0x20,0x70,0x61,
    0x72,0x61,0x6d,0x5f,0x32,0x20,0x3d,0x20,0x68,0x61,0x72,0x64,0x53,0x63,0x61,0x6e,
    0x3b,0x0a,0x20,0x20,0x20,0x20,0x72,0x65,0x74,0x75,0x72,0x6e,0x20,0x47,0x61,0x75,
    0x73,0x28,0x70,0x61,0x72,0x61,0x6d,0x5f,0x31,0x2c,0x20,0x70,0x61,0x72,0x61,0x6d,
    0x5f,0x32,0x29,0x3b,0x0a,0x7d,0x0a,0x0a,0x68,0x69,0x67,0x68,0x70,0x20,0x76,0x65,
    0x63,0x33,0x20,0x54,0x72,0x69,0x28,0x68,0x69,0x67,0x68,0x70,0x20,0x76,0x65,0x63,
    0x32,0x20,0x70,0x6f,0x73,0x29,0x0a,0x7b,0x0a,0x20,0x20,0x20,0x20,0x68,0x69,0x67,
    0x68,0x70,0x20,0x76,0x65,0x63,0x32,0x20,0x70,0x61,0x72,0x61,0x6d,0x20,0x3d,0x20,
    0x70,0x6f,0x73,0x3b,0x0a,0x20,0x20,0x20,0x20,0x68,0x69,0x67,0x68,0x70,0x20,0x66,
    0x6c,0x6f,0x61,0x74,0x20,0x70,0x61,0x72,0x61,0x6d,0x5f,0x31,0x20,0x3d,0x20,0x2d,
    0x31,0x2e,0x30,0x3b,0x0a,0x20,0x20,0x20,0x20,0x68,0x69,0x67,0x68,0x70,0x20,0x76,
    0x65,0x63,0x32,0x20,0x70,0x61,0x72,0x61,0x6d,0x5f,0x32,0x20,0x3d,0x20,0x70,0x6f,
    0x73,0x3b,0x0a,0x20,0x20,0x20,0x20,0x68,0x69,0x67,0x68,0x70,0x20,0x66,0x6c,0x6f,
    0x61,0x74,0x20,0x70,0x61,0x72,0x61,0x6d,0x5f,0x33,0x20,0x3d,0x20,0x30,0x2e,0x30,
    0x3b,0x0a,0x20,0x20,0x20,0x20,0x68,0x69,0x67,0x68,0x70,0x20,0x76,0x65,0x63,0x32,
    0x20,0x70,0x61,0x72,0x61,0x6d,0x5f,0x34,0x20,0x3d,0x20,0x70,0x6f,0x73,0x3b,0x0a,
    0x20,0x20,0x20,0x20,0x68,0x69,0x67,0x68,0x70,0x20,0x66,0x6c,0x6f,0x61,0x74,0x20,
    0x70,0x61,0x72,0x61,0x6d,0x5f,0x35,0x20,0x3d,0x20,0x31,0x2e,0x30,0x3b,0x0a,0x20,
    0x20,0x20,0x20,0x68,0x69,0x67,0x68,0x70,0x20,0x76,0x65,0x63,0x32,0x20,0x70,0x61,
    0x72,0x61,0x6d,0x5f,0x36,0x20,0x3d,0x20,0x70,0x6f,0x73,0x3b,0x0a,0x20,0x20,0x20,
    0x20,0x68,0x69,0x67,0x68,0x70,0x20,0x66,0x6c,0x6f,0x61,0x74,0x20,0x70,0x61,0x72,
    0x61,0x6d,0x5f,0x37,0x20,0x3d,0x20,0x2d,0x31,0x2e,0x30,0x3b,0x0a,0x20,0x20,0x20,
    0x20,0x68,0x69,0x67,0x68,0x70,0x20,0x76,0x65,0x63,0x32,0x20,0x70,0x61,0x72,0x61,
    0x6d,0x5f,0x38,0x20,0x3d,0x20,0x70,0x6f,0x73,0x3b,0x0a,0x20,0x20,0x20,0x20,0x68,
    0x69,0x67,0x68,0x70,0x20,0x66,0x6c,0x6f,0x61,0x74,0x20,0x70,0x61,0x72,0x61,0x6d,
    0x5f,0x39,0x20,0x3d,0x20,0x30,0x2e,0x30,0x3b,0x0a,0x20,0x20,0x20,0x20,0x68,0x69,
    0x67,0x68,0x70,0x20,0x76,0x65,0x63,0x32,0x20,0x70,0x61,0x72,0x61,0x6d,0x5f,0x31,
    0x30,0x20,0x3d,0x20,0x70,0x6f,0x73,0x3b,0x0a,0x20,0x20,0x20,0x20,0x68,0x69,0x67,
    0x68,0x70,0x20,0x66,0x6c,0x6f,0x61,0x74,0x20,0x70,0x61,0x72,0x61,0x6d,0x5f,0x31,
    0x31,0x20,0x3d,0x20,0x31,0x2e,0x30,0x3b,0x0a,0x20,0x20,0x20,0x20,0x72,0x65,0x74,
    0x75,0x72,0x6e,0x20,0x28,0x28,0x48,0x6f,0x72,0x7a,0x33,0x28,0x70,0x61,0x72,0x61,
    0x6d,0x2c,0x20,0x70,0x61,0x72,0x61,0x6d,0x5f,0x31,0x29,0x20,0x2a,0x20,0x53,0x63,
    0x61,0x6e,0x28,0x70,0x61,0x72,0x61,0x6d,0x5f,0x36,0x2c,0x20,0x70,0x61,0x72,0x61,
    0x6d,0x5f,0x37,0x29,0x29,0x20,0x2b,0x20,0x28,0x48,0x6f,0x72,0x7a,0x35,0x28,0x70,
    0x61,0x72,0x61,0x6d,0x5f,0x32,0x2c,0x20,0x70,0x61,0x72,0x61,0x6d,0x5f,0x33,0x29,
    0x20,0x2a,0x20,0x53,0x63,0x61,0x6e,0x28,0x70,0x61,0x72,0x61,0x6d,0x5f,0x38,0x2c,
    0x20,0x70,0x61,0x72,0x61,0x6d,0x5f,0x39,0x29,0x29,0x29,0x20,0x2b,0x20,0x28,0x48,
    0x6f,0x72,0x7a,0x33,0x28,0x70,0x61,0x72,0x61,0x6d,0x5f,0x34,0x2c,0x20,0x70,0x61,
    0x72,0x61,0x6d,0x5f,0x35,0x29,0x20,0x2a,0x20,0x53,0x63,0x61,0x6e,0x28,0x70,0x61,
    0x72,0x61,0x6d,0x5f,0x31,0x30,0x2c,0x20,0x70,0x61,0x72,0x61,0x6d,0x5f,0x31,0x31,
    0x29,0x29,0x3b,0x0a,0x7d,0x0a,0x0a,0x68,0x69,0x67,0x68,0x70,0x20,0x76,0x65,0x63,
    0x33,0x20,0x4d,0x61,0x73,0x6b,0x28,0x69,0x6e,0x6f,0x75,0x74,0x20,0x68,0x69,0x67,
    0x68,0x70,0x20,0x76,0x65,0x63,0x32,0x20,0x70,0x6f,0x73,0x29,0x0a,0x7b,0x0a,0x20,
    0x20,0x20,0x20,0x70,0x6f,0x73,0x2e,0x78,0x20,0x2b,0x3d,0x20,0x28,0x70,0x6f,0x73,
    0x2e,0x79,0x20,0x2a,0x20,0x33,0x2e,0x30,0x29,0x3b,0x0a,0x20,0x20,0x20,0x20,0x68,
    0x69,0x67,0x68,0x70,0x20,0x76,0x65,0x63,0x33,0x20,0x6d,0x61,0x73,0x6b,0x20,0x3d,
    0x20,0x76,0x65,0x63,0x33,0x28,0x6d,0x61,0x73,0x6b,0x44,0x61,0x72,0x6b,0x29,0x3b,
    0x0a,0x20,0x20,0x20,0x20,0x70,0x6f,0x73,0x2e,0x78,0x20,0x3d,0x20,0x66,0x72,0x61,
    0x63,0x74,0x28,0x70,0x6f,0x73,0x2e,0x78,0x20,0x2a,0x20,0x30,0x2e,0x31,0x36,0x36,
    0x36,0x36,0x36,0x36,0x37,0x31,0x36,0x33,0x33,0x37,0x32,0x30,0x33,0x39,0x37,0x39,
    0x34,0x39,0x32,0x31,0x38,0x37,0x35,0x29,0x3b,0x0a,0x20,0x20,0x20,0x20,0x69,0x66,
    0x20,0x28,0x70,0x6f,0x73,0x2e,0x78,0x20,0x3c,0x20,0x30,0x2e,0x33,0x33,0x33,0x30,
    0x30,0x30,0x30,0x30,0x34,0x32,0x39,0x31,0x35,0x33,0x34,0x34,0x32,0x33,0x38,0x32,
    0x38,0x31,0x32,0x35,0x29,0x0a,0x20,0x20,0x20,0x20,0x7b,0x0a,0x20,0x20,0x20,0x20,
    0x20,0x20,0x20,0x20,0x68,0x69,0x67,0x68,0x70,0x20,0x76,0x65,0x63,0x33,0x20,0x5f,
    0x35,0x35,0x30,0x20,0x3d,0x20,0x6d,0x61,0x73,0x6b,0x3b,0x0a,0x20,0x20,0x20,0x20,
    0x20,0x20,0x20,0x20,0x5f,0x35,0x35,0x30,0x2e,0x78,0x20,0x3d,0x20,0x6d,0x61,0x73,
    0x6b,0x4c,0x69,0x67,0x68,0x74,0x3b,0x0a,0x20,0x20,0x20,0x20,0x20,0x20,0x20,0x20,
    0x6d,0x61,0x73,0x6b,0x20,0x3d,0x20,0x5f,0x35,0x35,0x30,0x3b,0x0a,0x20,0x20,0x20,
    0x20,0x7d,0x0a,0x20,0x20,0x20,0x20,0x65,0x6c,0x73,0x65,0x0a,0x20,0x20,0x20,0x20,
    0x7b,0x0a,0x20,0x20,0x20,0x20,0x20,0x20,0x20,0x20,0x69,0x66,0x20,0x28,0x70,0x6f,
    0x73,0x2e,0x78,0x20,0x3c,0x20,0x30,0x2e,0x36,0x36,0x36,0x30,0x30,0x30,0x30,0x30,
    0x38,0x35,0x38,0x33,0x30,0x36,0x38,0x38,0x34,0x37,0x36,0x35,0x36,0x32,0x35,0x29,
    0x0a,0x20,0x20,0x20,0x20,0x20,0x20,0x20,0x20,0x7b,0x0a,0x20,0x20,0x20,0x20,0x20,
    0x20,0x20,0x20,0x20,0x20,0x20,0x20,0x68,0x69,0x67,0x68,0x70,0x20,0x76,0x65,0x63,
    0x33,0x20,0x5f,0x35,0x35,0x32,0x20,0x3d,0x20,0x6d,0x61,0x73,0x6b,0x3b,0x0a,0x20,
    0x20,0x20,0x20,0x20,0x20,0x20,0x20,0x20,0x20,0x20,0x20,0x5f,0x35,0x35,0x32,0x2e,
    0x79,0x20,0x3d,0x20,0x6d,0x61,0x73,0x6b,0x4c,0x69,0x67,0x68,0x74,0x3b,0x0a,0x20,
    0x20,0x20,0x20,0x20,0x20,0x20,0x20,0x20,0x20,0x20,0x20,0x6d,0x61,0x73,0x6b,0x20,
    0x3d,0x20,0x5f,0x35,0x35,0x32,0x3b,0x0a,0x20,0x20,0x20,0x20,0x20,0x20,0x20,0x20,
    0x7d,0x0a,0x20,0x20,0x20,0x20,0x20,0x20,0x20,0x20,0x65,0x6c,0x73,0x65,0x0a,0x20,
    0x20,0x20,0x20,0x20,0x20,0x20,0x20,0x7b,0x0a,0x20,0x20,0x20,0x20,0x20,0x20,0x20,
    0x20,0x20,0x20,0x20,0x20,0x68,0x69,0x67,0x68,0x70,0x20,0x76,0x65,0x63,0x33,0x20,
    0x5f,0x35,0x35,0x34,0x20,0x3d,0x20,0x6d,0x61,0x73,0x6b,0x3b,0x0a,0x20,0x20,0x20,
    0x20,0x20,0x20,0x20,0x20,0x20,0x20,0x20,0x20,0x5f,0x35,0x35,0x34,0x2e,0x7a,0x20,
    0x3d,0x20,0x6d,0x61,0x73,0x6b,0x4c,0x69,0x67,0x68,0x74,0x3b,0x0a,0x20,0x20,0x20,
    0x20,0x20,0x20,0x20,0x20,0x20,0x20,0x20,0x20,0x6d,0x61,0x73,0x6b,0x20,0x3d,0x20,
    0x5f,0x35,0x35,0x34,0x3b,0x0a,0x20,0x20,0x20,0x20,0x20,0x20,0x20,0x20,0x7d,0x0a,
    0x20,0x20,0x20,0x20,0x7d,0x0a,0x20,0x20,0x20,0x20,0x72,0x65,0x74,0x75,0x72,0x6e,
    0x20,0x6d,0x61,0x73,0x6b,0x3b,0x0a,0x7d,0x0a,0x0a,0x68,0x69,0x67,0x68,0x70,0x20,
    0x66,0x6c,0x6f,0x61,0x74,0x20,0x54,0x6f,0x53,0x72,0x67,0x62,0x31,0x28,0x68,0x69,
    0x67,0x68,0x70,0x20,0x66,0x6c,0x6f,0x61,0x74,0x20,0x63,0x29,0x0a,0x7b,0x0a,0x20,
    0x20,0x20,0x20,0x68,0x69,0x67,0x68,0x70,0x20,0x66,0x6c,0x6f,0x61,0x74,0x20,0x5f,
    0x31,0x32,0x35,0x3b,0x0a,0x20,0x20,0x20,0x20,0x69,0x66,0x20,0x28,0x63,0x20,0x3c,
    0x20,0x30,0x2e,0x30,0x30,0x33,0x31,0x33,0x30,0x38,0x30,0x30,0x30,0x39,0x30,0x37,
    0x33,0x30,0x31,0x39,0x30,0x32,0x37,0x37,0x30,0x39,0x39,0x36,0x30,0x39,0x33,0x37,
    0x35,0x29,0x0a,0x20,0x20,0x20,0x20,0x7b,0x0a,0x20,0x20,0x20,0x20,0x20,0x20,0x20,
    0x20,0x5f,0x31,0x32,0x35,0x20,0x3d,0x20,0x63,0x20,0x2a,0x20,0x31,0x32,0x2e,0x39,
    0x32,0x30,0x30,0x30,0x30,0x30,0x37,0x36,0x32,0x39,0x33,0x39,0x34,0x35,0x33,0x31,
    0x32,0x35,0x3b,0x0a,0x20,0x20,0x20,0x20,0x7d,0x0a,0x20,0x20,0x20,0x20,0x65,0x6c,
    0x73,0x65,0x0a,0x20,0x20,0x20,0x20,0x7b,0x0a,0x20,0x20,0x20,0x20,0x20,0x20,0x20,
    0x20,0x5f,0x31,0x32,0x35,0x20,0x3d,0x20,0x28,0x31,0x2e,0x30,0x35,0x34,0x39,0x39,
    0x39,0x39,0x34,0x37,0x35,0x34,0x37,0x39,0x31,0x32,0x35,0x39,0x37,0x36,0x35,0x36,
    0x32,0x35,0x20,0x2a,0x20,0x70,0x6f,0x77,0x28,0x63,0x2c,0x20,0x30,0x2e,0x34,0x31,
    0x36,0x36,0x36,0x30,0x30,0x31,0x30,0x38,0x31,0x34,0x36,0x36,0x36,0x37,0x34,0x38,
    0x30,0x34,0x36,0x38,0x37,0x35,0x29,0x29,0x20,0x2d,0x20,0x30,0x2e,0x30,0x35,0x34,
    0x39,0x39,0x39,0x39,0x39,0x39,0x37,0x30,0x31,0x39,0x37,0x36,0x37,0x37,0x36,0x31,
    0x32,0x33,0x30,0x34,0x36,0x38,0x37,0x35,0x3b,0x0a,0x20,0x20,0x20,0x20,0x7d,0x0a,
    0x20,0x20,0x20,0x20,0x72,0x65,0x74,0x75,0x72,0x6e,0x20,0x5f,0x31,0x32,0x35,0x3b,
    0x0a,0x7d,0x0a,0x0a,0x68,0x69,0x67,0x68,0x70,0x20,0x76,0x65,0x63,0x33,0x20,0x54,
    0x6f,0x53,0x72,0x67,0x62,0x28,0x68,0x69,0x67,0x68,0x70,0x20,0x76,0x65,0x63,0x33,
    0x20,0x63,0x29,0x0a,0x7b,0x0a,0x20,0x20,0x20,0x20,0x68,0x69,0x67,0x68,0x70,0x20,
    0x66,0x6c,0x6f,0x61,0x74,0x20,0x70,0x61,0x72,0x61,0x6d,0x20,0x3d,0x20,0x63,0x2e,
    0x78,0x3b,0x0a,0x20,0x20,0x20,0x20,0x68,0x69,0x67,0x68,0x70,0x20,0x66,0x6c,0x6f,
    0x61,0x74,0x20,0x70,0x61,0x72,0x61,0x6d,0x5f,0x31,0x20,0x3d,0x20,0x63,0x2e,0x79,
    0x3b,0x0a,0x20,0x20,0x20,0x20,0x68,0x69,0x67,0x68,0x70,0x20,0x66,0x6c,0x6f,0x61,
    0x74,0x20,0x70,0x61,0x72,0x61,0x6d,0x5f,0x32,0x20,0x3d,0x20,0x63,0x2e,0x7a,0x3b,
    0x0a,0x20,0x20,0x20,0x20,0x72,0x65,0x74,0x75,0x72,0x6e,0x20,0x76,0x65,0x63,0x33,
    0x28,0x54,0x6f,0x53,0x72,0x67,0x62,0x31,0x28,0x70,0x61,0x72,0x61,0x6d,0x29,0x2c,
    0x20,0x54,0x6f,0x53,0x72,0x67,0x62,0x31,0x28,0x70,0x61,0x72,0x61,0x6d,0x5f,0x31,
    0x29,0x2c,0x20,0x54,0x6f,0x53,0x72,0x67,0x62,0x31,0x28,0x70,0x61,0x72,0x61,0x6d,
    0x5f,0x32,0x29,0x29,0x3b,0x0a,0x7d,0x0a,0x0a,0x76,0x6f,0x69,0x64,0x20,0x6d,0x61,
    0x69,0x6e,0x28,0x29,0x0a,0x7b,0x0a,0x20,0x20,0x20,0x20,0x72,0x65,0x73,0x20,0x3d,
    0x20,0x76,0x65,0x63,0x32,0x28,0x32,0x35,0x36,0x2e,0x30,0x2c,0x20,0x31,0x34,0x34,
    0x2e,0x30,0x29,0x3b,0x0a,0x20,0x20,0x20,0x20,0x68,0x61,0x72,0x64,0x53,0x63,0x61,
    0x6e,0x20,0x3d,0x20,0x2d,0x38,0x2e,0x30,0x3b,0x0a,0x20,0x20,0x20,0x20,0x68,0x61,
    0x72,0x64,0x50,0x69,0x78,0x20,0x3d,0x20,0x2d,0x33,0x2e,0x30,0x3b,0x0a,0x20,0x20,
    0x20,0x20,0x77,0x61,0x72,0x70,0x20,0x3d,0x20,0x76,0x65,0x63,0x32,0x28,0x30,0x2e,
    0x30,0x31,0x35,0x36,0x32,0x35,0x2c,0x20,0x30,0x2e,0x30,0x32,0x30,0x38,0x33,0x33,
    0x33,0x33,0x33,0x39,0x35,0x34,0x32,0x31,0x35,0x30,0x34,0x39,0x37,0x34,0x33,0x36,
    0x35,0x32,0x33,0x34,0x33,0x37,0x35,0x29,0x3b,0x0a,0x20,0x20,0x20,0x20,0x6d,0x61,
    0x73,0x6b,0x44,0x61,0x72,0x6b,0x20,0x3d,0x20,0x30,0x2e,0x35,0x3b,0x0a,0x20,0x20,
    0x20,0x20,0x6d,0x61,0x73,0x6b,0x4c,0x69,0x67,0x68,0x74,0x20,0x3d,0x20,0x31,0x2e,
    0x35,0x3b,0x0a,0x20,0x20,0x20,0x20,0x68,0x61,0x72,0x64,0x53,0x63,0x61,0x6e,0x20,
    0x3d,0x20,0x2d,0x31,0x32,0x2e,0x30,0x3b,0x0a,0x20,0x20,0x20,0x20,0x68,0x69,0x67,
    0x68,0x70,0x20,0x76,0x65,0x63,0x32,0x20,0x70,0x61,0x72,0x61,0x6d,0x20,0x3d,0x20,
    0x70,0x6f,0x73,0x5f,0x6f,0x75,0x74,0x3b,0x0a,0x20,0x20,0x20,0x20,0x68,0x69,0x67,
    0x68,0x70,0x20,0x76,0x65,0x63,0x32,0x20,0x5f,0x35,0x33,0x34,0x20,0x3d,0x20,0x57,
    0x61,0x72,0x70,0x28,0x70,0x61,0x72,0x61,0x6d,0x29,0x3b,0x0a,0x20,0x20,0x20,0x20,
    0x68,0x69,0x67,0x68,0x70,0x20,0x76,0x65,0x63,0x32,0x20,0x70,0x61,0x72,0x61,0x6d,
    0x5f,0x31,0x20,0x3d,0x20,0x5f,0x35,0x33,0x34,0x3b,0x0a,0x20,0x20,0x20,0x20,0x68,
    0x69,0x67,0x68,0x70,0x20,0x76,0x65,0x63,0x32,0x20,0x70,0x61,0x72,0x61,0x6d,0x5f,
    0x32,0x20,0x3d,0x20,0x76,0x65,0x63,0x32,0x28,0x67,0x6c,0x5f,0x46,0x72,0x61,0x67,
    0x43,0x6f,0x6f,0x72,0x64,0x2e,0x78,0x2c,0x20,0x61,0x62,0x73,0x28,0x79,0x5f,0x6f,
    0x72,0x69,0x67,0x69,0x6e,0x5f,0x6f,0x75,0x74,0x20,0x2d,0x20,0x67,0x6c,0x5f,0x46,
    0x72,0x61,0x67,0x43,0x6f,0x6f,0x72,0x64,0x2e,0x79,0x29,0x29,0x3b,0x0a,0x20,0x20,
    0x20,0x20,0x68,0x69,0x67,0x68,0x70,0x20,0x76,0x65,0x63,0x33,0x20,0x5f,0x35,0x33,
    0x39,0x20,0x3d,0x20,0x4d,0x61,0x73,0x6b,0x28,0x70,0x61,0x72,0x61,0x6d,0x5f,0x32,
    0x29,0x3b,0x0a,0x20,0x20,0x20,0x20,0x68,0x69,0x67,0x68,0x70,0x20,0x76,0x65,0x63,
    0x33,0x20,0x70,0x61,0x72,0x61,0x6d,0x5f,0x33,0x20,0x3d,0x20,0x54,0x72,0x69,0x28,
    0x70,0x61,0x72,0x61,0x6d,0x5f,0x31,0x29,0x20,0x2a,0x20,0x5f,0x35,0x33,0x39,0x3b,
    0x0a,0x20,0x20,0x20,0x20,0x66,0x72,0x61,0x67,0x5f,0x63,0x6f,0x6c,0x6f,0x72,0x20,
    0x3d,0x20,0x76,0x65,0x63,0x34,0x28,0x54,0x6f,0x53,0x72,0x67,0x62,0x28,0x70,0x61,
    0x72,0x61,0x6d,0x5f,0x33,0x29,0x2c,0x20,0x31,0x2e,0x30,0x29,0x3b,0x0a,0x7d,0x0a,
    0x0a,0x00,
};
#endif
/*
    cbuffer crt_params : register(b0)
    {
        float2 _12_rect_pos : packoffset(c0);
        float2 _12_rect_size : packoffset(c0.z);
        float2 _12_resolution : packoffset(c1);
        float _12_y_origin : packoffset(c1.z);
    };


    static float4 gl_Position;
    static float2 pos;
    static float2 pos_out;
    static float y_origin_out;

    struct SPIRV_Cross_Input
    {
        float2 pos : TEXCOORD0;
    };

    struct SPIRV_Cross_Output
    {
        float2 pos_out : TEXCOORD0;
        float y_origin_out : TEXCOORD1;
        float4 gl_Position : SV_Position;
    };

    void vert_main()
    {
        float2 _36 = (((_12_rect_pos + (pos * _12_rect_size)) / _12_resolution) * 2.0f) - 1.0f.xx;
        gl_Position = float4(_36.x, -_36.y, 0.0f, 1.0f);
        pos_out = pos;
        y_origin_out = _12_y_origin;
    }

    SPIRV_Cross_Output main(SPIRV_Cross_Input stage_input)
    {
        pos = stage_input.pos;
        vert_main();
        SPIRV_Cross_Output stage_output;
        stage_output.gl_Position = gl_Position;
        stage_output.pos_out = pos_out;
        stage_output.y_origin_out = y_origin_out;
        return stage_output;
    }
*/
#if defined(SOKOL_D3D11)
static const uint8_t crt_vs_source_hlsl4[1023] = {
    0x63,0x62,0x75,0x66,0x66,0x65,0x72,0x20,0x63,0x72,0x74,0x5f,0x70,0x61,0x72,0x61,
    0x6d,0x73,0x20,0x3a,0x20,0x72,0x65,0x67,0x69,0x73,0x74,0x65,0x72,0x28,0x62,0x30,
    0x29,0x0a,0x7b,0x0a,0x20,0x20,0x20,0x20,0x66,0x6c,0x6f,0x61,0x74,0x32,0x20,0x5f,
    0x31,0x32,0x5f,0x72,0x65,0x63,0x74,0x5f,0x70,0x6f,0x73,0x20,0x3a,0x20,0x70,0x61,
    0x63,0x6b,0x6f,0x66,0x66,0x73,0x65,0x74,0x28,0x63,0x30,0x29,0x3b,0x0a,0x20,0x20,
    0x20,0x20,0x66,0x6c,0x6f,0x61,0x74,0x32,0x20,0x5f,0x31,0x32,0x5f,0x72,0x65,0x63,
    0x74,0x5f,0x73,0x69,0x7a,0x65,0x20,0x3a,0x20,0x70,0x61,0x63,0x6b,0x6f,0x66,0x66,
    0x73,0x65,0x74,0x28,0x63,0x30,0x2e,0x7a,0x29,0x3b,0x0a,0x20,0x20,0x20,0x20,0x66,
    0x6c,0x6f,0x61,0x74,0x32,0x20,0x5f,0x31,0x32,0x5f,0x72,0x65,0x73,0x6f,0x6c,0x75,
    0x74,0x69,0x6f,0x6e,0x20,0x3a,0x20,0x70,0x61,0x63,0x6b,0x6f,0x66,0x66,0x73,0x65,
    0x74,0x28,0x63,0x31,0x29,0x3b,0x0a,0x20,0x20,0x20,0x20,0x66,0x6c,0x6f,0x61,0x74,
    0x20,0x5f,0x31,0x32,0x5f,0x79,0x5f,0x6f,0x72,0x69,0x67,0x69,0x6e,0x20,0x3a,0x20,
    0x70,0x61,0x63,0x6b,0x6f,0x66,0x66,0x73,0x65,0x74,0x28,0x63,0x31,0x2e,0x7a,0x29,
    0x3b,0x0a,0x7d,0x3b,0x0a,0x0a,0x0a,0x73,0x74,0x61,0x74,0x69,0x63,0x20,0x66,0x6c,
    0x6f,0x61,0x74,0x34,0x20,0x67,0x6c,0x5f,0x50,0x6f,0x73,0x69,0x74,0x69,0x6f,0x6e,
    0x3b,0x0a,0x73,0x74,0x61,0x74,0x69,0x63,0x20,0x66,0x6c,0x6f,0x61,0x74,0x32,0x20,
    0x70,0x6f,0x73,0x3b,0x0a,0x73,0x74,0x61,0x74,0x69,0x63,0x20,0x66,0x6c,0x6f,0x61,
    0x74,0x32,0x20,0x70,0x6f,0x73,0x5f,0x6f,0x75,0x74,0x3b,0x0a,0x73,0x74,0x61,0x74,
    0x69,0x63,0x20,0x66,0x6c,0x6f,0x61,0x74,0x20,0x79,0x5f,0x6f,0x72,0x69,0x67,0x69,
    0x6e,0x5f,0x6f,0x75,0x74,0x3b,0x0a,0x0a,0x73,0x74,0x72,0x75,0x63,0x74,0x20,0x53,
    0x50,0x49,0x52,0x56,0x5f,0x43,0x72,0x6f,0x73,0x73,0x5f,0x49,0x6e,0x70,0x75,0x74,
    0x0a,0x7b,0x0a,0x20,0x20,0x20,0x20,0x66,0x6c,0x6f,0x61,0x74,0x32,0x20,0x70,0x6f,
    0x73,0x20,0x3a,0x20,0x54,0x45,0x58,0x43,0x4f,0x4f,0x52,0x44,0x30,0x3b,0x0a,0x7d,
    0x3b,0x0a,0x0a,0x73,0x74,0x72,0x75,0x63,0x74,0x20,0x53,0x50,0x49,0x52,0x56,0x5f,
    0x43,0x72,0x6f,0x73,0x73,0x5f,0x4f,0x75,0x74,0x70,0x75,0x74,0x0a,0x7b,0x0a,0x20,
    0x20,0x20,0x20,0x66,0x6c,0x6f,0x61,0x74,0x32,0x20,0x70,0x6f,0x73,0x5f,0x6f,0x75,
    0x74,0x20,0x3a,0x20,0x54,0x45,0x58,0x43,0x4f,0x4f,0x52,0x44,0x30,0x3b,0x0a,0x20,
    0x20,0x20,0x20,0x66,0x6c,0x6f,0x61,0x74,0x20,0x79,0x5f,0x6f,0x72,0x69,0x67,0x69,
    0x6e,0x5f,0x6f,0x75,0x74,0x20,0x3a,0x20,0x54,0x45,0x58,0x43,0x4f,0x4f,0x52,0x44,
    0x31,0x3b,0x0a,0x20,0x20,0x20,0x20,0x66,0x6c,0x6f,0x61,0x74,0x34,0x20,0x67,0x6c,
    0x5f,0x50,0x6f,0x73,0x69,0x74,0x69,0x6f,0x6e,0x20,0x3a,0x20,0x53,0x56,0x5f,0x50,
    0x6f,0x73,0x69,0x74,0x69,0x6f,0x6e,0x3b,0x0a,0x7d,0x3b,0x0a,0x0a,0x76,0x6f,0x69,
    0x64,0x20,0x76,0x65,0x72,0x74,0x5f,0x6d,0x61,0x69,0x6e,0x28,0x29,0x0a,0x7b,0x0a,
    0x20,0x20,0x20,0x20,0x66,0x6c,0x6f,0x61,0x74,0x32,0x20,0x5f,0x33,0x36,0x20,0x3d,
    0x20,0x28,0x28,0x28,0x5f,0x31,0x32,0x5f,0x72,0x65,0x63,0x74,0x5f,0x70,0x6f,0x73,
    0x20,0x2b,0x20,0x28,0x70,0x6f,0x73,0x20,0x2a,0x20,0x5f,0x31,0x32,0x5f,0x72,0x65,
    0x63,0x74,0x5f,0x73,0x69,0x7a,0x65,0x29,0x29,0x20,0x2f,0x20,0x5f,0x31,0x32,0x5f,
    0x72,0x65,0x73,0x6f,0x6c,0x75,0x74,0x69,0x6f,0x6e,0x29,0x20,0x2a,0x20,0x32,0x2e,
    0x30,0x66,0x29,0x20,0x2d,0x20,0x31,0x2e,0x30,0x66,0x2e,0x78,0x78,0x3b,0x0a,0x20,
    0x20,0x20,0x20,0x67,0x6c,0x5f,0x50,0x6f,0x73,0x69,0x74,0x69,0x6f,0x6e,0x20,0x3d,
    0x20,0x66,0x6c,0x6f,0x61,0x74,0x34,0x28,0x5f,0x33,0x36,0x2e,0x78,0x2c,0x20,0x2d,
    0x5f,0x33,0x36,0x2e,0x79,0x2c,0x20,0x30,0x2e,0x30,0x66,0x2c,0x20,0x31,0x2e,0x30,
    0x66,0x29,0x3b,0x0a,0x20,0x20,0x20,0x20,0x70,0x6f,0x73,0x5f,0x6f,0x75,0x74,0x20,
    0x3d,0x20,0x70,0x6f,0x73,0x3b,0x0a,0x20,0x20,0x20,0x20,0x79,0x5f,0x6f,0x72,0x69,
    0x67,0x69,0x6e,0x5f,0x6f,0x75,0x74,0x20,0x3d,0x20,0x5f,0x31,0x32,0x5f,0x79,0x5f,
    0x6f,0x72,0x69,0x67,0x69,0x6e,0x3b,0x0a,0x7d,0x0a,0x0a,0x53,0x50,0x49,0x52,0x56,
    0x5f,0x43,0x72,0x6f,0x73,0x73,0x5f,0x4f,0x75,0x74,0x70,0x75,0x74,0x20,0x6d,0x61,
    0x69,0x6e,0x28,0x53,0x50,0x49,0x52,0x56,0x5f,0x43,0x72,0x6f,0x73,0x73,0x5f,0x49,
    0x6e,0x70,0x75,0x74,0x20,0x73,0x74,0x61,0x67,0x65,0x5f,0x69,0x6e,0x70,0x75,0x74,
    0x29,0x0a,0x7b,0x0a,0x20,0x20,0x20,0x20,0x70,0x6f,0x73,0x20,0x3d,0x20,0x73,0x74,
    0x61,0x67,0x65,0x5f,0x69,0x6e,0x70,0x75,0x74,0x2e,0x70,0x6f,0x73,0x3b,0x0a,0x20,
    0x20,0x20,0x20,0x76,0x65,0x72,0x74,0x5f,0x6d,0x61,0x69,0x6e,0x28,0x29,0x3b,0x0a,
    0x20,0x20,0x20,0x20,0x53,0x50,0x49,0x52,0x56,0x5f,0x43,0x72,0x6f,0x73,0x73,0x5f,
    0x4f,0x75,0x74,0x70,0x75,0x74,0x20,0x73,0x74,0x61,0x67,0x65,0x5f,0x6f,0x75,0x74,
    0x70,0x75,0x74,0x3b,0x0a,0x20,0x20,0x20,0x20,0x73,0x74,0x61,0x67,0x65,0x5f,0x6f,
    0x75,0x74,0x70,0x75,0x74,0x2e,0x67,0x6c,0x5f,0x50,0x6f,0x73,0x69,0x74,0x69,0x6f,
    0x6e,0x20,0x3d,0x20,0x67,0x6c,0x5f,0x50,0x6f,0x73,0x69,0x74,0x69,0x6f,0x6e,0x3b,
    0x0a,0x20,0x20,0x20,0x20,0x73,0x74,0x61,0x67,0x65,0x5f,0x6f,0x75,0x74,0x70,0x75,
    0x74,0x2e,0x70,0x6f,0x73,0x5f,0x6f,0x75,0x74,0x20,0x3d,0x20,0x70,0x6f,0x73,0x5f,
    0x6f,0x75,0x74,0x3b,0x0a,0x20,0x20,0x20,0x20,0x73,0x74,0x61,0x67,0x65,0x5f,0x6f,
    0x75,0x74,0x70,0x75,0x74,0x2e,0x79,0x5f,0x6f,0x72,0x69,0x67,0x69,0x6e,0x5f,0x6f,
    0x75,0x74,0x20,0x3d,0x20,0x79,0x5f,0x6f,0x72,0x69,0x67,0x69,0x6e,0x5f,0x6f,0x75,
    0x74,0x3b,0x0a,0x20,0x20,0x20,0x20,0x72,0x65,0x74,0x75,0x72,0x6e,0x20,0x73,0x74,
    0x61,0x67,0x65,0x5f,0x6f,0x75,0x74,0x70,0x75,0x74,0x3b,0x0a,0x7d,0x0a,0x00,
};
#endif
/*
    Texture2D<float4> tex : register(t0);
    SamplerState smp : register(s0);

    static float4 gl_FragCoord;
    static float y_origin_out;
    static float2 pos_out;
    static float4 frag_color;

    struct SPIRV_Cross_Input
    {
        float2 pos_out : TEXCOORD0;
        float y_origin_out : TEXCOORD1;
        float4 gl_FragCoord : SV_Position;
    };

    struct SPIRV_Cross_Output
    {
        float4 frag_color : SV_Target0;
    };

    static float2 res;
    static float hardScan;
    static float hardPix;
    static float2 warp;
    static float maskDark;
    static float maskLight;

    float2 Warp(inout float2 pos)
    {
        pos = (pos * 2.0f) - 1.0f.xx;
        pos *= float2(1.0f + ((pos.y * pos.y) * warp.x), 1.0f + ((pos.x * pos.x) * warp.y));
        return (pos * 0.5f) + 0.5f.xx;
    }

    float ToLinear1(float c)
    {
        float _86;
        if (c <= 0.040449999272823333740234375f)
        {
            _86 = c * 0.077399380505084991455078125f;
        }
        else
        {
            _86 = pow((c + 0.054999999701976776123046875f) * 0.947867333889007568359375f, 2.400000095367431640625f);
        }
        return _86;
    }

    float3 ToLinear(float3 c)
    {
        float param = c.x;
        float param_1 = c.y;
        float param_2 = c.z;
        return float3(ToLinear1(param), ToLinear1(param_1), ToLinear1(param_2));
    }

    float3 Fetch(inout float2 pos, float2 off)
    {
        pos = (floor((pos * res) + off) + 0.5f.xx) / res;
        float3 param = tex.SampleBias(smp, pos, -16.0f).xyz * 1.2000000476837158203125f;
        return ToLinear(param);
    }

    float2 Dist(inout float2 pos)
    {
        pos *= res;
        return 0.5f.xx - (pos - floor(pos));
    }

    float Gaus(float pos, float scale)
    {
        return exp2((scale * pos) * pos);
    }

    float3 Horz3(float2 pos, float off)
    {
        float2 param = pos;
        float2 param_1 = float2(-1.0f, off);
        float3 _211 = Fetch(param, param_1);
        float2 param_2 = pos;
        float2 param_3 = float2(0.0f, off);
        float3 _219 = Fetch(param_2, param_3);
        float2 param_4 = pos;
        float2 param_5 = float2(1.0f, off);
        float3 _227 = Fetch(param_4, param_5);
        float2 param_6 = pos;
        float2 _231 = Dist(param_6);
        float param_7 = _231.x - 1.0f;
        float param_8 = hardPix;
        float _241 = Gaus(param_7, param_8);
        float param_9 = _231.x;
        float param_10 = hardPix;
        float _248 = Gaus(param_9, param_10);
        float param_11 = _231.x + 1.0f;
        float param_12 = hardPix;
        float _255 = Gaus(param_11, param_12);
        return (((_211 * _241) + (_219 * _248)) + (_227 * _255)) / ((_241 + _248) + _255).xxx;
    }

    float3 Horz5(float2 pos, float off)
    {
        float2 param = pos;
        float2 param_1 = float2(-2.0f, off);
        float3 _283 = Fetch(param, param_1);
        float2 param_2 = pos;
        float2 param_3 = float2(-1.0f, off);
        float3 _290 = Fetch(param_2, param_3);
        float2 param_4 = pos;
        float2 param_5 = float2(0.0f, off);
        float3 _297 = Fetch(param_4, param_5);
        float2 param_6 = pos;
        float2 param_7 = float2(1.0f, off);
        float3 _304 = Fetch(param_6, param_7);
        float2 param_8 = pos;
        float2 param_9 = float2(2.0f, off);
        float3 _312 = Fetch(param_8, param_9);
        float2 param_10 = pos;
        float2 _316 = Dist(param_10);
        float param_11 = _316.x - 2.0f;
        float param_12 = hardPix;
        float _326 = Gaus(param_11, param_12);
        float param_13 = _316.x - 1.0f;
        float param_14 = hardPix;
        float _333 = Gaus(param_13, param_14);
        float param_15 = _316.x;
        float param_16 = hardPix;
        float _340 = Gaus(param_15, param_16);
        float param_17 = _316.x + 1.0f;
        float param_18 = hardPix;
        float _347 = Gaus(param_17, param_18);
        float param_19 = _316.x + 2.0f;
        float param_20 = hardPix;
        float _354 = Gaus(param_19, param_20);
        return (((((_283 * _326) + (_290 * _333)) + (_297 * _340)) + (_304 * _347)) + (_312 * _354)) / ((((_326 + _333) + _340) + _347) + _354).xxx;
    }

    float Scan(float2 pos, float off)
    {
        float2 param = pos;
        float2 _390 = Dist(param);
        float param_1 = _390.y + off;
        float param_2 = hardScan;
        return Gaus(param_1, param_2);
    }

    float3 Tri(float2 pos)
    {
        float2 param = pos;
        float param_1 = -1.0f;
        float2 param_2 = pos;
        float param_3 = 0.0f;
        float2 param_4 = pos;
        float param_5 = 1.0f;
        float2 param_6 = pos;
        float param_7 = -1.0f;
        float2 param_8 = pos;
        float param_9 = 0.0f;
        float2 param_10 = pos;
        float param_11 = 1.0f;
        return ((Horz3(param, param_1) * Scan(param_6, param_7)) + (Horz5(param_2, param_3) * Scan(param_8, param_9))) + (Horz3(param_4, param_5) * Scan(param_10, param_11));
    }

    float3 Mask(inout float2 pos)
    {
        pos.x += (pos.y * 3.0f);
        float3 mask = maskDark.xxx;
        pos.x = frac(pos.x * 0.16666667163372039794921875f);
        if (pos.x < 0.333000004291534423828125f)
        {
            float3 _550 = mask;
            _550.x = maskLight;
            mask = _550;
        }
        else
        {
            if (pos.x < 0.66600000858306884765625f)
            {
                float3 _552 = mask;
                _552.y = maskLight;
                mask = _552;
            }
            else
            {
                float3 _554 = mask;
                _554.z = maskLight;
                mask = _554;
            }
        }
        return mask;
    }

    float ToSrgb1(float c)
    {
        float _125;
        if (c < 0.003130800090730190277099609375f)
        {
            _125 = c * 12.9200000762939453125f;
        }
        else
        {
            _125 = (1.05499994754791259765625f * pow(c, 0.416660010814666748046875f)) - 0.054999999701976776123046875f;
        }
        return _125;
    }

    float3 ToSrgb(float3 c)
    {
        float param = c.x;
        float param_1 = c.y;
        float param_2 = c.z;
        return float3(ToSrgb1(param), ToSrgb1(param_1), ToSrgb1(param_2));
    }

    void frag_main()
    {
        res = float2(256.0f, 144.0f);
        hardScan = -8.0f;
        hardPix = -3.0f;
        warp = float2(0.015625f, 0.02083333395421504974365234375f);
        maskDark = 0.5f;
        maskLight = 1.5f;
        hardScan = -12.0f;
        float2 param = pos_out;
        float2 _534 = Warp(param);
        float2 param_1 = _534;
        float2 param_2 = float2(gl_FragCoord.x, abs(y_origin_out - gl_FragCoord.y));
        float3 _539 = Mask(param_2);
        float3 param_3 = Tri(param_1) * _539;
        frag_color = float4(ToSrgb(param_3), 1.0f);
    }

    SPIRV_Cross_Output main(SPIRV_Cross_Input stage_input)
    {
        gl_FragCoord = stage_input.gl_FragCoord;
        gl_FragCoord.w = 1.0 / gl_FragCoord.w;
        y_origin_out = stage_input.y_origin_out;
        pos_out = stage_input.pos_out;
        frag_main();
        SPIRV_Cross_Output stage_output;
        stage_output.frag_color = frag_color;
        return stage_output;
    }
*/
#if defined(SOKOL_D3D11)
static const uint8_t crt_fs_source_hlsl4[6385] = {
    0x54,0x65,0x78,0x74,0x75,0x72,0x65,0x32,0x44,0x3c,0x66,0x6c,0x6f,0x61,0x74,0x34,
    0x3e,0x20,0x74,0x65,0x78,0x20,0x3a,0x20,0x72,0x65,0x67,0x69,0x73,0x74,0x65,0x72,
    0x28,0x74,0x30,0x29,0x3b,0x0a,0x53,0x61,0x6d,0x70,0x6c,0x65,0x72,0x53,0x74,0x61,
    0x74,0x65,0x20,0x73,0x6d,0x70,0x20,0x3a,0x20,0x72,0x65,0x67,0x69,0x73,0x74,0x65,
    0x72,0x28,0x73,0x30,0x29,0x3b,0x0a,0x0a,0x73,0x74,0x61,0x74,0x69,0x63,0x20,0x66,
    0x6c,0x6f,0x61,0x74,0x34,0x20,0x67,0x6c,0x5f,0x46,0x72,0x61,0x67,0x43,0x6f,0x6f,
    0x72,0x64,0x3b,0x0a,0x73,0x74,0x61,0x74,0x69,0x63,0x20,0x66,0x6c,0x6f,0x61,0x74,
    0x20,0x79,0x5f,0x6f,0x72,0x69,0x67,0x69,0x6e,0x5f,0x6f,0x75,0x74,0x3b,0x0a,0x73,
    0x74,0x61,0x74,0x69,0x63,0x20,0x66,0x6c,0x6f,0x61,0x74,0x32,0x20,0x70,0x6f,0x73,
    0x5f,0x6f,0x75,0x74,0x3b,0x0a,0x73,0x74,0x61,0x74,0x69,0x63,0x20,0x66,0x6c,0x6f,
    0x61,0x74,0x34,0x20,0x66,0x72,0x61,0x67,0x5f,0x63,0x6f,0x6c,0x6f,0x72,0x3b,0x0a,
    0x0a,0x73,0x74,0x72,0x75,0x63,0x74,0x20,0x53,0x50,0x49,0x52,0x56,0x5f,0x43,0x72,
    0x6f,0x73,0x73,0x5f,0x49,0x6e,0x70,0x75,0x74,0x0a,0x7b,0x0a,0x20,0x20,0x20,0x20,
    0x66,0x6c,0x6f,0x61,0x74,0x32,0x20,0x70,0x6f,0x73,0x5f,0x6f,0x75,0x74,0x20,0x3a,
    0x20,0x54,0x45,0x58,0x43,0x4f,0x4f,0x52,0x44,0x30,0x3b,0x0a,0x20,0x20,0x20,0x20,
    0x66,0x6c,0x6f,0x61,0x74,0x20,0x79,0x5f,0x6f,0x72,0x69,0x67,0x69,0x6e,0x5f,0x6f,
    0x75,0x74,0x20,0x3a,0x20,0x54,0x45,0x58,0x43,0x4f,0x4f,0x52,0x44,0x31,0x3b,0x0a,
    0x20,0x20,0x20,0x20,0x66,0x6c,0x6f,0x61,0x74,0x34,0x20,0x67,0x6c,0x5f,0x46,0x72,
    0x61,0x67,0x43,0x6f,0x6f,0x72,0x64,0x20,0x3a,0x20,0x53,0x56,0x5f,0x50,0x6f,0x73,
    0x69,0x74,0x69,0x6f,0x6e,0x3b,0x0a,0x7d,0x3b,0x0a,0x0a,0x73,0x74,0x72,0x75,0x63,
    0x74,0x20,0x53,0x50,0x49,0x52,0x56,0x5f,0x43,0x72,0x6f,0x73,0x73,0x5f,0x4f,0x75,
    0x74,0x70,0x75,0x74,0x0a,0x7b,0x0a,0x20,0x20,0x20,0x20,0x66,0x6c,0x6f,0x61,0x74,
    0x34,0x20,0x66,0x72,0x61,0x67,0x5f,0x63,0x6f,0x6c,0x6f,0x72,0x20,0x3a,0x20,0x53,
    0x56,0x5f,0x54,0x61,0x72,0x67,0x65,0x74,0x30,0x3b,0x0a,0x7d,0x3b,0x0a,0x0a,0x73,
    0x74,0x61,0x74,0x69,0x63,0x20,0x66,0x6c,0x6f,0x61,0x74,0x32,0x20,0x72,0x65,0x73,
    0x3b,0x0a,0x73,0x74,0x61,0x74,0x69,0x63,0x20,0x66,0x6c,0x6f,0x61,0x74,0x20,0x68,
    0x61,0x72,0x64,0x53,0x63,0x61,0x6e,0x3b,0x0a,0x73,0x74,0x61,0x74,0x69,0x63,0x20,
    0x66,0x6c,0x6f,0x61,0x74,0x20,0x68,0x61,0x72,0x64,0x50,0x69,0x78,0x3b,0x0a,0x73,
    0x74,0x61,0x74,0x69,0x63,0x20,0x66,0x6c,0x6f,0x61,0x74,0x32,0x20,0x77,0x61,0x72,
    0x70,0x3b,0x0a,0x73,0x74,0x61,0x74,0x69,0x63,0x20,0x66,0x6c,0x6f,0x61,0x74,0x20,
    0x6d,0x61,0x73,0x6b,0x44,0x61,0x72,0x6b,0x3b,0x0a,0x73,0x74,0x61,0x74,0x69,0x63,
    0x20,0x66,0x6c,0x6f,0x61,0x74,0x20,0x6d,0x61,0x73,0x6b,0x4c,0x69,0x67,0x68,0x74,
    0x3b,0x0a,0x0a,0x66,0x6c,0x6f,0x61,0x74,0x32,0x20,0x57,0x61,0x72,0x70,0x28,0x69,
    0x6e,0x6f,0x75,0x74,0x20,0x66,0x6c,0x6f,0x61,0x74,0x32,0x20,0x70,0x6f,0x73,0x29,
    0x0a,0x7b,0x0a,0x20,0x20,0x20,0x20,0x70,0x6f,0x73,0x20,0x3d,0x20,0x28,0x70,0x6f,
    0x73,0x20,0x2a,0x20,0x32,0x2e,0x30,0x66,0x29,0x20,0x2d,0x20,0x31,0x2e,0x30,0x66,
    0x2e,0x78,0x78,0x3b,0x0a,0x20,0x20,0x20,0x20,0x70,0x6f,0x73,0x20,0x2a,0x3d,0x20,
    0x66,0x6c,0x6f,0x61,0x74,0x32,0x28,0x31,0x2e,0x30,0x66,0x20,0x2b,0x20,0x28,0x28,
    0x70,0x6f,0x73,0x2e,0x79,0x20,0x2a,0x20,0x70,0x6f,0x73,0x2e,0x79,0x29,0x20,0x2a,
    0x20,0x77,0x61,0x72,0x70,0x2e,0x78,0x29,0x2c,0x20,0x31,0x2e,0x30,0x66,0x20,0x2b,
    0x20,0x28,0x28,0x70,0x6f,0x73,0x2e,0x78,0x20,0x2a,0x20,0x70,0x6f,0x73,0x2e,0x78,
    0x29,0x20,0x2a,0x20,0x77,0x61,0x72,0x70,0x2e,0x79,0x29,0x29,0x3b,0x0a,0x20,0x20,
    0x20,0x20,0x72,0x65,0x74,0x75,0x72,0x6e,0x20,0x28,0x70,0x6f,0x73,0x20,0x2a,0x20,
    0x30,0x2e,0x35,0x66,0x29,0x20,0x2b,0x20,0x30,0x2e,0x35,0x66,0x2e,0x78,0x78,0x3b,
    0x0a,0x7d,0x0a,0x0a,0x66,0x6c,0x6f,0x61,0x74,0x20,0x54,0x6f,0x4c,0x69,0x6e,0x65,
    0x61,0x72,0x31,0x28,0x66,0x6c,0x6f,0x61,0x74,0x20,0x63,0x29,0x0a,0x7b,0x0a,0x20,
    0x20,0x20,0x20,0x66,0x6c,0x6f,0x61,0x74,0x20,0x5f,0x38,0x36,0x3b,0x0a,0x20,0x20,
    0x20,0x20,0x69,0x66,0x20,0x28,0x63,0x20,0x3c,0x3d,0x20,0x30,0x2e,0x30,0x34,0x30,
    0x34,0x34,0x39,0x39,0x39,0x39,0x32,0x37,0x32,0x38,0x32,0x33,0x33,0x33,0x33,0x37,
    0x34,0x30,0x32,0x33,0x34,0x33,0x37,0x35,0x66,0x29,0x0a,0x20,0x20,0x20,0x20,0x7b,
    0x0a,0x20,0x20,0x20,0x20,0x20,0x20,0x20,0x20,0x5f,0x38,0x36,0x20,0x3d,0x20,0x63,
    0x20,0x2a,0x20,0x30,0x2e,0x30,0x37,0x37,0x33,0x39,0x39,0x33,0x38,0x30,0x35,0x30,
    0x35,0x30,0x38,0x34,0x39,0x39,0x31,0x34,0x35,0x35,0x30,0x37,0x38,0x31,0x32,0x35,
    0x66,0x3b,0x0a,0x20,0x20,0x20,0x20,0x7d,0x0a,0x20,0x20,0x20,0x20,0x65,0x6c,0x73,
    0x65,0x0a,0x20,0x20,0x20,0x20,0x7b,0x0a,0x20,0x20,0x20,0x20,0x20,0x20,0x20,0x20,
    0x5f,0x38,0x36,0x20,0x3d,0x20,0x70,0x6f,0x77,0x28,0x28,0x63,0x20,0x2b,0x20,0x30,
    0x2e,0x30,0x35,0x34,0x39,0x39,0x39,0x39,0x39,0x39,0x37,0x30,0x31,0x39,0x37,0x36,
    0x37,0x37,0x36,0x31,0x32,0x33,0x30,0x34,0x36,0x38,0x37,0x35,0x66,0x29,0x20,0x2a,
    0x20,0x30,0x2e,0x39,0x34,0x37,0x38,0x36,0x37,0x33,0x33,0x33,0x38,0x38,0x39,0x30,
    0x30,0x37,0x35,0x36,0x38,0x33,0x35,0x39,0x33,0x37,0x35,0x66,0x2c,0x20,0x32,0x2e,
    0x34,0x30,0x30,0x30,0x30,0x30,0x30,0x39,0x35,0x33,0x36,0x37,0x34,0x33,0x31,0x36,
    0x34,0x30,0x36,0x32,0x35,0x66,0x29,0x3b,0x0a,0x20,0x20,0x20,0x20,0x7d,0x0a,0x20,
    0x20,0x20,0x20,0x72,0x65,0x74,0x75,0x72,0x6e,0x20,0x5f,0x38,0x36,0x3b,0x0a,0x7d,
    0x0a,0x0a,0x66,0x6c,0x6f,0x61,0x74,0x33,0x20,0x54,0x6f,0x4c,0x69,0x6e,0x65,0x61,
    0x72,0x28,0x66,0x6c,0x6f,0x61,0x74,0x33,0x20,0x63,0x29,0x0a,0x7b,0x0a,0x20,0x20,
    0x20,0x20,0x66,0x6c,0x6f,0x61,0x74,0x20,0x70,0x61,0x72,0x61,0x6d,0x20,0x3d,0x20,
    0x63,0x2e,0x78,0x3b,0x0a,0x20,0x20,0x20,0x20,0x66,0x6c,0x6f,0x61,0x74,0x20,0x70,
    0x61,0x72,0x61,0x6d,0x5f,0x31,0x20,0x3d,0x20,0x63,0x2e,0x79,0x3b,0x0a,0x20,0x20,
    0x20,0x20,0x66,0x6c,0x6f,0x61,0x74,0x20,0x70,0x61,0x72,0x61,0x6d,0x5f,0x32,0x20,
    0x3d,0x20,0x63,0x2e,0x7a,0x3b,0x0a,0x20,0x20,0x20,0x20,0x72,0x65,0x74,0x75,0x72,
    0x6e,0x20,0x66,0x6c,0x6f,0x61,0x74,0x33,0x28,0x54,0x6f,0x4c,0x69,0x6e,0x65,0x61,
    0x72,0x31,0x28,0x70,0x61,0x72,0x61,0x6d,0x29,0x2c,0x20,0x54,0x6f,0x4c,0x69,0x6e,
    0x65,0x61,0x72,0x31,0x28,0x70,0x61,0x72,0x61,0x6d,0x5f,0x31,0x29,0x2c,0x20,0x54,
    0x6f,0x4c,0x69,0x6e,0x65,0x61,0x72,0x31,0x28,0x70,0x61,0x72,0x61,0x6d,0x5f,0x32,
    0x29,0x29,0x3b,0x0a,0x7d,0x0a,0x0a,0x66,0x6c,0x6f,0x61,0x74,0x33,0x20,0x46,0x65,
    0x74,0x63,0x68,0x28,0x69,0x6e,0x6f,0x75,0x74,0x20,0x66,0x6c,0x6f,0x61,0x74,0x32,
    0x20,0x70,0x6f,0x73,0x2c,0x20,0x66,0x6c,0x6f,0x61,0x74,0x32,0x20,0x6f,0x66,0x66,
    0x29,0x0a,0x7b,0x0a,0x20,0x20,0x20,0x20,0x70,0x6f,0x73,0x20,0x3d,0x20,0x28,0x66,
    0x6c,0x6f,0x6f,0x72,0x28,0x28,0x70,0x6f,0x73,0x20,0x2a,0x20,0x72,0x65,0x73,0x29,
    0x20,0x2b,0x20,0x6f,0x66,0x66,0x29,0x20,0x2b,0x20,0x30,0x2e,0x35,0x66,0x2e,0x78,
    0x78,0x29,0x20,0x2f,0x20,0x72,0x65,0x73,0x3b,0x0a,0x20,0x20,0x20,0x20,0x66,0x6c,
    0x6f,0x61,0x74,0x33,0x20,0x70,0x61,0x72,0x61,0x6d,0x20,0x3d,0x20,0x74,0x65,0x78,
    0x2e,0x53,0x61,0x6d,0x70,0x6c,0x65,0x42,0x69,0x61,0x73,0x28,0x73,0x6d,0x70,0x2c,
    0x20,0x70,0x6f,0x73,0x2c,0x20,0x2d,0x31,0x36,0x2e,0x30,0x66,0x29,0x2e,0x78,0x79,
    0x7a,0x20,0x2a,0x20,0x31,0x2e,0x32,0x30,0x30,0x30,0x30,0x30,0x30,0x34,0x37,0x36,
    0x38,0x33,0x37,0x31,0x35,0x38,0x32,0x30,0x33,0x31,0x32,0x35,0x66,0x3b,0x0a,0x20,
    0x20,0x20,0x20,0x72,0x65,0x74,0x75,0x72,0x6e,0x20,0x54,0x6f,0x4c,0x69,0x6e,0x65,
    0x61,0x72,0x28,0x70,0x61,0x72,0x61,0x6d,0x29,0x3b,0x0a,0x7d,0x0a,0x0a,0x66,0x6c,
    0x6f,0x61,0x74,0x32,0x20,0x44,0x69,0x73,0x74,0x28,0x69,0x6e,0x6f,0x75,0x74,0x20,
    0x66,0x6c,0x6f,0x61,0x74,0x32,0x20,0x70,0x6f,0x73,0x29,0x0a,0x7b,0x0a,0x20,0x20,
    0x20,0x20,0x70,0x6f,0x73,0x20,0x2a,0x3d,0x20,0x72,0x65,0x73,0x3b,0x0a,0x20,0x20,
    0x20,0x20,0x72,0x65,0x74,0x75,0x72,0x6e,0x20,0x30,0x2e,0x35,0x66,0x2e,0x78,0x78,
    0x20,0x2d,0x20,0x28,0x70,0x6f,0x73,0x20,0x2d,0x20,0x66,0x6c,0x6f,0x6f,0x72,0x28,
    0x70,0x6f,0x73,0x29,0x29,0x3b,0x0a,0x7d,0x0a,0x0a,0x66,0x6c,0x6f,0x61,0x74,0x20,
    0x47,0x61,0x75,0x73,0x28,0x66,0x6c,0x6f,0x61,0x74,0x20,0x70,0x6f,0x73,0x2c,0x20,
    0x66,0x6c,0x6f,0x61,0x74,0x20,0x73,0x63,0x61,0x6c,0x65,0x29,0x0a,0x7b,0x0a,0x20,
    0x20,0x20,0x20,0x72,0x65,0x74,0x75,0x72,0x6e,0x20,0x65,0x78,0x70,0x32,0x28,0x28,
    0x73,0x63,0x61,0x6c,0x65,0x20,0x2a,0x20,0x70,0x6f,0x73,0x29,0x20,0x2a,0x20,0x70,
    0x6f,0x73,0x29,0x3b,0x0a,0x7d,0x0a,0x0a,0x66,0x6c,0x6f,0x61,0x74,0x33,0x20,0x48,
    0x6f,0x72,0x7a,0x33,0x28,0x66,0x6c,0x6f,0x61,0x74,0x32,0x20,0x70,0x6f,0x73,0x2c,
    0x20,0x66,0x6c,0x6f,0x61,0x74,0x20,0x6f,0x66,0x66,0x29,0x0a,0x7b,0x0a,0x20,0x20,
    0x20,0x20,0x66,0x6c,0x6f,0x61,0x74,0x32,0x20,0x70,0x61,0x72,0x61,0x6d,0x20,0x3d,
    0x20,0x70,0x6f,0x73,0x3b,0x0a,0x20,0x20,0x20,0x20,0x66,0x6c,0x6f,0x61,0x74,0x32,
    0x20,0x70,0x61,0x72,0x61,0x6d,0x5f,0x31,0x20,0x3d,0x20,0x66,0x6c,0x6f,0x61,0x74,
    0x32,0x28,0x2d,0x31,0x2e,0x30,0x66,0x2c,0x20,0x6f,0x66,0x66,0x29,0x3b,0x0a,0x20,
    0x20,0x20,0x20,0x66,0x6c,0x6f,0x61,0x74,0x33,0x20,0x5f,0x32,0x31,0x31,0x20,0x3d,
    0x20,0x46,0x65,0x74,0x63,0x68,0x28,0x70,0x61,0x72,0x61,0x6d,0x2c,0x20,0x70,0x61,
    0x72,0x61,0x6d,0x5f,0x31,0x29,0x3b,0x0a,0x20,0x20,0x20,0x20,0x66,0x6c,0x6f,0x61,
    0x74,0x32,0x20,0x70,0x61,0x72,0x61,0x6d,0x5f,0x32,0x20,0x3d,0x20,0x70,0x6f,0x73,
    0x3b,0x0a,0x20,0x20,0x20,0x20,0x66,0x6c,0x6f,0x61,0x74,0x32,0x20,0x70,0x61,0x72,
    0x61,0x6d,0x5f,0x33,0x20,0x3d,0x20,0x66,0x6c,0x6f,0x61,0x74,0x32,0x28,0x30,0x2e,
    0x30,0x66,0x2c,0x20,0x6f,0x66,0x66,0x29,0x3b,0x0a,0x20,0x20,0x20,0x20,0x66,0x6c,
    0x6f,0x61,0x74,0x33,0x20,0x5f,0x32,0x31,0x39,0x20,0x3d,0x20,0x46,0x65,0x74,0x63,
    0x68,0x28,0x70,0x61,0x72,0x61,0x6d,0x5f,0x32,0x2c,0x20,0x70,0x61,0x72,0x61,0x6d,
    0x5f,0x33,0x29,0x3b,0x0a,0x20,0x20,0x20,0x20,0x66,0x6c,0x6f,0x61,0x74,0x32,0x20,
    0x70,0x61,0x72,0x61,0x6d,0x5f,0x34,0x20,0x3d,0x20,0x70,0x6f,0x73,0x3b,0x0a,0x20,
    0x20,0x20,0x20,0x66,0x6c,0x6f,0x61,0x74,0x32,0x20,0x70,0x61,0x72,0x61,0x6d,0x5f,
    0x35,0x20,0x3d,0x20,0x66,0x6c,0x6f,0x61,0x74,0x32,0x28,0x31,0x2e,0x30,0x66,0x2c,
    0x20,0x6f,0x66,0x66,0x29,0x3b,0x0a,0x20,0x20,0x20,0x20,0x66,0x6c,0x6f,0x61,0x74,
    0x33,0x20,0x5f,0x32,0x32,0x37,0x20,0x3d,0x20,0x46,0x65,0x74,0x63,0x68,0x28,0x70,
    0x61,0x72,0x61,0x6d,0x5f,0x34,0x2c,0x20,0x70,0x61,0x72,0x61,0x6d,0x5f,0x35,0x29,
    0x3b,0x0a,0x20,0x20,0x20,0x20,0x66,0x6c,0x6f,0x61,0x74,0x32,0x20,0x70,0x61,0x72,
    0x61,0x6d,0x5f,0x36,0x20,0x3d,0x20,0x70,0x6f,0x73,0x3b,0x0a,0x20,0x20,0x20,0x20,
    0x66,0x6c,0x6f,0x61,0x74,0x32,0x20,0x5f,0x32,0x33,0x31,0x20,0x3d,0x20,0x44,0x69,
    0x73,0x74,0x28,0x70,0x61,0x72,0x61,0x6d,0x5f,0x36,0x29,0x3b,0x0a,0x20,0x20,0x20,
    0x20,0x66,0x6c,0x6f,0x61,0x74,0x20,0x70,0x61,0x72,0x61,0x6d,0x5f,0x37,0x20,0x3d,
    0x20,0x5f,0x32,0x33,0x31,0x2e,0x78,0x20,0x2d,0x20,0x31,0x2e,0x30,0x66,0x3b,0x0a,
    0x20,0x20,0x20,0x20,0x66,0x6c,0x6f,0x61,0x74,0x20,0x70,0x61,0x72,0x61,0x6d,0x5f,
    0x38,0x20,0x3d,0x20,0x68,0x61,0x72,0x64,0x50,0x69,0x78,0x3b,0x0a,0x20,0x20,0x20,
    0x20,0x66,0x6c,0x6f,0x61,0x74,0x20,0x5f,0x32,0x34,0x31,0x20,0x3d,0x20,0x47,0x61,
    0x75,0x73,0x28,0x70,0x61,0x72,0x61,0x6d,0x5f,0x37,0x2c,0x20,0x70,0x61,0x72,0x61,
    0x6d,0x5f,0x38,0x29,0x3b,0x0a,0x20,0x20,0x20,0x20,0x66,0x6c,0x6f,0x61,0x74,0x20,
    0x70,0x61,0x72,0x61,0x6d,0x5f,0x39,0x20,0x3d,0x20,0x5f,0x32,0x33,0x31,0x2e,0x78,
    0x3b,0x0a,0x20,0x20,0x20,0x20,0x66,0x6c,0x6f,0x61,0x74,0x20,0x70,0x61,0x72,0x61,
    0x6d,0x5f,0x31,0x30,0x20,0x3d,0x20,0x68,0x61,0x72,0x64,0x50,0x69,0x78,0x3b,0x0a,
    0x20,0x20,0x20,0x20,0x66,0x6c,0x6f,0x61,0x74,0x20,0x5f,0x32,0x34,0x38,0x20,0x3d,
    0x20,0x47,0x61,0x75,0x73,0x28,0x70,0x61,0x72,0x61,0x6d,0x5f,0x39,0x2c,0x20,0x70,
    0x61,0x72,0x61,0x6d,0x5f,0x31,0x30,0x29,0x3b,0x0a,0x20,0x20,0x20,0x20,0x66,0x6c,
    0x6f,0x61,0x74,0x20,0x70,0x61,0x72,0x61,0x6d,0x5f,0x31,0x31,0x20,0x3d,0x20,0x5f,
    0x32,0x33,0x31,0x2e,0x78,0x20,0x2b,0x20,0x31,0x2e,0x30,0x66,0x3b,0x0a,0x20,0x20,
    0x20,0x20,0x66,0x6c,0x6f,0x61,0x74,0x20,0x70,0x61,0x72,0x61,0x6d,0x5f,0x31,0x32,
    0x20,0x3d,0x20,0x68,0x61,0x72,0x64,0x50,0x69,0x78,0x3b,0x0a,0x20,0x20,0x20,0x20,
    0x66,0x6c,0x6f,0x61,0x74,0x20,0x5f,0x32,0x35,0x35,0x20,0x3d,0x20,0x47,0x61,0x75,
    0x73,0x28,0x70,0x61,0x72,0x61,0x6d,0x5f,0x31,0x31,0x2c,0x20,0x70,0x61,0x72,0x61,
    0x6d,0x5f,0x31,0x32,0x29,0x3b,0x0a,0x20,0x20,0x20,0x20,0x72,0x65,0x74,0x75,0x72,
    0x6e,0x20,0x28,0x28,0x28,0x5f,0x32,0x31,0x31,0x20,0x2a,0x20,0x5f,0x32,0x34,0x31,
    0x29,0x20,0x2b,0x20,0x28,0x5f,0x32,0x31,0x39,0x20,0x2a,0x20,0x5f,0x32,0x34,0x38,
    0x29,0x29,0x20,0x2b,0x20,0x28,0x5f,0x32,0x32,0x37,0x20,0x2a,0x20,0x5f,0x32,0x35,
    0x35,0x29,0x29,0x20,0x2f,0x20,0x28,0x28,0x5f,0x32,0x34,0x31,0x20,0x2b,0x20,0x5f,
    0x32,0x34,0x38,0x29,0x20,0x2b,0x20,0x5f,0x32,0x35,0x35,0x29,0x2e,0x78,0x78,0x78,
    0x3b,0x0a,0x7d,0x0a,0x0a,0x66,0x6c,0x6f,0x61,0x74,0x33,0x20,0x48,0x6f,0x72,0x7a,
    0x35,0x28,0x66,0x6c,0x6f,0x61,0x74,0x32,0x20,0x70,0x6f,0x73,0x2c,0x20,0x66,0x6c,
    0x6f,0x61,0x74,0x20,0x6f,0x66,0x66,0x29,0x0a,0x7b,0x0a,0x20,0x20,0x20,0x20,0x66,
    0x6c,0x6f,0x61,0x74,0x32,0x20,0x70,0x61,0x72,0x61,0x6d,0x20,0x3d,0x20,0x70,0x6f,
    0x73,0x3b,0x0a,0x20,0x20,0x20,0x20,0x66,0x6c,0x6f,0x61,0x74,0x32,0x20,0x70,0x61,
    0x72,0x61,0x6d,0x5f,0x31,0x20,0x3d,0x20,0x66,0x6c,0x6f,0x61,0x74,0x32,0x28,0x2d,
    0x32,0x2e,0x30,0x66,0x2c,0x20,0x6f,0x66,0x66,0x29,0x3b,0x0a,0x20,0x20,0x20,0x20,
    0x66,0x6c,0x6f,0x61,0x74,0x33,0x20,0x5f,0x32,0x38,0x33,0x20,0x3d,0x20,0x46,0x65,
    0x74,0x63,0x68,0x28,0x70,0x61,0x72,0x61,0x6d,0x2c,0x20,0x70,0x61,0x72,0x61,0x6d,
    0x5f,0x31,0x29,0x3b,0x0a,0x20,0x20,0x20,0x20,0x66,0x6c,0x6f,0x61,0x74,0x32,0x20,
    0x70,0x61,0x72,0x61,0x6d,0x5f,0x32,0x20,0x3d,0x20,0x70,0x6f,0x73,0x3b,0x0a,0x20,
    0x20,0x20,0x20,0x66,0x6c,0x6f,0x61,0x74,0x32,0x20,0x70,0x61,0x72,0x61,0x6d,0x5f,
    0x33,0x20,0x3d,0x20,0x66,0x6c,0x6f,0x61,0x74,0x32,0x28,0x2d,0x31,0x2e,0x30,0x66,
    0x2c,0x20,0x6f,0x66,0x66,0x29,0x3b,0x0a,0x20,0x20,0x20,0x20,0x66,0x6c,0x6f,0x61,
    0x74,0x33,0x20,0x5f,0x32,0x39,0x30,0x20,0x3d,0x20,0x46,0x65,0x74,0x63,0x68,0x28,
    0x70,0x61,0x72,0x61,0x6d,0x5f,0x32,0x2c,0x20,0x70,0x61,0x72,0x61,0x6d,0x5f,0x33,
    0x29,0x3b,0x0a,0x20,0x20,0x20,0x20,0x66,0x6c,0x6f,0x61,0x74,0x32,0x20,0x70,0x61,
    0x72,0x61,0x6d,0x5f,0x34,0x20,0x3d,0x20,0x70,0x6f,0x73,0x3b,0x0a,0x20,0x20,0x20,
    0x20,0x66,0x6c,0x6f,0x61,0x74,0x32,0x20,0x70,0x61,0x72,0x61,0x6d,0x5f,0x35,0x20,
    0x3d,0x20,0x66,0x6c,0x6f,0x61,0x74,0x32,0x28,0x30,0x2e,0x30,0x66,0x2c,0x20,0x6f,
    0x66,0x66,0x29,0x3b,0x0a,0x20,0x20,0x20,0x20,0x66,0x6c,0x6f,0x61,0x74,0x33,0x20,
    0x5f,0x32,0x39,0x37,0x20,0x3d,0x20,0x46,0x65,0x74,0x63,0x68,0x28,0x70,0x61,0x72,
    0x61,0x6d,0x5f,0x34,0x2c,0x20,0x70,0x61,0x72,0x61,0x6d,0x5f,0x35,0x29,0x3b,0x0a,
    0x20,0x20,0x20,0x20,0x66,0x6c,0x6f,0x61,0x74,0x32,0x20,0x70,0x61,0x72,0x61,0x6d,
    0x5f,0x36,0x20,0x3d,0x20,0x70,0x6f,0x73,0x3b,0x0a,0x20,0x20,0x20,0x20,0x66,0x6c,
    0x6f,0x61,0x74,0x32,0x20,0x70,0x61,0x72,0x61,0x6d,0x5f,0x37,0x20,0x3d,0x20,0x66,
    0x6c,0x6f,0x61,0x74,0x32,0x28,0x31,0x2e,0x30,0x66,0x2c,0x20,0x6f,0x66,0x66,0x29,
    0x3b,0x0a,0x20,0x20,0x20,0x20,0x66,0x6c,0x6f,0x61,0x74,0x33,0x20,0x5f,0x33,0x30,
    0x34,0x20,0x3d,0x20,0x46,0x65,0x74,0x63,0x68,0x28,0x70,0x61,0x72,0x61,0x6d,0x5f,
    0x36,0x2c,0x20,0x70,0x61,0x72,0x61,0x6d,0x5f,0x37,0x29,0x3b,0x0a,0x20,0x20,0x20,
    0x20,0x66,0x6c,0x6f,0x61,0x74,0x32,0x20,0x70,0x61,0x72,0x61,0x6d,0x5f,0x38,0x20,
    0x3d,0x20,0x70,0x6f,0x73,0x3b,0x0a,0x20,0x20,0x20,0x20,0x66,0x6c,0x6f,0x61,0x74,
    0x32,0x20,0x70,0x61,0x72,0x61,0x6d,0x5f,0x39,0x20,0x3d,0x20,0x66,0x6c,0x6f,0x61,
    0x74,0x32,0x28,0x32,0x2e,0x30,0x66,0x2c,0x20,0x6f,0x66,0x66,0x29,0x3b,0x0a,0x20,
    0x20,0x20,0x20,0x66,0x6c,0x6f,0x61,0x74,0x33,0x20,0x5f,0x33,0x31,0x32,0x20,0x3d,
    0x20,0x46,0x65,0x74,0x63,0x68,0x28,0x70,0x61,0x72,0x61,0x6d,0x5f,0x38,0x2c,0x20,
    0x70,0x61,0x72,0x61,0x6d,0x5f,0x39,0x29,0x3b,0x0a,0x20,0x20,0x20,0x20,0x66,0x6c,
    0x6f,0x61,0x74,0x32,0x20,0x70,0x61,0x72,0x61,0x6d,0x5f,0x31,0x30,0x20,0x3d,0x20,
    0x70,0x6f,0x73,0x3b,0x0a,0x20,0x20,0x20,0x20,0x66,0x6c,0x6f,0x61,0x74,0x32,0x20,
    0x5f,0x33,0x31,0x36,0x20,0x3d,0x20,0x44,0x69,0x73,0x74,0x28,0x70,0x61,0x72,0x61,
    0x6d,0x5f,0x31,0x30,0x29,0x3b,0x0a,0x20,0x20,0x20,0x20,0x66,0x6c,0x6f,0x61,0x74,
    0x20,0x70,0x61,0x72,0x61,0x6d,0x5f,0x31,0x31,0x20,0x3d,0x20,0x5f,0x33,0x31,0x36,
    0x2e,0x78,0x20,0x2d,0x20,0x32,0x2e,0x30,0x66,0x3b,0x0a,0x20,0x20,0x20,0x20,0x66,
    0x6c,0x6f,0x61,0x74,0x20,0x70,0x61,0x72,0x61,0x6d,0x5f,0x31,0x32,0x20,0x3d,0x20,
    0x68,0x61,0x72,0x64,0x50,0x69,0x78,0x3b,0x0a,0x20,0x20,0x20,0x20,0x66,0x6c,0x6f,
    0x61,0x74,0x20,0x5f,0x33,0x32,0x36,0x20,0x3d,0x20,0x47,0x61,0x75,0x73,0x28,0x70,
    0x61,0x72,0x61,0x6d,0x5f,0x31,0x31,0x2c,0x20,0x70,0x61,0x72,0x61,0x6d,0x5f,0x31,
    0x32,0x29,0x3b,0x0a,0x20,0x20,0x20,0x20,0x66,0x6c,0x6f,0x61,0x74,0x20,0x70,0x61,
    0x72,0x61,0x6d,0x5f,0x31,0x33,0x20,0x3d,0x20,0x5f,0x33,0x31,0x36,0x2e,0x78,0x20,
    0x2d,0x20,0x31,0x2e,0x30,0x66,0x3b,0x0a,0x20,0x20,0x20,0x20,0x66,0x6c,0x6f,0x61,
    0x74,0x20,0x70,0x61,0x72,0x61,0x6d,0x5f,0x31,0x34,0x20,0x3d,0x20,0x68,0x61,0x72,
    0x64,0x50,0x69,0x78,0x3b,0x0a,0x20,0x20,0x20,0x20,0x66,0x6c,0x6f,0x61,0x74,0x20,
    0x5f,0x33,0x33,0x33,0x20,0x3d,0x20,0x47,0x61,0x75,0x73,0x28,0x70,0x61,0x72,0x61,
    0x6d,0x5f,0x31,0x33,0x2c,0x20,0x70,0x61,0x72,0x61,0x6d,0x5f,0x31,0x34,0x29,0x3b,
    0x0a,0x20,0x20,0x20,0x20,0x66,0x6c,0x6f,0x61,0x74,0x20,0x70,0x61,0x72,0x61,0x6d,
    0x5f,0x31,0x35,0x20,0x3d,0x20,0x5f,0x33,0x31,0x36,0x2e,0x78,0x3b,0x0a,0x20,0x20,
    0x20,0x20,0x66,0x6c,0x6f,0x61,0x74,0x20,0x70,0x61,0x72,0x61,0x6d,0x5f,0x31,0x36,
    0x20,0x3d,0x20,0x68,0x61,0x72,0x64,0x50,0x69,0x78,0x3b,0x0a,0x20,0x20,0x20,0x20,
    0x66,0x6c,0x6f,0x61,0x74,0x20,0x5f,0x33,0x34,0x30,0x20,0x3d,0x20,0x47,0x61,0x75,
    0x73,0x28,0x70,0x61,0x72,0x61,0x6d,0x5f,0x31,0x35,0x2c,0x20,0x70,0x61,0x72,0x61,
    0x6d,0x5f,0x31,0x36,0x29,0x3b,0x0a,0x20,0x20,0x20,0x20,0x66,0x6c,0x6f,0x61,0x74,
    0x20,0x70,0x61,0x72,0x61,0x6d,0x5f,0x31,0x37,0x20,0x3d,0x20,0x5f,0x33,0x31,0x36,
    0x2e,0x78,0x20,0x2b,0x20,0x31,0x2e,0x30,0x66,0x3b,0x0a,0x20,0x20,0x20,0x20,0x66,
    0x6c,0x6f,0x61,0x74,0x20,0x70,0x61,0x72,0x61,0x6d,0x5f,0x31,0x38,0x20,0x3d,0x20,
    0x68,0x61,0x72,0x64,0x50,0x69,0x78,0x3b,0x0a,0x20,0x20,0x20,0x20,0x66,0x6c,0x6f,
    0x61,0x74,0x20,0x5f,0x33,0x34,0x37,0x20,0x3d,0x20,0x47,0x61,0x75,0x73,0x28,0x70,
    0x61,0x72,0x61,0x6d,0x5f,0x31,0x37,0x2c,0x20,0x70,0x61,0x72,0x61,0x6d,0x5f,0x31,
    0x38,0x29,0x3b,0x0a,0x20,0x20,0x20,0x20,0x66,0x6c,0x6f,0x61,0x74,0x20,0x70,0x61,
    0x72,0x61,0x6d,0x5f,0x31,0x39,0x20,0x3d,0x20,0x5f,0x33,0x31,0x36,0x2e,0x78,0x20,
    0x2b,0x20,0x32,0x2e,0x30,0x66,0x3b,0x0a,0x20,0x20,0x20,0x20,0x66,0x6c,0x6f,0x61,
    0x74,0x20,0x70,0x61,0x72,0x61,0x6d,0x5f,0x32,0x30,0x20,0x3d,0x20,0x68,0x61,0x72,
    0x64,0x50,0x69,0x78,0x3b,0x0a,0x20,0x20,0x20,0x20,0x66,0x6c,0x6f,0x61,0x74,0x20,
    0x5f,0x33,0x35,0x34,0x20,0x3d,0x20,0x47,0x61,0x75,0x73,0x28,0x70,0x61,0x72,0x61,
    0x6d,0x5f,0x31,0x39,0x2c,0x20,0x70,0x61,0x72,0x61,0x6d,0x5f,0x32,0x30,0x29,0x3b,
    0x0a,0x20,0x20,0x20,0x20,0x72,0x65,0x74,0x75,0x72,0x6e,0x20,0x28,0x28,0x28,0x28,
    0x28,0x5f,0x32,0x38,0x33,0x20,0x2a,0x20,0x5f,0x33,0x32,0x36,0x29,0x20,0x2b,0x20,
    0x28,0x5f,0x32,0x39,0x30,0x20,0x2a,0x20,0x5f,0x33,0x33,0x33,0x29,0x29,0x20,0x2b,
    0x20,0x28,0x5f,0x32,0x39,0x37,0x20,0x2a,0x20,0x5f,0x33,0x34,0x30,0x29,0x29,0x20,
    0x2b,0x20,0x28,0x5f,0x33,0x30,0x34,0x20,0x2a,0x20,0x5f,0x33,0x34,0x37,0x29,0x29,
    0x20,0x2b,0x20,0x28,0x5f,0x33,0x31,0x32,0x20,0x2a,0x20,0x5f,0x33,0x35,0x34,0x29,
    0x29,0x20,0x2f,0x20,0x28,0x28,0x28,0x28,0x5f,0x33,0x32,0x36,0x20,0x2b,0x20,0x5f,
    0x33,0x33,0x33,0x29,0x20,0x2b,0x20,0x5f,0x33,0x34,0x30,0x29,0x20,0x2b,0x20,0x5f,
    0x33,0x34,0x37,0x29,0x20,0x2b,0x20,0x5f,0x33,0x35,0x34,0x29,0x2e,0x78,0x78,0x78,
    0x3b,0x0a,0x7d,0x0a,0x0a,0x66,0x6c,0x6f,0x61,0x74,0x20,0x53,0x63,0x61,0x6e,0x28,
    0x66,0x6c,0x6f,0x61,0x74,0x32,0x20,0x70,0x6f,0x73,0x2c,0x20,0x66,0x6c,0x6f,0x61,
    0x74,0x20,0x6f,0x66,0x66,0x29,0x0a,0x7b,0x0a,0x20,0x20,0x20,0x20,0x66,0x6c,0x6f,
    0x61,0x74,0x32,0x20,0x70,0x61,0x72,0x61,0x6d,0x20,0x3d,0x20,0x70,0x6f,0x73,0x3b,
    0x0a,0x20,0x20,0x20,0x20,0x66,0x6c,0x6f,0x61,0x74,0x32,0x20,0x5f,0x33,0x39,0x30,
    0x20,0x3d,0x20,0x44,0x69,0x73,0x74,0x28,0x70,0x61,0x72,0x61,0x6d,0x29,0x3b,0x0a,
    0x20,0x20,0x20,0x20,0x66,0x6c,0x6f,0x61,0x74,0x20,0x70,0x61,0x72,0x61,0x6d,0x5f,
    0x31,0x20,0x3d,0x20,0x5f,0x33,0x39,0x30,0x2e,0x79,0x20,0x2b,0x20,0x6f,0x66,0x66,
    0x3b,0x0a,0x20,0x20,0x20,0x20,0x66,0x6c,0x6f,0x61,0x74,0x20,0x70,0x61,0x72,0x61,
    0x6d,0x5f,0x32,0x20,0x3d,0x20,0x68,0x61,0x72,0x64,0x53,0x63,0x61,0x6e,0x3b,0x0a,
    0x20,0x20,0x20,0x20,0x72,0x65,0x74,0x75,0x72,0x6e,0x20,0x47,0x61,0x75,0x73,0x28,
    0x70,0x61,0x72,0x61,0x6d,0x5f,0x31,0x2c,0x20,0x70,0x61,0x72,0x61,0x6d,0x5f,0x32,
    0x29,0x3b,0x0a,0x7d,0x0a,0x0a,0x66,0x6c,0x6f,0x61,0x74,0x33,0x20,0x54,0x72,0x69,
    0x28,0x66,0x6c,0x6f,0x61,0x74,0x32,0x20,0x70,0x6f,0x73,0x29,0x0a,0x7b,0x0a,0x20,
    0x20,0x20,0x20,0x66,0x6c,0x6f,0x61,0x74,0x32,0x20,0x70,0x61,0x72,0x61,0x6d,0x20,
    0x3d,0x20,0x70,0x6f,0x73,0x3b,0x0a,0x20,0x20,0x20,0x20,0x66,0x6c,0x6f,0x61,0x74,
    0x20,0x70,0x61,0x72,0x61,0x6d,0x5f,0x31,0x20,0x3d,0x20,0x2d,0x31,0x2e,0x30,0x66,
    0x3b,0x0a,0x20,0x20,0x20,0x20,0x66,0x6c,0x6f,0x61,0x74,0x32,0x20,0x70,0x61,0x72,
    0x61,0x6d,0x5f,0x32,0x20,0x3d,0x20,0x70,0x6f,0x73,0x3b,0x0a,0x20,0x20,0x20,0x20,
    0x66,0x6c,0x6f,0x61,0x74,0x20,0x70,0x61,0x72,0x61,0x6d,0x5f,0x33,0x20,0x3d,0x20,
    0x30,0x2e,0x30,0x66,0x3b,0x0a,0x20,0x20,0x20,0x20,0x66,0x6c,0x6f,0x61,0x74,0x32,
    0x20,0x70,0x61,0x72,0x61,0x6d,0x5f,0x34,0x20,0x3d,0x20,0x70,0x6f,0x73,0x3b,0x0a,
    0x20,0x20,0x20,0x20,0x66,0x6c,0x6f,0x61,0x74,0x20,0x70,0x61,0x72,0x61,0x6d,0x5f,
    0x35,0x20,0x3d,0x20,0x31,0x2e,0x30,0x66,0x3b,0x0a,0x20,0x20,0x20,0x20,0x66,0x6c,
    0x6f,0x61,0x74,0x32,0x20,0x70,0x61,0x72,0x61,0x6d,0x5f,0x36,0x20,0x3d,0x20,0x70,
    0x6f,0x73,0x3b,0x0a,0x20,0x20,0x20,0x20,0x66,0x6c,0x6f,0x61,0x74,0x20,0x70,0x61,
    0x72,0x61,0x6d,0x5f,0x37,0x20,0x3d,0x20,0x2d,0x31,0x2e,0x30,0x66,0x3b,0x0a,0x20,
    0x20,0x20,0x20,0x66,0x6c,0x6f,0x61,0x74,0x32,0x20,0x70,0x61,0x72,0x61,0x6d,0x5f,
    0x38,0x20,0x3d,0x20,0x70,0x6f,0x73,0x3b,0x0a,0x20,0x20,0x20,0x20,0x66,0x6c,0x6f,
    0x61,0x74,0x20,0x70,0x61,0x72,0x61,0x6d,0x5f,0x39,0x20,0x3d,0x20,0x30,0x2e,0x30,
    0x66,0x3b,0x0a,0x20,0x20,0x20,0x20,0x66,0x6c,0x6f,0x61,0x74,0x32,0x20,0x70,0x61,
    0x72,0x61,0x6d,0x5f,0x31,0x30,0x20,0x3d,0x20,0x70,0x6f,0x73,0x3b,0x0a,0x20,0x20,
    0x20,0x20,0x66,0x6c,0x6f,0x61,0x74,0x20,0x70,0x61,0x72,0x61,0x6d,0x5f,0x31,0x31,
    0x20,0x3d,0x20,0x31,0x2e,0x30,0x66,0x3b,0x0a,0x20,0x20,0x20,0x20,0x72,0x65,0x74,
    0x75,0x72,0x6e,0x20,0x28,0x28,0x48,0x6f,0x72,0x7a,0x33,0x28,0x70,0x61,0x72,0x61,
    0x6d,0x2c,0x20,0x70,0x61,0x72,0x61,0x6d,0x5f,0x31,0x29,0x20,0x2a,0x20,0x53,0x63,
    0x61,0x6e,0x28,0x70,0x61,0x72,0x61,0x6d,0x5f,0x36,0x2c,0x20,0x70,0x61,0x72,0x61,
    0x6d,0x5f,0x37,0x29,0x29,0x20,0x2b,0x20,0x28,0x48,0x6f,0x72,0x7a,0x35,0x28,0x70,
    0x61,0x72,0x61,0x6d,0x5f,0x32,0x2c,0x20,0x70,0x61,0x72,0x61,0x6d,0x5f,0x33,0x29,
    0x20,0x2a,0x20,0x53,0x63,0x61,0x6e,0x28,0x70,0x61,0x72,0x61,0x6d,0x5f,0x38,0x2c,
    0x20,0x70,0x61,0x72,0x61,0x6d,0x5f,0x39,0x29,0x29,0x29,0x20,0x2b,0x20,0x28,0x48,
    0x6f,0x72,0x7a,0x33,0x28,0x70,0x61,0x72,0x61,0x6d,0x5f,0x34,0x2c,0x20,0x70,0x61,
    0x72,0x61,0x6d,0x5f,0x35,0x29,0x20,0x2a,0x20,0x53,0x63,0x61,0x6e,0x28,0x70,0x61,
    0x72,0x61,0x6d,0x5f,0x31,0x30,0x2c,0x20,0x70,0x61,0x72,0x61,0x6d,0x5f,0x31,0x31,
    0x29,0x29,0x3b,0x0a,0x7d,0x0a,0x0a,0x66,0x6c,0x6f,0x61,0x74,0x33,0x20,0x4d,0x61,
    0x73,0x6b,0x28,0x69,0x6e,0x6f,0x75,0x74,0x20,0x66,0x6c,0x6f,0x61,0x74,0x32,0x20,
    0x70,0x6f,0x73,0x29,0x0a,0x7b,0x0a,0x20,0x20,0x20,0x20,0x70,0x6f,0x73,0x2e,0x78,
    0x20,0x2b,0x3d,0x20,0x28,0x70,0x6f,0x73,0x2e,0x79,0x20,0x2a,0x20,0x33,0x2e,0x30,
    0x66,0x29,0x3b,0x0a,0x20,0x20,0x20,0x20,0x66,0x6c,0x6f,0x61,0x74,0x33,0x20,0x6d,
    0x61,0x73,0x6b,0x20,0x3d,0x20,0x6d,0x61,0x73,0x6b,0x44,0x61,0x72,0x6b,0x2e,0x78,
    0x78,0x78,0x3b,0x0a,0x20,0x20,0x20,0x20,0x70,0x6f,0x73,0x2e,0x78,0x20,0x3d,0x20,
    0x66,0x72,0x61,0x63,0x28,0x70,0x6f,0x73,0x2e,0x78,0x20,0x2a,0x20,0x30,0x2e,0x31,
    0x36,0x36,0x36,0x36,0x36,0x36,0x37,0x31,0x36,0x33,0x33,0x37,0x32,0x30,0x33,0x39,
    0x37,0x39,0x34,0x39,0x32,0x31,0x38,0x37,0x35,0x66,0x29,0x3b,0x0a,0x20,0x20,0x20,
    0x20,0x69,0x66,0x20,0x28,0x70,0x6f,0x73,0x2e,0x78,0x20,0x3c,0x20,0x30,0x2e,0x33,
    0x33,0x33,0x30,0x30,0x30,0x30,0x30,0x34,0x32,0x39,0x31,0x35,0x33,0x34,0x34,0x32,
    0x33,0x38,0x32,0x38,0x31,0x32,0x35,0x66,0x29,0x0a,0x20,0x20,0x20,0x20,0x7b,0x0a,
    0x20,0x20,0x20,0x20,0x20,0x20,0x20,0x20,0x66,0x6c,0x6f,0x61,0x74,0x33,0x20,0x5f,
    0x35,0x35,0x30,0x20,0x3d,0x20,0x6d,0x61,0x73,0x6b,0x3b,0x0a,0x20,0x20,0x20,0x20,
    0x20,0x20,0x20,0x20,0x5f,0x35,0x35,0x30,0x2e,0x78,0x20,0x3d,0x20,0x6d,0x61,0x73,
    0x6b,0x4c,0x69,0x67,0x68,0x74,0x3b,0x0a,0x20,0x20,0x20,0x20,0x20,0x20,0x20,0x20,
    0x6d,0x61,0x73,0x6b,0x20,0x3d,0x20,0x5f,0x35,0x35,0x30,0x3b,0x0a,0x20,0x20,0x20,
    0x20,0x7d,0x0a,0x20,0x20,0x20,0x20,0x65,0x6c,0x73,0x65,0x0a,0x20,0x20,0x20,0x20,
    0x7b,0x0a,0x20,0x20,0x20,0x20,0x20,0x20,0x20,0x20,0x69,0x66,0x20,0x28,0x70,0x6f,
    0x73,0x2e,0x78,0x20,0x3c,0x20,0x30,0x2e,0x36,0x36,0x36,0x30,0x30,0x30,0x30,0x30,
    0x38,0x35,0x38,0x33,0x30,0x36,0x38,0x38,0x34,0x37,0x36,0x35,0x36,0x32,0x35,0x66,
    0x29,0x0a,0x20,0x20,0x20,0x20,0x20,0x20,0x20,0x20,0x7b,0x0a,0x20,0x20,0x20,0x20,
    0x20,0x20,0x20,0x20,0x20,0x20,0x20,0x20,0x66,0x6c,0x6f,0x61,0x74,0x33,0x20,0x5f,
    0x35,0x35,0x32,0x20,0x3d,0x20,0x6d,0x61,0x73,0x6b,0x3b,0x0a,0x20,0x20,0x20,0x20,
    0x20,0x20,0x20,0x20,0x20,0x20,0x20,0x20,0x5f,0x35,0x35,0x32,0x2e,0x79,0x20,0x3d,
    0x20,0x6d,0x61,0x73,0x6b,0x4c,0x69,0x67,0x68,0x74,0x3b,0x0a,0x20,0x20,0x20,0x20,
    0x20,0x20,0x20,0x20,0x20,0x20,0x20,0x20,0x6d,0x61,0x73,0x6b,0x20,0x3d,0x20,0x5f,
    0x35,0x35,0x32,0x3b,0x0a,0x20,0x20,0x20,0x20,0x20,0x20,0x20,0x20,0x7d,0x0a,0x20,
    0x20,0x20,0x20,0x20,0x20,0x20,0x20,0x65,0x6c,0x73,0x65,0x0a,0x20,0x20,0x20,0x20,
    0x20,0x20,0x20,0x20,0x7b,0x0a,0x20,0x20,0x20,0x20,0x20,0x20,0x20,0x20,0x20,0x20,
    0x20,0x20,0x66,0x6c,0x6f,0x61,0x74,0x33,0x20,0x5f,0x35,0x35,0x34,0x20,0x3d,0x20,
    0x6d,0x61,0x73,0x6b,0x3b,0x0a,0x20,0x20,0x20,0x20,0x20,0x20,0x20,0x20,0x20,0x20,
    0x20,0x20,0x5f,0x35,0x35,0x34,0x2e,0x7a,0x20,0x3d,0x20,0x6d,0x61,0x73,0x6b,0x4c,
    0x69,0x67,0x68,0x74,0x3b,0x0a,0x20,0x20,0x20,0x20,0x20,0x20,0x20,0x20,0x20,0x20,
    0x20,0x20,0x6d,0x61,0x73,0x6b,0x20,0x3d,0x20,0x5f,0x35,0x35,0x34,0x3b,0x0a,0x20,
    0x20,0x20,0x20,0x20,0x20,0x20,0x20,0x7d,0x0a,0x20,0x20,0x20,0x20,0x7d,0x0a,0x20,
    0x20,0x20,0x20,0x72,0x65,0x74,0x75,0x72,0x6e,0x20,0x6d,0x61,0x73,0x6b,0x3b,0x0a,
    0x7d,0x0a,0x0a,0x66,0x6c,0x6f,0x61,0x74,0x20,0x54,0x6f,0x53,0x72,0x67,0x62,0x31,
    0x28,0x66,0x6c,0x6f,0x61,0x74,0x20,0x63,0x29,0x0a,0x7b,0x0a,0x20,0x20,0x20,0x20,
    0x66,0x6c,0x6f,0x61,0x74,0x20,0x5f,0x31,0x32,0x35,0x3b,0x0a,0x20,0x20,0x20,0x20,
    0x69,0x66,0x20,0x28,0x63,0x20,0x3c,0x20,0x30,0x2e,0x30,0x30,0x33,0x31,0x33,0x30,
    0x38,0x30,0x30,0x30,0x39,0x30,0x37,0x33,0x30,0x31,0x39,0x30,0x32,0x37,0x37,0x30,
    0x39,0x39,0x36,0x30,0x39,0x33,0x37,0x35,0x66,0x29,0x0a,0x20,0x20,0x20,0x20,0x7b,
    0x0a,0x20,0x20,0x20,0x20,0x20,0x20,0x20,0x20,0x5f,0x31,0x32,0x35,0x20,0x3d,0x20,
    0x63,0x20,0x2a,0x20,0x31,0x32,0x2e,0x39,0x32,0x30,0x30,0x30,0x30,0x30,0x37,0x36,
    0x32,0x39,0x33,0x39,0x34,0x35,0x33,0x31,0x32,0x35,0x66,0x3b,0x0a,0x20,0x20,0x20,
    0x20,0x7d,0x0a,0x20,0x20,0x20,0x20,0x65,0x6c,0x73,0x65,0x0a,0x20,0x20,0x20,0x20,
    0x7b,0x0a,0x20,0x20,0x20,0x20,0x20,0x20,0x20,0x20,0x5f,0x31,0x32,0x35,0x20,0x3d,
    0x20,0x28,0x31,0x2e,0x30,0x35,0x34,0x39,0x39,0x39,0x39,0x34,0x37,0x35,0x34,0x37,
    0x39,0x31,0x32,0x35,0x39,0x37,0x36,0x35,0x36,0x32,0x35,0x66,0x20,0x2a,0x20,0x70,
    0x6f,0x77,0x28,0x63,0x2c,0x20,0x30,0x2e,0x34,0x31,0x36,0x36,0x36,0x30,0x30,0x31,
    0x30,0x38,0x31,0x34,0x36,0x36,0x36,0x37,0x34,0x38,0x30,0x34,0x36,0x38,0x37,0x35,
    0x66,0x29,0x29,0x20,0x2d,0x20,0x30,0x2e,0x30,0x35,0x34,0x39,0x39,0x39,0x39,0x39,
    0x39,0x37,0x30,0x31,0x39,0x37,0x36,0x37,0x37,0x36,0x31,0x32,0x33,0x30,0x34,0x36,
    0x38,0x37,0x35,0x66,0x3b,0x0a,0x20,0x20,0x20,0x20,0x7d,0x0a,0x20,0x20,0x20,0x20,
    0x72,0x65,0x74,0x75,0x72,0x6e,0x20,0x5f,0x31,0x32,0x35,0x3b,0x0a,0x7d,0x0a,0x0a,
    0x66,0x6c,0x6f,0x61,0x74,0x33,0x20,0x54,0x6f,0x53,0x72,0x67,0x62,0x28,0x66,0x6c,
    0x6f,0x61,0x74,0x33,0x20,0x63,0x29,0x0a,0x7b,0x0a,0x20,0x20,0x20,0x20,0x66,0x6c,
    0x6f,0x61,0x74,0x20,0x70,0x61,0x72,0x61,0x6d,0x20,0x3d,0x20,0x63,0x2e,0x78,0x3b,
    0x0a,0x20,0x20,0x20,0x20,0x66,0x6c,0x6f,0x61,0x74,0x20,0x70,0x61,0x72,0x61,0x6d,
    0x5f,0x31,0x20,0x3d,0x20,0x63,0x2e,0x79,0x3b,0x0a,0x20,0x20,0x20,0x20,0x66,0x6c,
    0x6f,0x61,0x74,0x20,0x70,0x61,0x72,0x61,0x6d,0x5f,0x32,0x20,0x3d,0x20,0x63,0x2e,
    0x7a,0x3b,0x0a,0x20,0x20,0x20,0x20,0x72,0x65,0x74,0x75,0x72,0x6e,0x20,0x66,0x6c,
    0x6f,0x61,0x74,0x33,0x28,0x54,0x6f,0x53,0x72,0x67,0x62,0x31,0x28,0x70,0x61,0x72,
    0x61,0x6d,0x29,0x2c,0x20,0x54,0x6f,0x53,0x72,0x67,0x62,0x31,0x28,0x70,0x61,0x72,
    0x61,0x6d,0x5f,0x31,0x29,0x2c,0x20,0x54,0x6f,0x53,0x72,0x67,0x62,0x31,0x28,0x70,
    0x61,0x72,0x61,0x6d,0x5f,0x32,0x29,0x29,0x3b,0x0a,0x7d,0x0a,0x0a,0x76,0x6f,0x69,
    0x64,0x20,0x66,0x72,0x61,0x67,0x5f,0x6d,0x61,0x69,0x6e,0x28,0x29,0x0a,0x7b,0x0a,
    0x20,0x20,0x20,0x20,0x72,0x65,0x73,0x20,0x3d,0x20,0x66,0x6c,0x6f,0x61,0x74,0x32,
    0x28,0x32,0x35,0x36,0x2e,0x30,0x66,0x2c,0x20,0x31,0x34,0x34,0x2e,0x30,0x66,0x29,
    0x3b,0x0a,0x20,0x20,0x20,0x20,0x68,0x61,0x72,0x64,0x53,0x63,0x61,0x6e,0x20,0x3d,
    0x20,0x2d,0x38,0x2e,0x30,0x66,0x3b,0x0a,0x20,0x20,0x20,0x20,0x68,0x61,0x72,0x64,
    0x50,0x69,0x78,0x20,0x3d,0x20,0x2d,0x33,0x2e,0x30,0x66,0x3b,0x0a,0x20,0x20,0x20,
    0x20,0x77,0x61,0x72,0x70,0x20,0x3d,0x20,0x66,0x6c,0x6f,0x61,0x74,0x32,0x28,0x30,
    0x2e,0x30,0x31,0x35,0x36,0x32,0x35,0x66,0x2c,0x20,0x30,0x2e,0x30,0x32,0x30,0x38,
    0x33,0x33,0x33,0x33,0x33,0x39,0x35,0x34,0x32,0x31,0x35,0x30,0x34,0x39,0x37,0x34,
    0x33,0x36,0x35,0x32,0x33,0x34,0x33,0x37,0x35,0x66,0x29,0x3b,0x0a,0x20,0x20,0x20,
    0x20,0x6d,0x61,0x73,0x6b,0x44,0x61,0x72,0x6b,0x20,0x3d,0x20,0x30,0x2e,0x35,0x66,
    0x3b,0x0a,0x20,0x20,0x20,0x20,0x6d,0x61,0x73,0x6b,0x4c,0x69,0x67,0x68,0x74,0x20,
    0x3d,0x20,0x31,0x2e,0x35,0x66,0x3b,0x0a,0x20,0x20,0x20,0x20,0x68,0x61,0x72,0x64,
    0x53,0x63,0x61,0x6e,0x20,0x3d,0x20,0x2d,0x31,0x32,0x2e,0x30,0x66,0x3b,0x0a,0x20,
    0x20,0x20,0x20,0x66,0x6c,0x6f,0x61,0x74,0x32,0x20,0x70,0x61,0x72,0x61,0x6d,0x20,
    0x3d,0x20,0x70,0x6f,0x73,0x5f,0x6f,0x75,0x74,0x3b,0x0a,0x20,0x20,0x20,0x20,0x66,
    0x6c,0x6f,0x61,0x74,0x32,0x20,0x5f,0x35,0x33,0x34,0x20,0x3d,0x20,0x57,0x61,0x72,
    0x70,0x28,0x70,0x61,0x72,0x61,0x6d,0x29,0x3b,0x0a,0x20,0x20,0x20,0x20,0x66,0x6c,
    0x6f,0x61,0x74,0x32,0x20,0x70,0x61,0x72,0x61,0x6d,0x5f,0x31,0x20,0x3d,0x20,0x5f,
    0x35,0x33,0x34,0x3b,0x0a,0x20,0x20,0x20,0x20,0x66,0x6c,0x6f,0x61,0x74,0x32,0x20,
    0x70,0x61,0x72,0x61,0x6d,0x5f,0x32,0x20,0x3d,0x20,0x66,0x6c,0x6f,0x61,0x74,0x32,
    0x28,0x67,0x6c,0x5f,0x46,0x72,0x61,0x67,0x43,0x6f,0x6f,0x72,0x64,0x2e,0x78,0x2c,
    0x20,0x61,0x62,0x73,0x28,0x79,0x5f,0x6f,0x72,0x69,0x67,0x69,0x6e,0x5f,0x6f,0x75,
    0x74,0x20,0x2d,0x20,0x67,0x6c,0x5f,0x46,0x72,0x61,0x67,0x43,0x6f,0x6f,0x72,0x64,
    0x2e,0x79,0x29,0x29,0x3b,0x0a,0x20,0x20,0x20,0x20,0x66,0x6c,0x6f,0x61,0x74,0x33,
    0x20,0x5f,0x35,0x33,0x39,0x20,0x3d,0x20,0x4d,0x61,0x73,0x6b,0x28,0x70,0x61,0x72,
    0x61,0x6d,0x5f,0x32,0x29,0x3b,0x0a,0x20,0x20,0x20,0x20,0x66,0x6c,0x6f,0x61,0x74,
    0x33,0x20,0x70,0x61,0x72,0x61,0x6d,0x5f,0x33,0x20,0x3d,0x20,0x54,0x72,0x69,0x28,
    0x70,0x61,0x72,0x61,0x6d,0x5f,0x31,0x29,0x20,0x2a,0x20,0x5f,0x35,0x33,0x39,0x3b,
    0x0a,0x20,0x20,0x20,0x20,0x66,0x72,0x61,0x67,0x5f,0x63,0x6f,0x6c,0x6f,0x72,0x20,
    0x3d,0x20,0x66,0x6c,0x6f,0x61,0x74,0x34,0x28,0x54,0x6f,0x53,0x72,0x67,0x62,0x28,
    0x70,0x61,0x72,0x61,0x6d,0x5f,0x33,0x29,0x2c,0x20,0x31,0x2e,0x30,0x66,0x29,0x3b,
    0x0a,0x7d,0x0a,0x0a,0x53,0x50,0x49,0x52,0x56,0x5f,0x43,0x72,0x6f,0x73,0x73,0x5f,
    0x4f,0x75,0x74,0x70,0x75,0x74,0x20,0x6d,0x61,0x69,0x6e,0x28,0x53,0x50,0x49,0x52,
    0x56,0x5f,0x43,0x72,0x6f,0x73,0x73,0x5f,0x49,0x6e,0x70,0x75,0x74,0x20,0x73,0x74,
    0x61,0x67,0x65,0x5f,0x69,0x6e,0x70,0x75,0x74,0x29,0x0a,0x7b,0x0a,0x20,0x20,0x20,
    0x20,0x67,0x6c,0x5f,0x46,0x72,0x61,0x67,0x43,0x6f,0x6f,0x72,0x64,0x20,0x3d,0x20,
    0x73,0x74,0x61,0x67,0x65,0x5f,0x69,0x6e,0x70,0x75,0x74,0x2e,0x67,0x6c,0x5f,0x46,
    0x72,0x61,0x67,0x43,0x6f,0x6f,0x72,0x64,0x3b,0x0a,0x20,0x20,0x20,0x20,0x67,0x6c,
    0x5f,0x46,0x72,0x61,0x67,0x43,0x6f,0x6f,0x72,0x64,0x2e,0x77,0x20,0x3d,0x20,0x31,
    0x2e,0x30,0x20,0x2f,0x20,0x67,0x6c,0x5f,0x46,0x72,0x61,0x67,0x43,0x6f,0x6f,0x72,
    0x64,0x2e,0x77,0x3b,0x0a,0x20,0x20,0x20,0x20,0x79,0x5f,0x6f,0x72,0x69,0x67,0x69,
    0x6e,0x5f,0x6f,0x75,0x74,0x20,0x3d,0x20,0x73,0x74,0x61,0x67,0x65,0x5f,0x69,0x6e,
    0x70,0x75,0x74,0x2e,0x79,0x5f,0x6f,0x72,0x69,0x67,0x69,0x6e,0x5f,0x6f,0x75,0x74,
    0x3b,0x0a,0x20,0x20,0x20,0x20,0x70,0x6f,0x73,0x5f,0x6f,0x75,0x74,0x20,0x3d,0x20,
    0x73,0x74,0x61,0x67,0x65,0x5f,0x69,0x6e,0x70,0x75,0x74,0x2e,0x70,0x6f,0x73,0x5f,
    0x6f,0x75,0x74,0x3b,0x0a,0x20,0x20,0x20,0x20,0x66,0x72,0x61,0x67,0x5f,0x6d,0x61,
    0x69,0x6e,0x28,0x29,0x3b,0x0a,0x20,0x20,0x20,0x20,0x53,0x50,0x49,0x52,0x56,0x5f,
    0x43,0x72,0x6f,0x73,0x73,0x5f,0x4f,0x75,0x74,0x70,0x75,0x74,0x20,0x73,0x74,0x61,
    0x67,0x65,0x5f,0x6f,0x75,0x74,0x70,0x75,0x74,0x3b,0x0a,0x20,0x20,0x20,0x20,0x73,
    0x74,0x61,0x67,0x65,0x5f,0x6f,0x75,0x74,0x70,0x75,0x74,0x2e,0x66,0x72,0x61,0x67,
    0x5f,0x63,0x6f,0x6c,0x6f,0x72,0x20,0x3d,0x20,0x66,0x72,0x61,0x67,0x5f,0x63,0x6f,
    0x6c,0x6f,0x72,0x3b,0x0a,0x20,0x20,0x20,0x20,0x72,0x65,0x74,0x75,0x72,0x6e,0x20,
    0x73,0x74,0x61,0x67,0x65,0x5f,0x6f,0x75,0x74,0x70,0x75,0x74,0x3b,0x0a,0x7d,0x0a,
    0x00,
};
#endif
/*
    #include <metal_stdlib>
    #include <simd/simd.h>

    using namespace metal;

    struct crt_params
    {
        float2 rect_pos;
        float2 rect_size;
        float2 resolution;
        float y_origin;
    };

    struct main0_out
    {
        float2 pos_out [[user(locn0)]];
        float y_origin_out [[user(locn1)]];
        float4 gl_Position [[position]];
    };

    struct main0_in
    {
        float2 pos [[attribute(0)]];
    };

    vertex main0_out main0(main0_in in [[stage_in]], constant crt_params& _12 [[buffer(0)]])
    {
        main0_out out = {};
        float2 _36 = (((_12.rect_pos + (in.pos * _12.rect_size)) / _12.resolution) * 2.0) - float2(1.0);
        out.gl_Position = float4(_36.x, -_36.y, 0.0, 1.0);
        out.pos_out = in.pos;
        out.y_origin_out = _12.y_origin;
        return out;
    }

*/
#if defined(SOKOL_METAL)
static const uint8_t crt_vs_source_metal_macos[727] = {
    0x23,0x69,0x6e,0x63,0x6c,0x75,0x64,0x65,0x20,0x3c,0x6d,0x65,0x74,0x61,0x6c,0x5f,
    0x73,0x74,0x64,0x6c,0x69,0x62,0x3e,0x0a,0x23,0x69,0x6e,0x63,0x6c,0x75,0x64,0x65,
    0x20,0x3c,0x73,0x69,0x6d,0x64,0x2f,0x73,0x69,0x6d,0x64,0x2e,0x68,0x3e,0x0a,0x0a,
    0x75,0x73,0x69,0x6e,0x67,0x20,0x6e,0x61,0x6d,0x65,0x73,0x70,0x61,0x63,0x65,0x20,
    0x6d,0x65,0x74,0x61,0x6c,0x3b,0x0a,0x0a,0x73,0x74,0x72,0x75,0x63,0x74,0x20,0x63,
    0x72,0x74,0x5f,0x70,0x61,0x72,0x61,0x6d,0x73,0x0a,0x7b,0x0a,0x20,0x20,0x20,0x20,
    0x66,0x6c,0x6f,0x61,0x74,0x32,0x20,0x72,0x65,0x63,0x74,0x5f,0x70,0x6f,0x73,0x3b,
    0x0a,0x20,0x20,0x20,0x20,0x66,0x6c,0x6f,0x61,0x74,0x32,0x20,0x72,0x65,0x63,0x74,
    0x5f,0x73,0x69,0x7a,0x65,0x3b,0x0a,0x20,0x20,0x20,0x20,0x66,0x6c,0x6f,0x61,0x74,
    0x32,0x20,0x72,0x65,0x73,0x6f,0x6c,0x75,0x74,0x69,0x6f,0x6e,0x3b,0x0a,0x20,0x20,
    0x20,0x20,0x66,0x6c,0x6f,0x61,0x74,0x20,0x79,0x5f,0x6f,0x72,0x69,0x67,0x69,0x6e,
    0x3b,0x0a,0x7d,0x3b,0x0a,0x0a,0x73,0x74,0x72,0x75,0x63,0x74,0x20,0x6d,0x61,0x69,
    0x6e,0x30,0x5f,0x6f,0x75,0x74,0x0a,0x7b,0x0a,0x20,0x20,0x20,0x20,0x66,0x6c,0x6f,
    0x61,0x74,0x32,0x20,0x70,0x6f,0x73,0x5f,0x6f,0x75,0x74,0x20,0x5b,0x5b,0x75,0x73,
    0x65,0x72,0x28,0x6c,0x6f,0x63,0x6e,0x30,0x29,0x5d,0x5d,0x3b,0x0a,0x20,0x20,0x20,
    0x20,0x66,0x6c,0x6f,0x61,0x74,0x20,0x79,0x5f,0x6f,0x72,0x69,0x67,0x69,0x6e,0x5f,
    0x6f,0x75,0x74,0x20,0x5b,0x5b,0x75,0x73,0x65,0x72,0x28,0x6c,0x6f,0x63,0x6e,0x31,
    0x29,0x5d,0x5d,0x3b,0x0a,0x20,0x20,0x20,0x20,0x66,0x6c,0x6f,0x61,0x74,0x34,0x20,
    0x67,0x6c,0x5f,0x50,0x6f,0x73,0x69,0x74,0x69,0x6f,0x6e,0x20,0x5b,0x5b,0x70,0x6f,
    0x73,0x69,0x74,0x69,0x6f,0x6e,0x5d,0x5d,0x3b,0x0a,0x7d,0x3b,0x0a,0x0a,0x73,0x74,
    0x72,0x75,0x63,0x74,0x20,0x6d,0x61,0x69,0x6e,0x30,0x5f,0x69,0x6e,0x0a,0x7b,0x0a,
    0x20,0x20,0x20,0x20,0x66,0x6c,0x6f,0x61,0x74,0x32,0x20,0x70,0x6f,0x73,0x20,0x5b,
    0x5b,0x61,0x74,0x74,0x72,0x69,0x62,0x75,0x74,0x65,0x28,0x30,0x29,0x5d,0x5d,0x3b,
    0x0a,0x7d,0x3b,0x0a,0x0a,0x76,0x65,0x72,0x74,0x65,0x78,0x20,0x6d,0x61,0x69,0x6e,
    0x30,0x5f,0x6f,0x75,0x74,0x20,0x6d,0x61,0x69,0x6e,0x30,0x28,0x6d,0x61,0x69,0x6e,
    0x30,0x5f,0x69,0x6e,0x20,0x69,0x6e,0x20,0x5b,0x5b,0x73,0x74,0x61,0x67,0x65,0x5f,
    0x69,0x6e,0x5d,0x5d,0x2c,0x20,0x63,0x6f,0x6e,0x73,0x74,0x61,0x6e,0x74,0x20,0x63,
    0x72,0x74,0x5f,0x70,0x61,0x72,0x61,0x6d,0x73,0x26,0x20,0x5f,0x31,0x32,0x20,0x5b,
    0x5b,0x62,0x75,0x66,0x66,0x65,0x72,0x28,0x30,0x29,0x5d,0x5d,0x29,0x0a,0x7b,0x0a,
    0x20,0x20,0x20,0x20,0x6d,0x61,0x69,0x6e,0x30,0x5f,0x6f,0x75,0x74,0x20,0x6f,0x75,
    0x74,0x20,0x3d,0x20,0x7b,0x7d,0x3b,0x0a,0x20,0x20,0x20,0x20,0x66,0x6c,0x6f,0x61,
    0x74,0x32,0x20,0x5f,0x33,0x36,0x20,0x3d,0x20,0x28,0x28,0x28,0x5f,0x31,0x32,0x2e,
    0x72,0x65,0x63,0x74,0x5f,0x70,0x6f,0x73,0x20,0x2b,0x20,0x28,0x69,0x6e,0x2e,0x70,
    0x6f,0x73,0x20,0x2a,0x20,0x5f,0x31,0x32,0x2e,0x72,0x65,0x63,0x74,0x5f,0x73,0x69,
    0x7a,0x65,0x29,0x29,0x20,0x2f,0x20,0x5f,0x31,0x32,0x2e,0x72,0x65,0x73,0x6f,0x6c,
    0x75,0x74,0x69,0x6f,0x6e,0x29,0x20,0x2a,0x20,0x32,0x2e,0x30,0x29,0x20,0x2d,0x20,
    0x66,0x6c,0x6f,0x61,0x74,0x32,0x28,0x31,0x2e,0x30,0x29,0x3b,0x0a,0x20,0x20,0x20,
    0x20,0x6f,0x75,0x74,0x2e,0x67,0x6c,0x5f,0x50,0x6f,0x73,0x69,0x74,0x69,0x6f,0x6e,
    0x20,0x3d,0x20,0x66,0x6c,0x6f,0x61,0x74,0x34,0x28,0x5f,0x33,0x36,0x2e,0x78,0x2c,
    0x20,0x2d,0x5f,0x33,0x36,0x2e,0x79,0x2c,0x20,0x30,0x2e,0x30,0x2c,0x20,0x31,0x2e,
    0x30,0x29,0x3b,0x0a,0x20,0x20,0x20,0x20,0x6f,0x75,0x74,0x2e,0x70,0x6f,0x73,0x5f,
    0x6f,0x75,0x74,0x20,0x3d,0x20,0x69,0x6e,0x2e,0x70,0x6f,0x73,0x3b,0x0a,0x20,0x20,
    0x20,0x20,0x6f,0x75,0x74,0x2e,0x79,0x5f,0x6f,0x72,0x69,0x67,0x69,0x6e,0x5f,0x6f,
    0x75,0x74,0x20,0x3d,0x20,0x5f,0x31,0x32,0x2e,0x79,0x5f,0x6f,0x72,0x69,0x67,0x69,
    0x6e,0x3b,0x0a,0x20,0x20,0x20,0x20,0x72,0x65,0x74,0x75,0x72,0x6e,0x20,0x6f,0x75,
    0x74,0x3b,0x0a,0x7d,0x0a,0x0a,0x00,
};
#endif
/*
    #pragma clang diagnostic ignored "-Wmissing-prototypes"

    #include <metal_stdlib>
    #include <simd/simd.h>

    using namespace metal;

    struct main0_out
    {
        float4 frag_color [[color(0)]];
    };

    struct main0_in
    {
        float2 pos_out [[user(locn0)]];
        float y_origin_out [[user(locn1)]];
    };

    static inline __attribute__((always_inline))
    float2 Warp(thread float2& pos, thread float2& warp)
    {
        pos = (pos * 2.0) - float2(1.0);
        pos *= float2(1.0 + ((pos.y * pos.y) * warp.x), 1.0 + ((pos.x * pos.x) * warp.y));
        return (pos * 0.5) + float2(0.5);
    }

    static inline __attribute__((always_inline))
    float ToLinear1(thread const float& c)
    {
        float _86;
        if (c <= 0.040449999272823333740234375)
        {
            _86 = c * 0.077399380505084991455078125;
        }
        else
        {
            _86 = powr((c + 0.054999999701976776123046875) * 0.947867333889007568359375, 2.400000095367431640625);
        }
        return _86;
    }

    static inline __attribute__((always_inline))
    float3 ToLinear(thread const float3& c)
    {
        float param = c.x;
        float param_1 = c.y;
        float param_2 = c.z;
        return float3(ToLinear1(param), ToLinear1(param_1), ToLinear1(param_2));
    }

    static inline __attribute__((always_inline))
    float3 Fetch(thread float2& pos, thread const float2& off, thread float2& res, texture2d<float> tex, sampler smp)
    {
        pos = (floor((pos * res) + off) + float2(0.5)) / res;
        float3 param = tex.sample(smp, pos, bias(-16.0)).xyz * 1.2000000476837158203125;
        return ToLinear(param);
    }

    static inline __attribute__((always_inline))
    float2 Dist(thread float2& pos, thread float2& res)
    {
        pos *= res;
        return float2(0.5) - (pos - floor(pos));
    }

    static inline __attribute__((always_inline))
    float Gaus(thread const float& pos, thread const float& scale)
    {
        return exp2((scale * pos) * pos);
    }

    static inline __attribute__((always_inline))
    float3 Horz3(thread const float2& pos, thread const float& off, thread float2& res, thread float& hardPix, texture2d<float> tex, sampler smp)
    {
        float2 param = pos;
        float2 param_1 = float2(-1.0, off);
        float3 _211 = Fetch(param, param_1, res, tex, smp);
        float2 param_2 = pos;
        float2 param_3 = float2(0.0, off);
        float3 _219 = Fetch(param_2, param_3, res, tex, smp);
        float2 param_4 = pos;
        float2 param_5 = float2(1.0, off);
        float3 _227 = Fetch(param_4, param_5, res, tex, smp);
        float2 param_6 = pos;
        float2 _231 = Dist(param_6, res);
        float param_7 = _231.x - 1.0;
        float param_8 = hardPix;
        float _241 = Gaus(param_7, param_8);
        float param_9 = _231.x;
        float param_10 = hardPix;
        float _248 = Gaus(param_9, param_10);
        float param_11 = _231.x + 1.0;
        float param_12 = hardPix;
        float _255 = Gaus(param_11, param_12);
        return (((_211 * _241) + (_219 * _248)) + (_227 * _255)) / float3((_241 + _248) + _255);
    }

    static inline __attribute__((always_inline))
    float3 Horz5(thread const float2& pos, thread const float& off, thread float2& res, thread float& hardPix, texture2d<float> tex, sampler smp)
    {
        float2 param = pos;
        float2 param_1 = float2(-2.0, off);
        float3 _283 = Fetch(param, param_1, res, tex, smp);
        float2 param_2 = pos;
        float2 param_3 = float2(-1.0, off);
        float3 _290 = Fetch(param_2, param_3, res, tex, smp);
        float2 param_4 = pos;
        float2 param_5 = float2(0.0, off);
        float3 _297 = Fetch(param_4, param_5, res, tex, smp);
        float2 param_6 = pos;
        float2 param_7 = float2(1.0, off);
        float3 _304 = Fetch(param_6, param_7, res, tex, smp);
        float2 param_8 = pos;
        float2 param_9 = float2(2.0, off);
        float3 _312 = Fetch(param_8, param_9, res, tex, smp);
        float2 param_10 = pos;
        float2 _316 = Dist(param_10, res);
        float param_11 = _316.x - 2.0;
        float param_12 = hardPix;
        float _326 = Gaus(param_11, param_12);
        float param_13 = _316.x - 1.0;
        float param_14 = hardPix;
        float _333 = Gaus(param_13, param_14);
        float param_15 = _316.x;
        float param_16 = hardPix;
        float _340 = Gaus(param_15, param_16);
        float param_17 = _316.x + 1.0;
        float param_18 = hardPix;
        float _347 = Gaus(param_17, param_18);
        float param_19 = _316.x + 2.0;
        float param_20 = hardPix;
        float _354 = Gaus(param_19, param_20);
        return (((((_283 * _326) + (_290 * _333)) + (_297 * _340)) + (_304 * _347)) + (_312 * _354)) / float3((((_326 + _333) + _340) + _347) + _354);
    }

    static inline __attribute__((always_inline))
    float Scan(thread const float2& pos, thread const float& off, thread float2& res, thread float& hardScan)
    {
        float2 param = pos;
        float2 _390 = Dist(param, res);
        float param_1 = _390.y + off;
        float param_2 = hardScan;
        return Gaus(param_1, param_2);
    }

    static inline __attribute__((always_inline))
    float3 Tri(thread const float2& pos, thread float2& res, thread float& hardScan, thread float& hardPix, texture2d<float> tex, sampler smp)
    {
        float2 param = pos;
        float param_1 = -1.0;
        float2 param_2 = pos;
        float param_3 = 0.0;
        float2 param_4 = pos;
        float param_5 = 1.0;
        float2 param_6 = pos;
        float param_7 = -1.0;
        float2 param_8 = pos;
        float param_9 = 0.0;
        float2 param_10 = pos;
        float param_11 = 1.0;
        return ((Horz3(param, param_1, res, hardPix, tex, smp) * Scan(param_6, param_7, res, hardScan)) + (Horz5(param_2, param_3, res, hardPix, tex, smp) * Scan(param_8, param_9, res, hardScan))) + (Horz3(param_4, param_5, res, hardPix, tex, smp) * Scan(param_10, param_11, res, hardScan));
    }

    static inline __attribute__((always_inline))
    float3 Mask(thread float2& pos, thread float& maskDark, thread float& maskLight)
    {
        pos.x += (pos.y * 3.0);
        float3 mask = float3(maskDark);
        pos.x = fract(pos.x * 0.16666667163372039794921875);
        if (pos.x < 0.333000004291534423828125)
        {
            float3 _550 = mask;
            _550.x = maskLight;
            mask = _550;
        }
        else
        {
            if (pos.x < 0.66600000858306884765625)
            {
                float3 _552 = mask;
                _552.y = maskLight;
                mask = _552;
            }
            else
            {
                float3 _554 = mask;
                _554.z = maskLight;
                mask = _554;
            }
        }
        return mask;
    }

    static inline __attribute__((always_inline))
    float ToSrgb1(thread const float& c)
    {
        float _125;
        if (c < 0.003130800090730190277099609375)
        {
            _125 = c * 12.9200000762939453125;
        }
        else
        {
            _125 = (1.05499994754791259765625 * powr(c, 0.416660010814666748046875)) - 0.054999999701976776123046875;
        }
        return _125;
    }

    static inline __attribute__((always_inline))
    float3 ToSrgb(thread const float3& c)
    {
        float param = c.x;
        float param_1 = c.y;
        float param_2 = c.z;
        return float3(ToSrgb1(param), ToSrgb1(param_1), ToSrgb1(param_2));
    }

    fragment main0_out main0(main0_in in [[stage_in]], texture2d<float> tex [[texture(0)]], sampler smp [[sampler(0)]], float4 gl_FragCoord [[position]])
    {
        main0_out out = {};
        float2 res = float2(256.0, 144.0);
        float hardScan = -8.0;
        float hardPix = -3.0;
        float2 warp = float2(0.015625, 0.02083333395421504974365234375);
        float maskDark = 0.5;
        float maskLight = 1.5;
        hardScan = -12.0;
        float2 param = in.pos_out;
        float2 _534 = Warp(param, warp);
        float2 param_1 = _534;
        float2 param_2 = float2(gl_FragCoord.x, abs(in.y_origin_out - gl_FragCoord.y));
        float3 _539 = Mask(param_2, maskDark, maskLight);
        float3 param_3 = Tri(param_1, res, hardScan, hardPix, tex, smp) * _539;
        out.frag_color = float4(ToSrgb(param_3), 1.0);
        return out;
    }

*/
#if defined(SOKOL_METAL)
static const uint8_t crt_fs_source_metal_macos[7557] = {
    0x23,0x70,0x72,0x61,0x67,0x6d,0x61,0x20,0x63,0x6c,0x61,0x6e,0x67,0x20,0x64,0x69,
    0x61,0x67,0x6e,0x6f,0x73,0x74,0x69,0x63,0x20,0x69,0x67,0x6e,0x6f,0x72,0x65,0x64,
    0x20,0x22,0x2d,0x57,0x6d,0x69,0x73,0x73,0x69,0x6e,0x67,0x2d,0x70,0x72,0x6f,0x74,
    0x6f,0x74,0x79,0x70,0x65,0x73,0x22,0x0a,0x0a,0x23,0x69,0x6e,0x63,0x6c,0x75,0x64,
    0x65,0x20,0x3c,0x6d,0x65,0x74,0x61,0x6c,0x5f,0x73,0x74,0x64,0x6c,0x69,0x62,0x3e,
    0x0a,0x23,0x69,0x6e,0x63,0x6c,0x75,0x64,0x65,0x20,0x3c,0x73,0x69,0x6d,0x64,0x2f,
    0x73,0x69,0x6d,0x64,0x2e,0x68,0x3e,0x0a,0x0a,0x75,0x73,0x69,0x6e,0x67,0x20,0x6e,
    0x61,0x6d,0x65,0x73,0x70,0x61,0x63,0x65,0x20,0x6d,0x65,0x74,0x61,0x6c,0x3b,0x0a,
    0x0a,0x73,0x74,0x72,0x75,0x63,0x74,0x20,0x6d,0x61,0x69,0x6e,0x30,0x5f,0x6f,0x75,
    0x74,0x0a,0x7b,0x0a,0x20,0x20,0x20,0x20,0x66,0x6c,0x6f,0x61,0x74,0x34,0x20,0x66,
    0x72,0x61,0x67,0x5f,0x63,0x6f,0x6c,0x6f,0x72,0x20,0x5b,0x5b,0x63,0x6f,0x6c,0x6f,
    0x72,0x28,0x30,0x29,0x5d,0x5d,0x3b,0x0a,0x7d,0x3b,0x0a,0x0a,0x73,0x74,0x72,0x75,
    0x63,0x74,0x20,0x6d,0x61,0x69,0x6e,0x30,0x5f,0x69,0x6e,0x0a,0x7b,0x0a,0x20,0x20,
    0x20,0x20,0x66,0x6c,0x6f,0x61,0x74,0x32,0x20,0x70,0x6f,0x73,0x5f,0x6f,0x75,0x74,
    0x20,0x5b,0x5b,0x75,0x73,0x65,0x72,0x28,0x6c,0x6f,0x63,0x6e,0x30,0x29,0x5d,0x5d,
    0x3b,0x0a,0x20,0x20,0x20,0x20,0x66,0x6c,0x6f,0x61,0x74,0x20,0x79,0x5f,0x6f,0x72,
    0x69,0x67,0x69,0x6e,0x5f,0x6f,0x75,0x74,0x20,0x5b,0x5b,0x75,0x73,0x65,0x72,0x28,
    0x6c,0x6f,0x63,0x6e,0x31,0x29,0x5d,0x5d,0x3b,0x0a,0x7d,0x3b,0x0a,0x0a,0x73,0x74,
    0x61,0x74,0x69,0x63,0x20,0x69,0x6e,0x6c,0x69,0x6e,0x65,0x20,0x5f,0x5f,0x61,0x74,
    0x74,0x72,0x69,0x62,0x75,0x74,0x65,0x5f,0x5f,0x28,0x28,0x61,0x6c,0x77,0x61,0x79,
    0x73,0x5f,0x69,0x6e,0x6c,0x69,0x6e,0x65,0x29,0x29,0x0a,0x66,0x6c,0x6f,0x61,0x74,
    0x32,0x20,0x57,0x61,0x72,0x70,0x28,0x74,0x68,0x72,0x65,0x61,0x64,0x20,0x66,0x6c,
    0x6f,0x61,0x74,0x32,0x26,0x20,0x70,0x6f,0x73,0x2c,0x20,0x74,0x68,0x72,0x65,0x61,
    0x64,0x20,0x66,0x6c,0x6f,0x61,0x74,0x32,0x26,0x20,0x77,0x61,0x72,0x70,0x29,0x0a,
    0x7b,0x0a,0x20,0x20,0x20,0x20,0x70,0x6f,0x73,0x20,0x3d,0x20,0x28,0x70,0x6f,0x73,
    0x20,0x2a,0x20,0x32,0x2e,0x30,0x29,0x20,0x2d,0x20,0x66,0x6c,0x6f,0x61,0x74,0x32,
    0x28,0x31,0x2e,0x30,0x29,0x3b,0x0a,0x20,0x20,0x20,0x20,0x70,0x6f,0x73,0x20,0x2a,
    0x3d,0x20,0x66,0x6c,0x6f,0x61,0x74,0x32,0x28,0x31,0x2e,0x30,0x20,0x2b,0x20,0x28,
    0x28,0x70,0x6f,0x73,0x2e,0x79,0x20,0x2a,0x20,0x70,0x6f,0x73,0x2e,0x79,0x29,0x20,
    0x2a,0x20,0x77,0x61,0x72,0x70,0x2e,0x78,0x29,0x2c,0x20,0x31,0x2e,0x30,0x20,0x2b,
    0x20,0x28,0x28,0x70,0x6f,0x73,0x2e,0x78,0x20,0x2a,0x20,0x70,0x6f,0x73,0x2e,0x78,
    0x29,0x20,0x2a,0x20,0x77,0x61,0x72,0x70,0x2e,0x79,0x29,0x29,0x3b,0x0a,0x20,0x20,
    0x20,0x20,0x72,0x65,0x74,0x75,0x72,0x6e,0x20,0x28,0x70,0x6f,0x73,0x20,0x2a,0x20,
    0x30,0x2e,0x35,0x29,0x20,0x2b,0x20,0x66,0x6c,0x6f,0x61,0x74,0x32,0x28,0x30,0x2e,
    0x35,0x29,0x3b,0x0a,0x7d,0x0a,0x0a,0x73,0x74,0x61,0x74,0x69,0x63,0x20,0x69,0x6e,
    0x6c,0x69,0x6e,0x65,0x20,0x5f,0x5f,0x61,0x74,0x74,0x72,0x69,0x62,0x75,0x74,0x65,
    0x5f,0x5f,0x28,0x28,0x61,0x6c,0x77,0x61,0x79,0x73,0x5f,0x69,0x6e,0x6c,0x69,0x6e,
    0x65,0x29,0x29,0x0a,0x66,0x6c,0x6f,0x61,0x74,0x20,0x54,0x6f,0x4c,0x69,0x6e,0x65,
    0x61,0x72,0x31,0x28,0x74,0x68,0x72,0x65,0x61,0x64,0x20,0x63,0x6f,0x6e,0x73,0x74,
    0x20,0x66,0x6c,0x6f,0x61,0x74,0x26,0x20,0x63,0x29,0x0a,0x7b,0x0a,0x20,0x20,0x20,
    0x20,0x66,0x6c,0x6f,0x61,0x74,0x20,0x5f,0x38,0x36,0x3b,0x0a,0x20,0x20,0x20,0x20,
    0x69,0x66,0x20,0x28,0x63,0x20,0x3c,0x3d,0x20,0x30,0x2e,0x30,0x34,0x30,0x34,0x34,
    0x39,0x39,0x39,0x39,0x32,0x37,0x32,0x38,0x32,0x33,0x33,0x33,0x33,0x37,0x34,0x30,
    0x32,0x33,0x34,0x33,0x37,0x35,0x29,0x0a,0x20,0x20,0x20,0x20,0x7b,0x0a,0x20,0x20,
    0x20,0x20,0x20,0x20,0x20,0x20,0x5f,0x38,0x36,0x20,0x3d,0x20,0x63,0x20,0x2a,0x20,
    0x30,0x2e,0x30,0x37,0x37,0x33,0x39,0x39,0x33,0x38,0x30,0x35,0x30,0x35,0x30,0x38,
    0x34,0x39,0x39,0x31,0x34,0x35,0x35,0x30,0x37,0x38,0x31,0x32,0x35,0x3b,0x0a,0x20,
    0x20,0x20,0x20,0x7d,0x0a,0x20,0x20,0x20,0x20,0x65,0x6c,0x73,0x65,0x0a,0x20,0x20,
    0x20,0x20,0x7b,0x0a,0x20,0x20,0x20,0x20,0x20,0x20,0x20,0x20,0x5f,0x38,0x36,0x20,
    0x3d,0x20,0x70,0x6f,0x77,0x72,0x28,0x28,0x63,0x20,0x2b,0x20,0x30,0x2e,0x30,0x35,
    0x34,0x39,0x39,0x39,0x39,0x39,0x39,0x37,0x30,0x31,0x39,0x37,0x36,0x37,0x37,0x36,
    0x31,0x32,0x33,0x30,0x34,0x36,0x38,0x37,0x35,0x29,0x20,0x2a,0x20,0x30,0x2e,0x39,
    0x34,0x37,0x38,0x36,0x37,0x33,0x33,0x33,0x38,0x38,0x39,0x30,0x30,0x37,0x35,0x36,
    0x38,0x33,0x35,0x39,0x33,0x37,0x35,0x2c,0x20,0x32,0x2e,0x34,0x30,0x30,0x30,0x30,
    0x30,0x30,0x39,0x35,0x33,0x36,0x37,0x34,0x33,0x31,0x36,0x34,0x30,0x36,0x32,0x35,
    0x29,0x3b,0x0a,0x20,0x20,0x20,0x20,0x7d,0x0a,0x20,0x20,0x20,0x20,0x72,0x65,0x74,
    0x75,0x72,0x6e,0x20,0x5f,0x38,0x36,0x3b,0x0a,0x7d,0x0a,0x0a,0x73,0x74,0x61,0x74,
    0x69,0x63,0x20,0x69,0x6e,0x6c,0x69,0x6e,0x65,0x20,0x5f,0x5f,0x61,0x74,0x74,0x72,
    0x69,0x62,0x75,0x74,0x65,0x5f,0x5f,0x28,0x28,0x61,0x6c,0x77,0x61,0x79,0x73,0x5f,
    0x69,0x6e,0x6c,0x69,0x6e,0x65,0x29,0x29,0x0a,0x66,0x6c,0x6f,0x61,0x74,0x33,0x20,
    0x54,0x6f,0x4c,0x69,0x6e,0x65,0x61,0x72,0x28,0x74,0x68,0x72,0x65,0x61,0x64,0x20,
    0x63,0x6f,0x6e,0x73,0x74,0x20,0x66,0x6c,0x6f,0x61,0x74,0x33,0x26,0x20,0x63,0x29,
    0x0a,0x7b,0x0a,0x20,0x20,0x20,0x20,0x66,0x6c,0x6f,0x61,0x74,0x20,0x70,0x61,0x72,
    0x61,0x6d,0x20,0x3d,0x20,0x63,0x2e,0x78,0x3b,0x0a,0x20,0x20,0x20,0x20,0x66,0x6c,
    0x6f,0x61,0x74,0x20,0x70,0x61,0x72,0x61,0x6d,0x5f,0x31,0x20,0x3d,0x20,0x63,0x2e,
    0x79,0x3b,0x0a,0x20,0x20,0x20,0x20,0x66,0x6c,0x6f,0x61,0x74,0x20,0x70,0x61,0x72,
    0x61,0x6d,0x5f,0x32,0x20,0x3d,0x20,0x63,0x2e,0x7a,0x3b,0x0a,0x20,0x20,0x20,0x20,
    0x72,0x65,0x74,0x75,0x72,0x6e,0x20,0x66,0x6c,0x6f,0x61,0x74,0x33,0x28,0x54,0x6f,
    0x4c,0x69,0x6e,0x65,0x61,0x72,0x31,0x28,0x70,0x61,0x72,0x61,0x6d,0x29,0x2c,0x20,
    0x54,0x6f,0x4c,0x69,0x6e,0x65,0x61,0x72,0x31,0x28,0x70,0x61,0x72,0x61,0x6d,0x5f,
    0x31,0x29,0x2c,0x20,0x54,0x6f,0x4c,0x69,0x6e,0x65,0x61,0x72,0x31,0x28,0x70,0x61,
    0x72,0x61,0x6d,0x5f,0x32,0x29,0x29,0x3b,0x0a,0x7d,0x0a,0x0a,0x73,0x74,0x61,0x74,
    0x69,0x63,0x20,0x69,0x6e,0x6c,0x69,0x6e,0x65,0x20,0x5f,0x5f,0x61,0x74,0x74,0x72,
    0x69,0x62,0x75,0x74,0x65,0x5f,0x5f,0x28,0x28,0x61,0x6c,0x77,0x61,0x79,0x73,0x5f,
    0x69,0x6e,0x6c,0x69,0x6e,0x65,0x29,0x29,0x0a,0x66,0x6c,0x6f,0x61,0x74,0x33,0x20,
    0x46,0x65,0x74,0x63,0x68,0x28,0x74,0x68,0x72,0x65,0x61,0x64,0x20,0x66,0x6c,0x6f,
    0x61,0x74,0x32,0x26,0x20,0x70,0x6f,0x73,0x2c,0x20,0x74,0x68,0x72,0x65,0x61,0x64,
    0x20,0x63,0x6f,0x6e,0x73,0x74,0x20,0x66,0x6c,0x6f,0x61,0x74,0x32,0x26,0x20,0x6f,
    0x66,0x66,0x2c,0x20,0x74,0x68,0x72,0x65,0x61,0x64,0x20,0x66,0x6c,0x6f,0x61,0x74,
    0x32,0x26,0x20,0x72,0x65,0x73,0x2c,0x20,0x74,0x65,0x78,0x74,0x75,0x72,0x65,0x32,
    0x64,0x3c,0x66,0x6c,0x6f,0x61,0x74,0x3e,0x20,0x74,0x65,0x78,0x2c,0x20,0x73,0x61,
    0x6d,0x70,0x6c,0x65,0x72,0x20,0x73,0x6d,0x70,0x29,0x0a,0x7b,0x0a,0x20,0x20,0x20,
    0x20,0x70,0x6f,0x73,0x20,0x3d,0x20,0x28,0x66,0x6c,0x6f,0x6f,0x72,0x28,0x28,0x70,
    0x6f,0x73,0x20,0x2a,0x20,0x72,0x65,0x73,0x29,0x20,0x2b,0x20,0x6f,0x66,0x66,0x29,
    0x20,0x2b,0x20,0x66,0x6c,0x6f,0x61,0x74,0x32,0x28,0x30,0x2e,0x35,0x29,0x29,0x20,
    0x2f,0x20,0x72,0x65,0x73,0x3b,0x0a,0x20,0x20,0x20,0x20,0x66,0x6c,0x6f,0x61,0x74,
    0x33,0x20,0x70,0x61,0x72,0x61,0x6d,0x20,0x3d,0x20,0x74,0x65,0x78,0x2e,0x73,0x61,
    0x6d,0x70,0x6c,0x65,0x28,0x73,0x6d,0x70,0x2c,0x20,0x70,0x6f,0x73,0x2c,0x20,0x62,
    0x69,0x61,0x73,0x28,0x2d,0x31,0x36,0x2e,0x30,0x29,0x29,0x2e,0x78,0x79,0x7a,0x20,
    0x2a,0x20,0x31,0x2e,0x32,0x30,0x30,0x30,0x30,0x30,0x30,0x34,0x37,0x36,0x38,0x33,
    0x37,0x31,0x35,0x38,0x32,0x30,0x33,0x31,0x32,0x35,0x3b,0x0a,0x20,0x20,0x20,0x20,
    0x72,0x65,0x74,0x75,0x72,0x6e,0x20,0x54,0x6f,0x4c,0x69,0x6e,0x65,0x61,0x72,0x28,
    0x70,0x61,0x72,0x61,0x6d,0x29,0x3b,0x0a,0x7d,0x0a,0x0a,0x73,0x74,0x61,0x74,0x69,
    0x63,0x20,0x69,0x6e,0x6c,0x69,0x6e,0x65,0x20,0x5f,0x5f,0x61,0x74,0x74,0x72,0x69,
    0x62,0x75,0x74,0x65,0x5f,0x5f,0x28,0x28,0x61,0x6c,0x77,0x61,0x79,0x73,0x5f,0x69,
    0x6e,0x6c,0x69,0x6e,0x65,0x29,0x29,0x0a,0x66,0x6c,0x6f,0x61,0x74,0x32,0x20,0x44,
    0x69,0x73,0x74,0x28,0x74,0x68,0x72,0x65,0x61,0x64,0x20,0x66,0x6c,0x6f,0x61,0x74,
    0x32,0x26,0x20,0x70,0x6f,0x73,0x2c,0x20,0x74,0x68,0x72,0x65,0x61,0x64,0x20,0x66,
    0x6c,0x6f,0x61,0x74,0x32,0x26,0x20,0x72,0x65,0x73,0x29,0x0a,0x7b,0x0a,0x20,0x20,
    0x20,0x20,0x70,0x6f,0x73,0x20,0x2a,0x3d,0x20,0x72,0x65,0x73,0x3b,0x0a,0x20,0x20,
    0x20,0x20,0x72,0x65,0x74,0x75,0x72,0x6e,0x20,0x66,0x6c,0x6f,0x61,0x74,0x32,0x28,
    0x30,0x2e,0x35,0x29,0x20,0x2d,0x20,0x28,0x70,0x6f,0x73,0x20,0x2d,0x20,0x66,0x6c,
    0x6f,0x6f,0x72,0x28,0x70,0x6f,0x73,0x29,0x29,0x3b,0x0a,0x7d,0x0a,0x0a,0x73,0x74,
    0x61,0x74,0x69,0x63,0x20,0x69,0x6e,0x6c,0x69,0x6e,0x65,0x20,0x5f,0x5f,0x61,0x74,
    0x74,0x72,0x69,0x62,0x75,0x74,0x65,0x5f,0x5f,0x28,0x28,0x61,0x6c,0x77,0x61,0x79,
    0x73,0x5f,0x69,0x6e,0x6c,0x69,0x6e,0x65,0x29,0x29,0x0a,0x66,0x6c,0x6f,0x61,0x74,
    0x20,0x47,0x61,0x75,0x73,0x28,0x74,0x68,0x72,0x65,0x61,0x64,0x20,0x63,0x6f,0x6e,
    0x73,0x74,0x20,0x66,0x6c,0x6f,0x61,0x74,0x26,0x20,0x70,0x6f,0x73,0x2c,0x20,0x74,
    0x68,0x72,0x65,0x61,0x64,0x20,0x63,0x6f,0x6e,0x73,0x74,0x20,0x66,0x6c,0x6f,0x61,
    0x74,0x26,0x20,0x73,0x63,0x61,0x6c,0x65,0x29,0x0a,0x7b,0x0a,0x20,0x20,0x20,0x20,
    0x72,0x65,0x74,0x75,0x72,0x6e,0x20,0x65,0x78,0x70,0x32,0x28,0x28,0x73,0x63,0x61,
    0x6c,0x65,0x20,0x2a,0x20,0x70,0x6f,0x73,0x29,0x20,0x2a,0x20,0x70,0x6f,0x73,0x29,
    0x3b,0x0a,0x7d,0x0a,0x0a,0x73,0x74,0x61,0x74,0x69,0x63,0x20,0x69,0x6e,0x6c,0x69,
    0x6e,0x65,0x20,0x5f,0x5f,0x61,0x74,0x74,0x72,0x69,0x62,0x75,0x74,0x65,0x5f,0x5f,
    0x28,0x28,0x61,0x6c,0x77,0x61,0x79,0x73,0x5f,0x69,0x6e,0x6c,0x69,0x6e,0x65,0x29,
    0x29,0x0a,0x66,0x6c,0x6f,0x61,0x74,0x33,0x20,0x48,0x6f,0x72,0x7a,0x33,0x28,0x74,
    0x68,0x72,0x65,0x61,0x64,0x20,0x63,0x6f,0x6e,0x73,0x74,0x20,0x66,0x6c,0x6f,0x61,
    0x74,0x32,0x26,0x20,0x70,0x6f,0x73,0x2c,0x20,0x74,0x68,0x72,0x65,0x61,0x64,0x20,
    0x63,0x6f,0x6e,0x73,0x74,0x20,0x66,0x6c,0x6f,0x61,0x74,0x26,0x20,0x6f,0x66,0x66,
    0x2c,0x20,0x74,0x68,0x72,0x65,0x61,0x64,0x20,0x66,0x6c,0x6f,0x61,0x74,0x32,0x26,
    0x20,0x72,0x65,0x73,0x2c,0x20,0x74,0x68,0x72,0x65,0x61,0x64,0x20,0x66,0x6c,0x6f,
    0x61,0x74,0x26,0x20,0x68,0x61,0x72,0x64,0x50,0x69,0x78,0x2c,0x20,0x74,0x65,0x78,
    0x74,0x75,0x72,0x65,0x32,0x64,0x3c,0x66,0x6c,0x6f,0x61,0x74,0x3e,0x20,0x74,0x65,
    0x78,0x2c,0x20,0x73,0x61,0x6d,0x70,0x6c,0x65,0x72,0x20,0x73,0x6d,0x70,0x29,0x0a,
    0x7b,0x0a,0x20,0x20,0x20,0x20,0x66,0x6c,0x6f,0x61,0x74,0x32,0x20,0x70,0x61,0x72,
    0x61,0x6d,0x20,0x3d,0x20,0x70,0x6f,0x73,0x3b,0x0a,0x20,0x20,0x20,0x20,0x66,0x6c,
    0x6f,0x61,0x74,0x32,0x20,0x70,0x61,0x72,0x61,0x6d,0x5f,0x31,0x20,0x3d,0x20,0x66,
    0x6c,0x6f,0x61,0x74,0x32,0x28,0x2d,0x31,0x2e,0x30,0x2c,0x20,0x6f,0x66,0x66,0x29,
    0x3b,0x0a,0x20,0x20,0x20,0x20,0x66,0x6c,0x6f,0x61,0x74,0x33,0x20,0x5f,0x32,0x31,
    0x31,0x20,0x3d,0x20,0x46,0x65,0x74,0x63,0x68,0x28,0x70,0x61,0x72,0x61,0x6d,0x2c,
    0x20,0x70,0x61,0x72,0x61,0x6d,0x5f,0x31,0x2c,0x20,0x72,0x65,0x73,0x2c,0x20,0x74,
    0x65,0x78,0x2c,0x20,0x73,0x6d,0x70,0x29,0x3b,0x0a,0x20,0x20,0x20,0x20,0x66,0x6c,
    0x6f,0x61,0x74,0x32,0x20,0x70,0x61,0x72,0x61,0x6d,0x5f,0x32,0x20,0x3d,0x20,0x70,
    0x6f,0x73,0x3b,0x0a,0x20,0x20,0x20,0x20,0x66,0x6c,0x6f,0x61,0x74,0x32,0x20,0x70,
    0x61,0x72,0x61,0x6d,0x5f,0x33,0x20,0x3d,0x20,0x66,0x6c,0x6f,0x61,0x74,0x32,0x28,
    0x30,0x2e,0x30,0x2c,0x20,0x6f,0x66,0x66,0x29,0x3b,0x0a,0x20,0x20,0x20,0x20,0x66,
    0x6c,0x6f,0x61,0x74,0x33,0x20,0x5f,0x32,0x31,0x39,0x20,0x3d,0x20,0x46,0x65,0x74,
    0x63,0x68,0x28,0x70,0x61,0x72,0x61,0x6d,0x5f,0x32,0x2c,0x20,0x70,0x61,0x72,0x61,
    0x6d,0x5f,0x33,0x2c,0x20,0x72,0x65,0x73,0x2c,0x20,0x74,0x65,0x78,0x2c,0x20,0x73,
    0x6d,0x70,0x29,0x3b,0x0a,0x20,0x20,0x20,0x20,0x66,0x6c,0x6f,0x61,0x74,0x32,0x20,
    0x70,0x61,0x72,0x61,0x6d,0x5f,0x34,0x20,0x3d,0x20,0x70,0x6f,0x73,0x3b,0x0a,0x20,
    0x20,0x20,0x20,0x66,0x6c,0x6f,0x61,0x74,0x32,0x20,0x70,0x61,0x72,0x61,0x6d,0x5f,
    0x35,0x20,0x3d,0x20,0x66,0x6c,0x6f,0x61,0x74,0x32,0x28,0x31,0x2e,0x30,0x2c,0x20,
    0x6f,0x66,0x66,0x29,0x3b,0x0a,0x20,0x20,0x20,0x20,0x66,0x6c,0x6f,0x61,0x74,0x33,
    0x20,0x5f,0x32,0x32,0x37,0x20,0x3d,0x20,0x46,0x65,0x74,0x63,0x68,0x28,0x70,0x61,
    0x72,0x61,0x6d,0x5f,0x34,0x2c,0x20,0x70,0x61,0x72,0x61,0x6d,0x5f,0x35,0x2c,0x20,
    0x72,0x65,0x73,0x2c,0x20,0x74,0x65,0x78,0x2c,0x20,0x73,0x6d,0x70,0x29,0x3b,0x0a,
    0x20,0x20,0x20,0x20,0x66,0x6c,0x6f,0x61,0x74,0x32,0x20,0x70,0x61,0x72,0x61,0x6d,
    0x5f,0x36,0x20,0x3d,0x20,0x70,0x6f,0x73,0x3b,0x0a,0x20,0x20,0x20,0x20,0x66,0x6c,
    0x6f,0x61,0x74,0x32,0x20,0x5f,0x32,0x33,0x31,0x20,0x3d,0x20,0x44,0x69,0x73,0x74,
    0x28,0x70,0x61,0x72,0x61,0x6d,0x5f,0x36,0x2c,0x20,0x72,0x65,0x73,0x29,0x3b,0x0a,
    0x20,0x20,0x20,0x20,0x66,0x6c,0x6f,0x61,0x74,0x20,0x70,0x61,0x72,0x61,0x6d,0x5f,
    0x37,0x20,0x3d,0x20,0x5f,0x32,0x33,0x31,0x2e,0x78,0x20,0x2d,0x20,0x31,0x2e,0x30,
    0x3b,0x0a,0x20,0x20,0x20,0x20,0x66,0x6c,0x6f,0x61,0x74,0x20,0x70,0x61,0x72,0x61,
    0x6d,0x5f,0x38,0x20,0x3d,0x20,0x68,0x61,0x72,0x64,0x50,0x69,0x78,0x3b,0x0a,0x20,
    0x20,0x20,0x20,0x66,0x6c,0x6f,0x61,0x74,0x20,0x5f,0x32,0x34,0x31,0x20,0x3d,0x20,
    0x47,0x61,0x75,0x73,0x28,0x70,0x61,0x72,0x61,0x6d,0x5f,0x37,0x2c,0x20,0x70,0x61,
    0x72,0x61,0x6d,0x5f,0x38,0x29,0x3b,0x0a,0x20,0x20,0x20,0x20,0x66,0x6c,0x6f,0x61,
    0x74,0x20,0x70,0x61,0x72,0x61,0x6d,0x5f,0x39,0x20,0x3d,0x20,0x5f,0x32,0x33,0x31,
    0x2e,0x78,0x3b,0x0a,0x20,0x20,0x20,0x20,0x66,0x6c,0x6f,0x61,0x74,0x20,0x70,0x61,
    0x72,0x61,0x6d,0x5f,0x31,0x30,0x20,0x3d,0x20,0x68,0x61,0x72,0x64,0x50,0x69,0x78,
    0x3b,0x0a,0x20,0x20,0x20,0x20,0x66,0x6c,0x6f,0x61,0x74,0x20,0x5f,0x32,0x34,0x38,
    0x20,0x3d,0x20,0x47,0x61,0x75,0x73,0x28,0x70,0x61,0x72,0x61,0x6d,0x5f,0x39,0x2c,
    0x20,0x70,0x61,0x72,0x61,0x6d,0x5f,0x31,0x30,0x29,0x3b,0x0a,0x20,0x20,0x20,0x20,
    0x66,0x6c,0x6f,0x61,0x74,0x20,0x70,0x61,0x72,0x61,0x6d,0x5f,0x31,0x31,0x20,0x3d,
    0x20,0x5f,0x32,0x33,0x31,0x2e,0x78,0x20,0x2b,0x20,0x31,0x2e,0x30,0x3b,0x0a,0x20,
    0x20,0x20,0x20,0x66,0x6c,0x6f,0x61,0x74,0x20,0x70,0x61,0x72,0x61,0x6d,0x5f,0x31,
    0x32,0x20,0x3d,0x20,0x68,0x61,0x72,0x64,0x50,0x69,0x78,0x3b,0x0a,0x20,0x20,0x20,
    0x20,0x66,0x6c,0x6f,0x61,0x74,0x20,0x5f,0x32,0x35,0x35,0x20,0x3d,0x20,0x47,0x61,
    0x75,0x73,0x28,0x70,0x61,0x72,0x61,0x6d,0x5f,0x31,0x31,0x2c,0x20,0x70,0x61,0x72,
    0x61,0x6d,0x5f,0x31,0x32,0x29,0x3b,0x0a,0x20,0x20,0x20,0x20,0x72,0x65,0x74,0x75,
    0x72,0x6e,0x20,0x28,0x28,0x28,0x5f,0x32,0x31,0x31,0x20,0x2a,0x20,0x5f,0x32,0x34,
    0x31,0x29,0x20,0x2b,0x20,0x28,0x5f,0x32,0x31,0x39,0x20,0x2a,0x20,0x5f,0x32,0x34,
    0x38,0x29,0x29,0x20,0x2b,0x20,0x28,0x5f,0x32,0x32,0x37,0x20,0x2a,0x20,0x5f,0x32,
    0x35,0x35,0x29,0x29,0x20,0x2f,0x20,0x66,0x6c,0x6f,0x61,0x74,0x33,0x28,0x28,0x5f,
    0x32,0x34,0x31,0x20,0x2b,0x20,0x5f,0x32,0x34,0x38,0x29,0x20,0x2b,0x20,0x5f,0x32,
    0x35,0x35,0x29,0x3b,0x0a,0x7d,0x0a,0x0a,0x73,0x74,0x61,0x74,0x69,0x63,0x20,0x69,
    0x6e,0x6c,0x69,0x6e,0x65,0x20,0x5f,0x5f,0x61,0x74,0x74,0x72,0x69,0x62,0x75,0x74,
    0x65,0x5f,0x5f,0x28,0x28,0x61,0x6c,0x77,0x61,0x79,0x73,0x5f,0x69,0x6e,0x6c,0x69,
    0x6e,0x65,0x29,0x29,0x0a,0x66,0x6c,0x6f,0x61,0x74,0x33,0x20,0x48,0x6f,0x72,0x7a,
    0x35,0x28,0x74,0x68,0x72,0x65,0x61,0x64,0x20,0x63,0x6f,0x6e,0x73,0x74,0x20,0x66,
    0x6c,0x6f,0x61,0x74,0x32,0x26,0x20,0x70,0x6f,0x73,0x2c,0x20,0x74,0x68,0x72,0x65,
    0x61,0x64,0x20,0x63,0x6f,0x6e,0x73,0x74,0x20,0x66,0x6c,0x6f,0x61,0x74,0x26,0x20,
    0x6f,0x66,0x66,0x2c,0x20,0x74,0x68,0x72,0x65,0x61,0x64,0x20,0x66,0x6c,0x6f,0x61,
    0x74,0x32,0x26,0x20,0x72,0x65,0x73,0x2c,0x20,0x74,0x68,0x72,0x65,0x61,0x64,0x20,
    0x66,0x6c,0x6f,0x61,0x74,0x26,0x20,0x68,0x61,0x72,0x64,0x50,0x69,0x78,0x2c,0x20,
    0x74,0x65,0x78,0x74,0x75,0x72,0x65,0x32,0x64,0x3c,0x66,0x6c,0x6f,0x61,0x74,0x3e,
    0x20,0x74,0x65,0x78,0x2c,0x20,0x73,0x61,0x6d,0x70,0x6c,0x65,0x72,0x20,0x73,0x6d,
    0x70,0x29,0x0a,0x7b,0x0a,0x20,0x20,0x20,0x20,0x66,0x6c,0x6f,0x61,0x74,0x32,0x20,
    0x70,0x61,0x72,0x61,0x6d,0x20,0x3d,0x20,0x70,0x6f,0x73,0x3b,0x0a,0x20,0x20,0x20,
    0x20,0x66,0x6c,0x6f,0x61,0x74,0x32,0x20,0x70,0x61,0x72,0x61,0x6d,0x5f,0x31,0x20,
    0x3d,0x20,0x66,0x6c,0x6f,0x61,0x74,0x32,0x28,0x2d,0x32,0x2e,0x30,0x2c,0x20,0x6f,
    0x66,0x66,0x29,0x3b,0x0a,0x20,0x20,0x20,0x20,0x66,0x6c,0x6f,0x61,0x74,0x33,0x20,
    0x5f,0x32,0x38,0x33,0x20,0x3d,0x20,0x46,0x65,0x74,0x63,0x68,0x28,0x70,0x61,0x72,
    0x61,0x6d,0x2c,0x20,0x70,0x61,0x72,0x61,0x6d,0x5f,0x31,0x2c,0x20,0x72,0x65,0x73,
    0x2c,0x20,0x74,0x65,0x78,0x2c,0x20,0x73,0x6d,0x70,0x29,0x3b,0x0a,0x20,0x20,0x20,
    0x20,0x66,0x6c,0x6f,0x61,0x74,0x32,0x20,0x70,0x61,0x72,0x61,0x6d,0x5f,0x32,0x20,
    0x3d,0x20,0x70,0x6f,0x73,0x3b,0x0a,0x20,0x20,0x20,0x20,0x66,0x6c,0x6f,0x61,0x74,
    0x32,0x20,0x70,0x61,0x72,0x61,0x6d,0x5f,0x33,0x20,0x3d,0x20,0x66,0x6c,0x6f,0x61,
    0x74,0x32,0x28,0x2d,0x31,0x2e,0x30,0x2c,0x20,0x6f,0x66,0x66,0x29,0x3b,0x0a,0x20,
    0x20,0x20,0x20,0x66,0x6c,0x6f,0x61,0x74,0x33,0x20,0x5f,0x32,0x39,0x30,0x20,0x3d,
    0x20,0x46,0x65,0x74,0x63,0x68,0x28,0x70,0x61,0x72,0x61,0x6d,0x5f,0x32,0x2c,0x20,
    0x70,0x61,0x72,0x61,0x6d,0x5f,0x33,0x2c,0x20,0x72,0x65,0x73,0x2c,0x20,0x74,0x65,
    0x78,0x2c,0x20,0x73,0x6d,0x70,0x29,0x3b,0x0a,0x20,0x20,0x20,0x20,0x66,0x6c,0x6f,
    0x61,0x74,0x32,0x20,0x70,0x61,0x72,0x61,0x6d,0x5f,0x34,0x20,0x3d,0x20,0x70,0x6f,
    0x73,0x3b,0x0a,0x20,0x20,0x20,0x20,0x66,0x6c,0x6f,0x61,0x74,0x32,0x20,0x70,0x61,
    0x72,0x61,0x6d,0x5f,0x35,0x20,0x3d,0x20,0x66,0x6c,0x6f,0x61,0x74,0x32,0x28,0x30,
    0x2e,0x30,0x2c,0x20,0x6f,0x66,0x66,0x29,0x3b,0x0a,0x20,0x20,0x20,0x20,0x66,0x6c,
    0x6f,0x61,0x74,0x33,0x20,0x5f,0x32,0x39,0x37,0x20,0x3d,0x20,0x46,0x65,0x74,0x63,
    0x68,0x28,0x70,0x61,0x72,0x61,0x6d,0x5f,0x34,0x2c,0x20,0x70,0x61,0x72,0x61,0x6d,
    0x5f,0x35,0x2c,0x20,0x72,0x65,0x73,0x2c,0x20,0x74,0x65,0x78,0x2c,0x20,0x73,0x6d,
    0x70,0x29,0x3b,0x0a,0x20,0x20,0x20,0x20,0x66,0x6c,0x6f,0x61,0x74,0x32,0x20,0x70,
    0x61,0x72,0x61,0x6d,0x5f,0x36,0x20,0x3d,0x20,0x70,0x6f,0x73,0x3b,0x0a,0x20,0x20,
    0x20,0x20,0x66,0x6c,0x6f,0x61,0x74,0x32,0x20,0x70,0x61,0x72,0x61,0x6d,0x5f,0x37,
    0x20,0x3d,0x20,0x66,0x6c,0x6f,0x61,0x74,0x32,0x28,0x31,0x2e,0x30,0x2c,0x20,0x6f,
    0x66,0x66,0x29,0x3b,0x0a,0x20,0x20,0x20,0x20,0x66,0x6c,0x6f,0x61,0x74,0x33,0x20,
    0x5f,0x33,0x30,0x34,0x20,0x3d,0x20,0x46,0x65,0x74,0x63,0x68,0x28,0x70,0x61,0x72,
    0x61,0x6d,0x5f,0x36,0x2c,0x20,0x70,0x61,0x72,0x61,0x6d,0x5f,0x37,0x2c,0x20,0x72,
    0x65,0x73,0x2c,0x20,0x74,0x65,0x78,0x2c,0x20,0x73,0x6d,0x70,0x29,0x3b,0x0a,0x20,
    0x20,0x20,0x20,0x66,0x6c,0x6f,0x61,0x74,0x32,0x20,0x70,0x61,0x72,0x61,0x6d,0x5f,
    0x38,0x20,0x3d,0x20,0x70,0x6f,0x73,0x3b,0x0a,0x20,0x20,0x20,0x20,0x66,0x6c,0x6f,
    0x61,0x74,0x32,0x20,0x70,0x61,0x72,0x61,0x6d,0x5f,0x39,0x20,0x3d,0x20,0x66,0x6c,
    0x6f,0x61,0x74,0x32,0x28,0x32,0x2e,0x30,0x2c,0x20,0x6f,0x66,0x66,0x29,0x3b,0x0a,
    0x20,0x20,0x20,0x20,0x66,0x6c,0x6f,0x61,0x74,0x33,0x20,0x5f,0x33,0x31,0x32,0x20,
    0x3d,0x20,0x46,0x65,0x74,0x63,0x68,0x28,0x70,0x61,0x72,0x61,0x6d,0x5f,0x38,0x2c,
    0x20,0x70,0x61,0x72,0x61,0x6d,0x5f,0x39,0x2c,0x20,0x72,0x65,0x73,0x2c,0x20,0x74,
    0x65,0x78,0x2c,0x20,0x73,0x6d,0x70,0x29,0x3b,0x0a,0x20,0x20,0x20,0x20,0x66,0x6c,
    0x6f,0x61,0x74,0x32,0x20,0x70,0x61,0x72,0x61,0x6d,0x5f,0x31,0x30,0x20,0x3d,0x20,
    0x70,0x6f,0x73,0x3b,0x0a,0x20,0x20,0x20,0x20,0x66,0x6c,0x6f,0x61,0x74,0x32,0x20,
    0x5f,0x33,0x31,0x36,0x20,0x3d,0x20,0x44,0x69,0x73,0x74,0x28,0x70,0x61,0x72,0x61,
    0x6d,0x5f,0x31,0x30,0x2c,0x20,0x72,0x65,0x73,0x29,0x3b,0x0a,0x20,0x20,0x20,0x20,
    0x66,0x6c,0x6f,0x61,0x74,0x20,0x70,0x61,0x72,0x61,0x6d,0x5f,0x31,0x31,0x20,0x3d,
    0x20,0x5f,0x33,0x31,0x36,0x2e,0x78,0x20,0x2d,0x20,0x32,0x2e,0x30,0x3b,0x0a,0x20,
    0x20,0x20,0x20,0x66,0x6c,0x6f,0x61,0x74,0x20,0x70,0x61,0x72,0x61,0x6d,0x5f,0x31,
    0x32,0x20,0x3d,0x20,0x68,0x61,0x72,0x64,0x50,0x69,0x78,0x3b,0x0a,0x20,0x20,0x20,
    0x20,0x66,0x6c,0x6f,0x61,0x74,0x20,0x5f,0x33,0x32,0x36,0x20,0x3d,0x20,0x47,0x61,
    0x75,0x73,0x28,0x70,0x61,0x72,0x61,0x6d,0x5f,0x31,0x31,0x2c,0x20,0x70,0x61,0x72,
    0x61,0x6d,0x5f,0x31,0x32,0x29,0x3b,0x0a,0x20,0x20,0x20,0x20,0x66,0x6c,0x6f,0x61,
    0x74,0x20,0x70,0x61,0x72,0x61,0x6d,0x5f,0x31,0x33,0x20,0x3d,0x20,0x5f,0x33,0x31,
    0x36,0x2e,0x78,0x20,0x2d,0x20,0x31,0x2e,0x30,0x3b,0x0a,0x20,0x20,0x20,0x20,0x66,
    0x6c,0x6f,0x61,0x74,0x20,0x70,0x61,0x72,0x61,0x6d,0x5f,0x31,0x34,0x20,0x3d,0x20,
    0x68,0x61,0x72,0x64,0x50,0x69,0x78,0x3b,0x0a,0x20,0x20,0x20,0x20,0x66,0x6c,0x6f,
    0x61,0x74,0x20,0x5f,0x33,0x33,0x33,0x20,0x3d,0x20,0x47,0x61,0x75,0x73,0x28,0x70,
    0x61,0x72,0x61,0x6d,0x5f,0x31,0x33,0x2c,0x20,0x70,0x61,0x72,0x61,0x6d,0x5f,0x31,
    0x34,0x29,0x3b,0x0a,0x20,0x20,0x20,0x20,0x66,0x6c,0x6f,0x61,0x74,0x20,0x70,0x61,
    0x72,0x61,0x6d,0x5f,0x31,0x35,0x20,0x3d,0x20,0x5f,0x33,0x31,0x36,0x2e,0x78,0x3b,
    0x0a,0x20,0x20,0x20,0x20,0x66,0x6c,0x6f,0x61,0x74,0x20,0x70,0x61,0x72,0x61,0x6d,
    0x5f,0x31,0x36,0x20,0x3d,0x20,0x68,0x61,0x72,0x64,0x50,0x69,0x78,0x3b,0x0a,0x20,
    0x20,0x20,0x20,0x66,0x6c,0x6f,0x61,0x74,0x20,0x5f,0x33,0x34,0x30,0x20,0x3d,0x20,
    0x47,0x61,0x75,0x73,0x28,0x70,0x61,0x72,0x61,0x6d,0x5f,0x31,0x35,0x2c,0x20,0x70,
    0x61,0x72,0x61,0x6d,0x5f,0x31,0x36,0x29,0x3b,0x0a,0x20,0x20,0x20,0x20,0x66,0x6c,
    0x6f,0x61,0x74,0x20,0x70,0x61,0x72,0x61,0x6d,0x5f,0x31,0x37,0x20,0x3d,0x20,0x5f,
    0x33,0x31,0x36,0x2e,0x78,0x20,0x2b,0x20,0x31,0x2e,0x30,0x3b,0x0a,0x20,0x20,0x20,
    0x20,0x66,0x6c,0x6f,0x61,0x74,0x20,0x70,0x61,0x72,0x61,0x6d,0x5f,0x31,0x38,0x20,
    0x3d,0x20,0x68,0x61,0x72,0x64,0x50,0x69,0x78,0x3b,0x0a,0x20,0x20,0x20,0x20,0x66,
    0x6c,0x6f,0x61,0x74,0x20,0x5f,0x33,0x34,0x37,0x20,0x3d,0x20,0x47,0x61,0x75,0x73,
    0x28,0x70,0x61,0x72,0x61,0x6d,0x5f,0x31,0x37,0x2c,0x20,0x70,0x61,0x72,0x61,0x6d,
    0x5f,0x31,0x38,0x29,0x3b,0x0a,0x20,0x20,0x20,0x20,0x66,0x6c,0x6f,0x61,0x74,0x20,
    0x70,0x61,0x72,0x61,0x6d,0x5f,0x31,0x39,0x20,0x3d,0x20,0x5f,0x33,0x31,0x36,0x2e,
    0x78,0x20,0x2b,0x20,0x32,0x2e,0x30,0x3b,0x0a,0x20,0x20,0x20,0x20,0x66,0x6c,0x6f,
    0x61,0x74,0x20,0x70,0x61,0x72,0x61,0x6d,0x5f,0x32,0x30,0x20,0x3d,0x20,0x68,0x61,
    0x72,0x64,0x50,0x69,0x78,0x3b,0x0a,0x20,0x20,0x20,0x20,0x66,0x6c,0x6f,0x61,0x74,
    0x20,0x5f,0x33,0x35,0x34,0x20,0x3d,0x20,0x47,0x61,0x75,0x73,0x28,0x70,0x61,0x72,
    0x61,0x6d,0x5f,0x31,0x39,0x2c,0x20,0x70,0x61,0x72,0x61,0x6d,0x5f,0x32,0x30,0x29,
    0x3b,0x0a,0x20,0x20,0x20,0x20,0x72,0x65,0x74,0x75,0x72,0x6e,0x20,0x28,0x28,0x28,
    0x28,0x28,0x5f,0x32,0x38,0x33,0x20,0x2a,0x20,0x5f,0x33,0x32,0x36,0x29,0x20,0x2b,
    0x20,0x28,0x5f,0x32,0x39,0x30,0x20,0x2a,0x20,0x5f,0x33,0x33,0x33,0x29,0x29,0x20,
    0x2b,0x20,0x28,0x5f,0x32,0x39,0x37,0x20,0x2a,0x20,0x5f,0x33,0x34,0x30,0x29,0x29,
    0x20,0x2b,0x20,0x28,0x5f,0x33,0x30,0x34,0x20,0x2a,0x20,0x5f,0x33,0x34,0x37,0x29,
    0x29,0x20,0x2b,0x20,0x28,0x5f,0x33,0x31,0x32,0x20,0x2a,0x20,0x5f,0x33,0x35,0x34,
    0x29,0x29,0x20,0x2f,0x20,0x66,0x6c,0x6f,0x61,0x74,0x33,0x28,0x28,0x28,0x28,0x5f,
    0x33,0x32,0x36,0x20,0x2b,0x20,0x5f,0x33,0x33,0x33,0x29,0x20,0x2b,0x20,0x5f,0x33,
    0x34,0x30,0x29,0x20,0x2b,0x20,0x5f,0x33,0x34,0x37,0x29,0x20,0x2b,0x20,0x5f,0x33,
    0x35,0x34,0x29,0x3b,0x0a,0x7d,0x0a,0x0a,0x73,0x74,0x61,0x74,0x69,0x63,0x20,0x69,
    0x6e,0x6c,0x69,0x6e,0x65,0x20,0x5f,0x5f,0x61,0x74,0x74,0x72,0x69,0x62,0x75,0x74,
    0x65,0x5f,0x5f,0x28,0x28,0x61,0x6c,0x77,0x61,0x79,0x73,0x5f,0x69,0x6e,0x6c,0x69,
    0x6e,0x65,0x29,0x29,0x0a,0x66,0x6c,0x6f,0x61,0x74,0x20,0x53,0x63,0x61,0x6e,0x28,
    0x74,0x68,0x72,0x65,0x61,0x64,0x20,0x63,0x6f,0x6e,0x73,0x74,0x20,0x66,0x6c,0x6f,
    0x61,0x74,0x32,0x26,0x20,0x70,0x6f,0x73,0x2c,0x20,0x74,0x68,0x72,0x65,0x61,0x64,
    0x20,0x63,0x6f,0x6e,0x73,0x74,0x20,0x66,0x6c,0x6f,0x61,0x74,0x26,0x20,0x6f,0x66,
    0x66,0x2c,0x20,0x74,0x68,0x72,0x65,0x61,0x64,0x20,0x66,0x6c,0x6f,0x61,0x74,0x32,
    0x26,0x20,0x72,0x65,0x73,0x2c,0x20,0x74,0x68,0x72,0x65,0x61,0x64,0x20,0x66,0x6c,
    0x6f,0x61,0x74,0x26,0x20,0x68,0x61,0x72,0x64,0x53,0x63,0x61,0x6e,0x29,0x0a,0x7b,
    0x0a,0x20,0x20,0x20,0x20,0x66,0x6c,0x6f,0x61,0x74,0x32,0x20,0x70,0x61,0x72,0x61,
    0x6d,0x20,0x3d,0x20,0x70,0x6f,0x73,0x3b,0x0a,0x20,0x20,0x20,0x20,0x66,0x6c,0x6f,
    0x61,0x74,0x32,0x20,0x5f,0x33,0x39,0x30,0x20,0x3d,0x20,0x44,0x69,0x73,0x74,0x28,
    0x70,0x61,0x72,0x61,0x6d,0x2c,0x20,0x72,0x65,0x73,0x29,0x3b,0x0a,0x20,0x20,0x20,
    0x20,0x66,0x6c,0x6f,0x61,0x74,0x20,0x70,0x61,0x72,0x61,0x6d,0x5f,0x31,0x20,0x3d,
    0x20,0x5f,0x33,0x39,0x30,0x2e,0x79,0x20,0x2b,0x20,0x6f,0x66,0x66,0x3b,0x0a,0x20,
    0x20,0x20,0x20,0x66,0x6c,0x6f,0x61,0x74,0x20,0x70,0x61,0x72,0x61,0x6d,0x5f,0x32,
    0x20,0x3d,0x20,0x68,0x61,0x72,0x64,0x53,0x63,0x61,0x6e,0x3b,0x0a,0x20,0x20,0x20,
    0x20,0x72,0x65,0x74,0x75,0x72,0x6e,0x20,0x47,0x61,0x75,0x73,0x28,0x70,0x61,0x72,
    0x61,0x6d,0x5f,0x31,0x2c,0x20,0x70,0x61,0x72,0x61,0x6d,0x5f,0x32,0x29,0x3b,0x0a,
    0x7d,0x0a,0x0a,0x73,0x74,0x61,0x74,0x69,0x63,0x20,0x69,0x6e,0x6c,0x69,0x6e,0x65,
    0x20,0x5f,0x5f,0x61,0x74,0x74,0x72,0x69,0x62,0x75,0x74,0x65,0x5f,0x5f,0x28,0x28,
    0x61,0x6c,0x77,0x61,0x79,0x73,0x5f,0x69,0x6e,0x6c,0x69,0x6e,0x65,0x29,0x29,0x0a,
    0x66,0x6c,0x6f,0x61,0x74,0x33,0x20,0x54,0x72,0x69,0x28,0x74,0x68,0x72,0x65,0x61,
    0x64,0x20,0x63,0x6f,0x6e,0x73,0x74,0x20,0x66,0x6c,0x6f,0x61,0x74,0x32,0x26,0x20,
    0x70,0x6f,0x73,0x2c,0x20,0x74,0x68,0x72,0x65,0x61,0x64,0x20,0x66,0x6c,0x6f,0x61,
    0x74,0x32,0x26,0x20,0x72,0x65,0x73,0x2c,0x20,0x74,0x68,0x72,0x65,0x61,0x64,0x20,
    0x66,0x6c,0x6f,0x61,0x74,0x26,0x20,0x68,0x61,0x72,0x64,0x53,0x63,0x61,0x6e,0x2c,
    0x20,0x74,0x68,0x72,0x65,0x61,0x64,0x20,0x66,0x6c,0x6f,0x61,0x74,0x26,0x20,0x68,
    0x61,0x72,0x64,0x50,0x69,0x78,0x2c,0x20,0x74,0x65,0x78,0x74,0x75,0x72,0x65,0x32,
    0x64,0x3c,0x66,0x6c,0x6f,0x61,0x74,0x3e,0x20,0x74,0x65,0x78,0x2c,0x20,0x73,0x61,
    0x6d,0x70,0x6c,0x65,0x72,0x20,0x73,0x6d,0x70,0x29,0x0a,0x7b,0x0a,0x20,0x20,0x20,
    0x20,0x66,0x6c,0x6f,0x61,0x74,0x32,0x20,0x70,0x61,0x72,0x61,0x6d,0x20,0x3d,0x20,
    0x70,0x6f,0x73,0x3b,0x0a,0x20,0x20,0x20,0x20,0x66,0x6c,0x6f,0x61,0x74,0x20,0x70,
    0x61,0x72,0x61,0x6d,0x5f,0x31,0x20,0x3d,0x20,0x2d,0x31,0x2e,0x30,0x3b,0x0a,0x20,
    0x20,0x20,0x20,0x66,0x6c,0x6f,0x61,0x74,0x32,0x20,0x70,0x61,0x72,0x61,0x6d,0x5f,
    0x32,0x20,0x3d,0x20,0x70,0x6f,0x73,0x3b,0x0a,0x20,0x20,0x20,0x20,0x66,0x6c,0x6f,
    0x61,0x74,0x20,0x70,0x61,0x72,0x61,0x6d,0x5f,0x33,0x20,0x3d,0x20,0x30,0x2e,0x30,
    0x3b,0x0a,0x20,0x20,0x20,0x20,0x66,0x6c,0x6f,0x61,0x74,0x32,0x20,0x70,0x61,0x72,
    0x61,0x6d,0x5f,0x34,0x20,0x3d,0x20,0x70,0x6f,0x73,0x3b,0x0a,0x20,0x20,0x20,0x20,
    0x66,0x6c,0x6f,0x61,0x74,0x20,0x70,0x61,0x72,0x61,0x6d,0x5f,0x35,0x20,0x3d,0x20,
    0x31,0x2e,0x30,0x3b,0x0a,0x20,0x20,0x20,0x20,0x66,0x6c,0x6f,0x61,0x74,0x32,0x20,
    0x70,0x61,0x72,0x61,0x6d,0x5f,0x36,0x20,0x3d,0x20,0x70,0x6f,0x73,0x3b,0x0a,0x20,
    0x20,0x20,0x20,0x66,0x6c,0x6f,0x61,0x74,0x20,0x70,0x61,0x72,0x61,0x6d,0x5f,0x37,
    0x20,0x3d,0x20,0x2d,0x31,0x2e,0x30,0x3b,0x0a,0x20,0x20,0x20,0x20,0x66,0x6c,0x6f,
    0x61,0x74,0x32,0x20,0x70,0x61,0x72,0x61,0x6d,0x5f,0x38,0x20,0x3d,0x20,0x70,0x6f,
    0x73,0x3b,0x0a,0x20,0x20,0x20,0x20,0x66,0x6c,0x6f,0x61,0x74,0x20,0x70,0x61,0x72,
    0x61,0x6d,0x5f,0x39,0x20,0x3d,0x20,0x30,0x2e,0x30,0x3b,0x0a,0x20,0x20,0x20,0x20,
    0x66,0x6c,0x6f,0x61,0x74,0x32,0x20,0x70,0x61,0x72,0x61,0x6d,0x5f,0x31,0x30,0x20,
    0x3d,0x20,0x70,0x6f,0x73,0x3b,0x0a,0x20,0x20,0x20,0x20,0x66,0x6c,0x6f,0x61,0x74,
    0x20,0x70,0x61,0x72,0x61,0x6d,0x5f,0x31,0x31,0x20,0x3d,0x20,0x31,0x2e,0x30,0x3b,
    0x0a,0x20,0x20,0x20,0x20,0x72,0x65,0x74,0x75,0x72,0x6e,0x20,0x28,0x28,0x48,0x6f,
    0x72,0x7a,0x33,0x28,0x70,0x61,0x72,0x61,0x6d,0x2c,0x20,0x70,0x61,0x72,0x61,0x6d,
    0x5f,0x31,0x2c,0x20,0x72,0x65,0x73,0x2c,0x20,0x68,0x61,0x72,0x64,0x50,0x69,0x78,
    0x2c,0x20,0x74,0x65,0x78,0x2c,0x20,0x73,0x6d,0x70,0x29,0x20,0x2a,0x20,0x53,0x63,
    0x61,0x6e,0x28,0x70,0x61,0x72,0x61,0x6d,0x5f,0x36,0x2c,0x20,0x70,0x61,0x72,0x61,
    0x6d,0x5f,0x37,0x2c,0x20,0x72,0x65,0x73,0x2c,0x20,0x68,0x61,0x72,0x64,0x53,0x63,
    0x61,0x6e,0x29,0x29,0x20,0x2b,0x20,0x28,0x48,0x6f,0x72,0x7a,0x35,0x28,0x70,0x61,
    0x72,0x61,0x6d,0x5f,0x32,0x2c,0x20,0x70,0x61,0x72,0x61,0x6d,0x5f,0x33,0x2c,0x20,
    0x72,0x65,0x73,0x2c,0x20,0x68,0x61,0x72,0x64,0x50,0x69,0x78,0x2c,0x20,0x74,0x65,
    0x78,0x2c,0x20,0x73,0x6d,0x70,0x29,0x20,0x2a,0x20,0x53,0x63,0x61,0x6e,0x28,0x70,
    0x61,0x72,0x61,0x6d,0x5f,0x38,0x2c,0x20,0x70,0x61,0x72,0x61,0x6d,0x5f,0x39,0x2c,
    0x20,0x72,0x65,0x73,0x2c,0x20,0x68,0x61,0x72,0x64,0x53,0x63,0x61,0x6e,0x29,0x29,
    0x29,0x20,0x2b,0x20,0x28,0x48,0x6f,0x72,0x7a,0x33,0x28,0x70,0x61,0x72,0x61,0x6d,
    0x5f,0x34,0x2c,0x20,0x70,0x61,0x72,0x61,0x6d,0x5f,0x35,0x2c,0x20,0x72,0x65,0x73,
    0x2c,0x20,0x68,0x61,0x72,0x64,0x50,0x69,0x78,0x2c,0x20,0x74,0x65,0x78,0x2c,0x20,
    0x73,0x6d,0x70,0x29,0x20,0x2a,0x20,0x53,0x63,0x61,0x6e,0x28,0x70,0x61,0x72,0x61,
    0x6d,0x5f,0x31,0x30,0x2c,0x20,0x70,0x61,0x72,0x61,0x6d,0x5f,0x31,0x31,0x2c,0x20,
    0x72,0x65,0x73,0x2c,0x20,0x68,0x61,0x72,0x64,0x53,0x63,0x61,0x6e,0x29,0x29,0x3b,
    0x0a,0x7d,0x0a,0x0a,0x73,0x74,0x61,0x74,0x69,0x63,0x20,0x69,0x6e,0x6c,0x69,0x6e,
    0x65,0x20,0x5f,0x5f,0x61,0x74,0x74,0x72,0x69,0x62,0x75,0x74,0x65,0x5f,0x5f,0x28,
    0x28,0x61,0x6c,0x77,0x61,0x79,0x73,0x5f,0x69,0x6e,0x6c,0x69,0x6e,0x65,0x29,0x29,
    0x0a,0x66,0x6c,0x6f,0x61,0x74,0x33,0x20,0x4d,0x61,0x73,0x6b,0x28,0x74,0x68,0x72,
    0x65,0x61,0x64,0x20,0x66,0x6c,0x6f,0x61,0x74,0x32,0x26,0x20,0x70,0x6f,0x73,0x2c,
    0x20,0x74,0x68,0x72,0x65,0x61,0x64,0x20,0x66,0x6c,0x6f,0x61,0x74,0x26,0x20,0x6d,
    0x61,0x73,0x6b,0x44,0x61,0x72,0x6b,0x2c,0x20,0x74,0x68,0x72,0x65,0x61,0x64,0x20,
    0x66,0x6c,0x6f,0x61,0x74,0x26,0x20,0x6d,0x61,0x73,0x6b,0x4c,0x69,0x67,0x68,0x74,
    0x29,0x0a,0x7b,0x0a,0x20,0x20,0x20,0x20,0x70,0x6f,0x73,0x2e,0x78,0x20,0x2b,0x3d,
    0x20,0x28,0x70,0x6f,0x73,0x2e,0x79,0x20,0x2a,0x20,0x33,0x2e,0x30,0x29,0x3b,0x0a,
    0x20,0x20,0x20,0x20,0x66,0x6c,0x6f,0x61,0x74,0x33,0x20,0x6d,0x61,0x73,0x6b,0x20,
    0x3d,0x20,0x66,0x6c,0x6f,0x61,0x74,0x33,0x28,0x6d,0x61,0x73,0x6b,0x44,0x61,0x72,
    0x6b,0x29,0x3b,0x0a,0x20,0x20,0x20,0x20,0x70,0x6f,0x73,0x2e,0x78,0x20,0x3d,0x20,
    0x66,0x72,0x61,0x63,0x74,0x28,0x70,0x6f,0x73,0x2e,0x78,0x20,0x2a,0x20,0x30,0x2e,
    0x31,0x36,0x36,0x36,0x36,0x36,0x36,0x37,0x31,0x36,0x33,0x33,0x37,0x32,0x30,0x33,
    0x39,0x37,0x39,0x34,0x39,0x32,0x31,0x38,0x37,0x35,0x29,0x3b,0x0a,0x20,0x20,0x20,
    0x20,0x69,0x66,0x20,0x28,0x70,0x6f,0x73,0x2e,0x78,0x20,0x3c,0x20,0x30,0x2e,0x33,
    0x33,0x33,0x30,0x30,0x30,0x30,0x30,0x34,0x32,0x39,0x31,0x35,0x33,0x34,0x34,0x32,
    0x33,0x38,0x32,0x38,0x31,0x32,0x35,0x29,0x0a,0x20,0x20,0x20,0x20,0x7b,0x0a,0x20,
    0x20,0x20,0x20,0x20,0x20,0x20,0x20,0x66,0x6c,0x6f,0x61,0x74,0x33,0x20,0x5f,0x35,
    0x35,0x30,0x20,0x3d,0x20,0x6d,0x61,0x73,0x6b,0x3b,0x0a,0x20,0x20,0x20,0x20,0x20,
    0x20,0x20,0x20,0x5f,0x35,0x35,0x30,0x2e,0x78,0x20,0x3d,0x20,0x6d,0x61,0x73,0x6b,
    0x4c,0x69,0x67,0x68,0x74,0x3b,0x0a,0x20,0x20,0x20,0x20,0x20,0x20,0x20,0x20,0x6d,
    0x61,0x73,0x6b,0x20,0x3d,0x20,0x5f,0x35,0x35,0x30,0x3b,0x0a,0x20,0x20,0x20,0x20,
    0x7d,0x0a,0x20,0x20,0x20,0x20,0x65,0x6c,0x73,0x65,0x0a,0x20,0x20,0x20,0x20,0x7b,
    0x0a,0x20,0x20,0x20,0x20,0x20,0x20,0x20,0x20,0x69,0x66,0x20,0x28,0x70,0x6f,0x73,
    0x2e,0x78,0x20,0x3c,0x20,0x30,0x2e,0x36,0x36,0x36,0x30,0x30,0x30,0x30,0x30,0x38,
    0x35,0x38,0x33,0x30,0x36,0x38,0x38,0x34,0x37,0x36,0x35,0x36,0x32,0x35,0x29,0x0a,
    0x20,0x20,0x20,0x20,0x20,0x20,0x20,0x20,0x7b,0x0a,0x20,0x20,0x20,0x20,0x20,0x20,
    0x20,0x20,0x20,0x20,0x20,0x20,0x66,0x6c,0x6f,0x61,0x74,0x33,0x20,0x5f,0x35,0x35,
    0x32,0x20,0x3d,0x20,0x6d,0x61,0x73,0x6b,0x3b,0x0a,0x20,0x20,0x20,0x20,0x20,0x20,
    0x20,0x20,0x20,0x20,0x20,0x20,0x5f,0x35,0x35,0x32,0x2e,0x79,0x20,0x3d,0x20,0x6d,
    0x61,0x73,0x6b,0x4c,0x69,0x67,0x68,0x74,0x3b,0x0a,0x20,0x20,0x20,0x20,0x20,0x20,
    0x20,0x20,0x20,0x20,0x20,0x20,0x6d,0x61,0x73,0x6b,0x20,0x3d,0x20,0x5f,0x35,0x35,
    0x32,0x3b,0x0a,0x20,0x20,0x20,0x20,0x20,0x20,0x20,0x20,0x7d,0x0a,0x20,0x20,0x20,
    0x20,0x20,0x20,0x20,0x20,0x65,0x6c,0x73,0x65,0x0a,0x20,0x20,0x20,0x20,0x20,0x20,
    0x20,0x20,0x7b,0x0a,0x20,0x20,0x20,0x20,0x20,0x20,0x20,0x20,0x20,0x20,0x20,0x20,
    0x66,0x6c,0x6f,0x61,0x74,0x33,0x20,0x5f,0x35,0x35,0x34,0x20,0x3d,0x20,0x6d,0x61,
    0x73,0x6b,0x3b,0x0a,0x20,0x20,0x20,0x20,0x20,0x20,0x20,0x20,0x20,0x20,0x20,0x20,
    0x5f,0x35,0x35,0x34,0x2e,0x7a,0x20,0x3d,0x20,0x6d,0x61,0x73,0x6b,0x4c,0x69,0x67,
    0x68,0x74,0x3b,0x0a,0x20,0x20,0x20,0x20,0x20,0x20,0x20,0x20,0x20,0x20,0x20,0x20,
    0x6d,0x61,0x73,0x6b,0x20,0x3d,0x20,0x5f,0x35,0x35,0x34,0x3b,0x0a,0x20,0x20,0x20,
    0x20,0x20,0x20,0x20,0x20,0x7d,0x0a,0x20,0x20,0x20,0x20,0x7d,0x0a,0x20,0x20,0x20,
    0x20,0x72,0x65,0x74,0x75,0x72,0x6e,0x20,0x6d,0x61,0x73,0x6b,0x3b,0x0a,0x7d,0x0a,
    0x0a,0x73,0x74,0x61,0x74,0x69,0x63,0x20,0x69,0x6e,0x6c,0x69,0x6e,0x65,0x20,0x5f,
    0x5f,0x61,0x74,0x74,0x72,0x69,0x62,0x75,0x74,0x65,0x5f,0x5f,0x28,0x28,0x61,0x6c,
    0x77,0x61,0x79,0x73,0x5f,0x69,0x6e,0x6c,0x69,0x6e,0x65,0x29,0x29,0x0a,0x66,0x6c,
    0x6f,0x61,0x74,0x20,0x54,0x6f,0x53,0x72,0x67,0x62,0x31,0x28,0x74,0x68,0x72,0x65,
    0x61,0x64,0x20,0x63,0x6f,0x6e,0x73,0x74,0x20,0x66,0x6c,0x6f,0x61,0x74,0x26,0x20,
    0x63,0x29,0x0a,0x7b,0x0a,0x20,0x20,0x20,0x20,0x66,0x6c,0x6f,0x61,0x74,0x20,0x5f,
    0x31,0x32,0x35,0x3b,0x0a,0x20,0x20,0x20,0x20,0x69,0x66,0x20,0x28,0x63,0x20,0x3c,
    0x20,0x30,0x2e,0x30,0x30,0x33,0x31,0x33,0x30,0x38,0x30,0x30,0x30,0x39,0x30,0x37,
    0x33,0x30,0x31,0x39,0x30,0x32,0x37,0x37,0x30,0x39,0x39,0x36,0x30,0x39,0x33,0x37,
    0x35,0x29,0x0a,0x20,0x20,0x20,0x20,0x7b,0x0a,0x20,0x20,0x20,0x20,0x20,0x20,0x20,
    0x20,0x5f,0x31,0x32,0x35,0x20,0x3d,0x20,0x63,0x20,0x2a,0x20,0x31,0x32,0x2e,0x39,
    0x32,0x30,0x30,0x30,0x30,0x30,0x37,0x36,0x32,0x39,0x33,0x39,0x34,0x35,0x33,0x31,
    0x32,0x35,0x3b,0x0a,0x20,0x20,0x20,0x20,0x7d,0x0a,0x20,0x20,0x20,0x20,0x65,0x6c,
    0x73,0x65,0x0a,0x20,0x20,0x20,0x20,0x7b,0x0a,0x20,0x20,0x20,0x20,0x20,0x20,0x20,
    0x20,0x5f,0x31,0x32,0x35,0x20,0x3d,0x20,0x28,0x31,0x2e,0x30,0x35,0x34,0x39,0x39,
    0x39,0x39,0x34,0x37,0x35,0x34,0x37,0x39,0x31,0x32,0x35,0x39,0x37,0x36,0x35,0x36,
    0x32,0x35,0x20,0x2a,0x20,0x70,0x6f,0x77,0x72,0x28,0x63,0x2c,0x20,0x30,0x2e,0x34,
    0x31,0x36,0x36,0x36,0x30,0x30,0x31,0x30,0x38,0x31,0x34,0x36,0x36,0x36,0x37,0x34,
    0x38,0x30,0x34,0x36,0x38,0x37,0x35,0x29,0x29,0x20,0x2d,0x20,0x30,0x2e,0x30,0x35,
    0x34,0x39,0x39,0x39,0x39,0x39,0x39,0x37,0x30,0x31,0x39,0x37,0x36,0x37,0x37,0x36,
    0x31,0x32,0x33,0x30,0x34,0x36,0x38,0x37,0x35,0x3b,0x0a,0x20,0x20,0x20,0x20,0x7d,
    0x0a,0x20,0x20,0x20,0x20,0x72,0x65,0x74,0x75,0x72,0x6e,0x20,0x5f,0x31,0x32,0x35,
    0x3b,0x0a,0x7d,0x0a,0x0a,0x73,0x74,0x61,0x74,0x69,0x63,0x20,0x69,0x6e,0x6c,0x69,
    0x6e,0x65,0x20,0x5f,0x5f,0x61,0x74,0x74,0x72,0x69,0x62,0x75,0x74,0x65,0x5f,0x5f,
    0x28,0x28,0x61,0x6c,0x77,0x61,0x79,0x73,0x5f,0x69,0x6e,0x6c,0x69,0x6e,0x65,0x29,
    0x29,0x0a,0x66,0x6c,0x6f,0x61,0x74,0x33,0x20,0x54,0x6f,0x53,0x72,0x67,0x62,0x28,
    0x74,0x68,0x72,0x65,0x61,0x64,0x20,0x63,0x6f,0x6e,0x73,0x74,0x20,0x66,0x6c,0x6f,
    0x61,0x74,0x33,0x26,0x20,0x63,0x29,0x0a,0x7b,0x0a,0x20,0x20,0x20,0x20,0x66,0x6c,
    0x6f,0x61,0x74,0x20,0x70,0x61,0x72,0x61,0x6d,0x20,0x3d,0x20,0x63,0x2e,0x78,0x3b,
    0x0a,0x20,0x20,0x20,0x20,0x66,0x6c,0x6f,0x61,0x74,0x20,0x70,0x61,0x72,0x61,0x6d,
    0x5f,0x31,0x20,0x3d,0x20,0x63,0x2e,0x79,0x3b,0x0a,0x20,0x20,0x20,0x20,0x66,0x6c,
    0x6f,0x61,0x74,0x20,0x70,0x61,0x72,0x61,0x6d,0x5f,0x32,0x20,0x3d,0x20,0x63,0x2e,
    0x7a,0x3b,0x0a,0x20,0x20,0x20,0x20,0x72,0x65,0x74,0x75,0x72,0x6e,0x20,0x66,0x6c,
    0x6f,0x61,0x74,0x33,0x28,0x54,0x6f,0x53,0x72,0x67,0x62,0x31,0x28,0x70,0x61,0x72,
    0x61,0x6d,0x29,0x2c,0x20,0x54,0x6f,0x53,0x72,0x67,0x62,0x31,0x28,0x70,0x61,0x72,
    0x61,0x6d,0x5f,0x31,0x29,0x2c,0x20,0x54,0x6f,0x53,0x72,0x67,0x62,0x31,0x28,0x70,
    0x61,0x72,0x61,0x6d,0x5f,0x32,0x29,0x29,0x3b,0x0a,0x7d,0x0a,0x0a,0x66,0x72,0x61,
    0x67,0x6d,0x65,0x6e,0x74,0x20,0x6d,0x61,0x69,0x6e,0x30,0x5f,0x6f,0x75,0x74,0x20,
    0x6d,0x61,0x69,0x6e,0x30,0x28,0x6d,0x61,0x69,0x6e,0x30,0x5f,0x69,0x6e,0x20,0x69,
    0x6e,0x20,0x5b,0x5b,0x73,0x74,0x61,0x67,0x65,0x5f,0x69,0x6e,0x5d,0x5d,0x2c,0x20,
    0x74,0x65,0x78,0x74,0x75,0x72,0x65,0x32,0x64,0x3c,0x66,0x6c,0x6f,0x61,0x74,0x3e,
    0x20,0x74,0x65,0x78,0x20,0x5b,0x5b,0x74,0x65,0x78,0x74,0x75,0x72,0x65,0x28,0x30,
    0x29,0x5d,0x5d,0x2c,0x20,0x73,0x61,0x6d,0x70,0x6c,0x65,0x72,0x20,0x73,0x6d,0x70,
    0x20,0x5b,0x5b,0x73,0x61,0x6d,0x70,0x6c,0x65,0x72,0x28,0x30,0x29,0x5d,0x5d,0x2c,
    0x20,0x66,0x6c,0x6f,0x61,0x74,0x34,0x20,0x67,0x6c,0x5f,0x46,0x72,0x61,0x67,0x43,
    0x6f,0x6f,0x72,0x64,0x20,0x5b,0x5b,0x70,0x6f,0x73,0x69,0x74,0x69,0x6f,0x6e,0x5d,
    0x5d,0x29,0x0a,0x7b,0x0a,0x20,0x20,0x20,0x20,0x6d,0x61,0x69,0x6e,0x30,0x5f,0x6f,
    0x75,0x74,0x20,0x6f,0x75,0x74,0x20,0x3d,0x20,0x7b,0x7d,0x3b,0x0a,0x20,0x20,0x20,
    0x20,0x66,0x6c,0x6f,0x61,0x74,0x32,0x20,0x72,0x65,0x73,0x20,0x3d,0x20,0x66,0x6c,
    0x6f,0x61,0x74,0x32,0x28,0x32,0x35,0x36,0x2e,0x30,0x2c,0x20,0x31,0x34,0x34,0x2e,
    0x30,0x29,0x3b,0x0a,0x20,0x20,0x20,0x20,0x66,0x6c,0x6f,0x61,0x74,0x20,0x68,0x61,
    0x72,0x64,0x53,0x63,0x61,0x6e,0x20,0x3d,0x20,0x2d,0x38,0x2e,0x30,0x3b,0x0a,0x20,
    0x20,0x20,0x20,0x66,0x6c,0x6f,0x61,0x74,0x20,0x68,0x61,0x72,0x64,0x50,0x69,0x78,
    0x20,0x3d,0x20,0x2d,0x33,0x2e,0x30,0x3b,0x0a,0x20,0x20,0x20,0x20,0x66,0x6c,0x6f,
    0x61,0x74,0x32,0x20,0x77,0x61,0x72,0x70,0x20,0x3d,0x20,0x66,0x6c,0x6f,0x61,0x74,
    0x32,0x28,0x30,0x2e,0x30,0x31,0x35,0x36,0x32,0x35,0x2c,0x20,0x30,0x2e,0x30,0x32,
    0x30,0x38,0x33,0x33,0x33,0x33,0x33,0x39,0x35,0x34,0x32,0x31,0x35,0x30,0x34,0x39,
    0x37,0x34,0x33,0x36,0x35,0x32,0x33,0x34,0x33,0x37,0x35,0x29,0x3b,0x0a,0x20,0x20,
    0x20,0x20,0x66,0x6c,0x6f,0x61,0x74,0x20,0x6d,0x61,0x73,0x6b,0x44,0x61,0x72,0x6b,
    0x20,0x3d,0x20,0x30,0x2e,0x35,0x3b,0x0a,0x20,0x20,0x20,0x20,0x66,0x6c,0x6f,0x61,
    0x74,0x20,0x6d,0x61,0x73,0x6b,0x4c,0x69,0x67,0x68,0x74,0x20,0x3d,0x20,0x31,0x2e,
    0x35,0x3b,0x0a,0x20,0x20,0x20,0x20,0x68,0x61,0x72,0x64,0x53,0x63,0x61,0x6e,0x20,
    0x3d,0x20,0x2d,0x31,0x32,0x2e,0x30,0x3b,0x0a,0x20,0x20,0x20,0x20,0x66,0x6c,0x6f,
    0x61,0x74,0x32,0x20,0x70,0x61,0x72,0x61,0x6d,0x20,0x3d,0x20,0x69,0x6e,0x2e,0x70,
    0x6f,0x73,0x5f,0x6f,0x75,0x74,0x3b,0x0a,0x20,0x20,0x20,0x20,0x66,0x6c,0x6f,0x61,
    0x74,0x32,0x20,0x5f,0x35,0x33,0x34,0x20,0x3d,0x20,0x57,0x61,0x72,0x70,0x28,0x70,
    0x61,0x72,0x61,0x6d,0x2c,0x20,0x77,0x61,0x72,0x70,0x29,0x3b,0x0a,0x20,0x20,0x20,
    0x20,0x66,0x6c,0x6f,0x61,0x74,0x32,0x20,0x70,0x61,0x72,0x61,0x6d,0x5f,0x31,0x20,
    0x3d,0x20,0x5f,0x35,0x33,0x34,0x3b,0x0a,0x20,0x20,0x20,0x20,0x66,0x6c,0x6f,0x61,
    0x74,0x32,0x20,0x70,0x61,0x72,0x61,0x6d,0x5f,0x32,0x20,0x3d,0x20,0x66,0x6c,0x6f,
    0x61,0x74,0x32,0x28,0x67,0x6c,0x5f,0x46,0x72,0x61,0x67,0x43,0x6f,0x6f,0x72,0x64,
    0x2e,0x78,0x2c,0x20,0x61,0x62,0x73,0x28,0x69,0x6e,0x2e,0x79,0x5f,0x6f,0x72,0x69,
    0x67,0x69,0x6e,0x5f,0x6f,0x75,0x74,0x20,0x2d,0x20,0x67,0x6c,0x5f,0x46,0x72,0x61,
    0x67,0x43,0x6f,0x6f,0x72,0x64,0x2e,0x79,0x29,0x29,0x3b,0x0a,0x20,0x20,0x20,0x20,
    0x66,0x6c,0x6f,0x61,0x74,0x33,0x20,0x5f,0x35,0x33,0x39,0x20,0x3d,0x20,0x4d,0x61,
    0x73,0x6b,0x28,0x70,0x61,0x72,0x61,0x6d,0x5f,0x32,0x2c,0x20,0x6d,0x61,0x73,0x6b,
    0x44,0x61,0x72,0x6b,0x2c,0x20,0x6d,0x61,0x73,0x6b,0x4c,0x69,0x67,0x68,0x74,0x29,
    0x3b,0x0a,0x20,0x20,0x20,0x20,0x66,0x6c,0x6f,0x61,0x74,0x33,0x20,0x70,0x61,0x72,
    0x61,0x6d,0x5f,0x33,0x20,0x3d,0x20,0x54,0x72,0x69,0x28,0x70,0x61,0x72,0x61,0x6d,
    0x5f,0x31,0x2c,0x20,0x72,0x65,0x73,0x2c,0x20,0x68,0x61,0x72,0x64,0x53,0x63,0x61,
    0x6e,0x2c,0x20,0x68,0x61,0x72,0x64,0x50,0x69,0x78,0x2c,0x20,0x74,0x65,0x78,0x2c,
    0x20,0x73,0x6d,0x70,0x29,0x20,0x2a,0x20,0x5f,0x35,0x33,0x39,0x3b,0x0a,0x20,0x20,
    0x20,0x20,0x6f,0x75,0x74,0x2e,0x66,0x72,0x61,0x67,0x5f,0x63,0x6f,0x6c,0x6f,0x72,
    0x20,0x3d,0x20,0x66,0x6c,0x6f,0x61,0x74,0x34,0x28,0x54,0x6f,0x53,0x72,0x67,0x62,
    0x28,0x70,0x61,0x72,0x61,0x6d,0x5f,0x33,0x29,0x2c,0x20,0x31,0x2e,0x30,0x29,0x3b,
    0x0a,0x20,0x20,0x20,0x20,0x72,0x65,0x74,0x75,0x72,0x6e,0x20,0x6f,0x75,0x74,0x3b,
    0x0a,0x7d,0x0a,0x0a,0x00,
};
#endif
/*
    #include <metal_stdlib>
    #include <simd/simd.h>

    using namespace metal;

    struct crt_params
    {
        float2 rect_pos;
        float2 rect_size;
        float2 resolution;
        float y_origin;
    };

    struct main0_out
    {
        float2 pos_out [[user(locn0)]];
        float y_origin_out [[user(locn1)]];
        float4 gl_Position [[position]];
    };

    struct main0_in
    {
        float2 pos [[attribute(0)]];
    };

    vertex main0_out main0(main0_in in [[stage_in]], constant crt_params& _12 [[buffer(0)]])
    {
        main0_out out = {};
        float2 _36 = (((_12.rect_pos + (in.pos * _12.rect_size)) / _12.resolution) * 2.0) - float2(1.0);
        out.gl_Position = float4(_36.x, -_36.y, 0.0, 1.0);
        out.pos_out = in.pos;
        out.y_origin_out = _12.y_origin;
        return out;
    }

*/
#if defined(SOKOL_METAL)
static const uint8_t crt_vs_source_metal_ios[727] = {
    0x23,0x69,0x6e,0x63,0x6c,0x75,0x64,0x65,0x20,0x3c,0x6d,0x65,0x74,0x61,0x6c,0x5f,
    0x73,0x74,0x64,0x6c,0x69,0x62,0x3e,0x0a,0x23,0x69,0x6e,0x63,0x6c,0x75,0x64,0x65,
    0x20,0x3c,0x73,0x69,0x6d,0x64,0x2f,0x73,0x69,0x6d,0x64,0x2e,0x68,0x3e,0x0a,0x0a,
    0x75,0x73,0x69,0x6e,0x67,0x20,0x6e,0x61,0x6d,0x65,0x73,0x70,0x61,0x63,0x65,0x20,
    0x6d,0x65,0x74,0x61,0x6c,0x3b,0x0a,0x0a,0x73,0x74,0x72,0x75,0x63,0x74,0x20,0x63,
    0x72,0x74,0x5f,0x70,0x61,0x72,0x61,0x6d,0x73,0x0a,0x7b,0x0a,0x20,0x20,0x20,0x20,
    0x66,0x6c,0x6f,0x61,0x74,0x32,0x20,0x72,0x65,0x63,0x74,0x5f,0x70,0x6f,0x73,0x3b,
    0x0a,0x20,0x20,0x20,0x20,0x66,0x6c,0x6f,0x61,0x74,0x32,0x20,0x72,0x65,0x63,0x74,
    0x5f,0x73,0x69,0x7a,0x65,0x3b,0x0a,0x20,0x20,0x20,0x20,0x66,0x6c,0x6f,0x61,0x74,
    0x32,0x20,0x72,0x65,0x73,0x6f,0x6c,0x75,0x74,0x69,0x6f,0x6e,0x3b,0x0a,0x20,0x20,
    0x20,0x20,0x66,0x6c,0x6f,0x61,0x74,0x20,0x79,0x5f,0x6f,0x72,0x69,0x67,0x69,0x6e,
    0x3b,0x0a,0x7d,0x3b,0x0a,0x0a,0x73,0x74,0x72,0x75,0x63,0x74,0x20,0x6d,0x61,0x69,
    0x6e,0x30,0x5f,0x6f,0x75,0x74,0x0a,0x7b,0x0a,0x20,0x20,0x20,0x20,0x66,0x6c,0x6f,
    0x61,0x74,0x32,0x20,0x70,0x6f,0x73,0x5f,0x6f,0x75,0x74,0x20,0x5b,0x5b,0x75,0x73,
    0x65,0x72,0x28,0x6c,0x6f,0x63,0x6e,0x30,0x29,0x5d,0x5d,0x3b,0x0a,0x20,0x20,0x20,
    0x20,0x66,0x6c,0x6f,0x61,0x74,0x20,0x79,0x5f,0x6f,0x72,0x69,0x67,0x69,0x6e,0x5f,
    0x6f,0x75,0x74,0x20,0x5b,0x5b,0x75,0x73,0x65,0x72,0x28,0x6c,0x6f,0x63,0x6e,0x31,
    0x29,0x5d,0x5d,0x3b,0x0a,0x20,0x20,0x20,0x20,0x66,0x6c,0x6f,0x61,0x74,0x34,0x20,
    0x67,0x6c,0x5f,0x50,0x6f,0x73,0x69,0x74,0x69,0x6f,0x6e,0x20,0x5b,0x5b,0x70,0x6f,
    0x73,0x69,0x74,0x69,0x6f,0x6e,0x5d,0x5d,0x3b,0x0a,0x7d,0x3b,0x0a,0x0a,0x73,0x74,
    0x72,0x75,0x63,0x74,0x20,0x6d,0x61,0x69,0x6e,0x30,0x5f,0x69,0x6e,0x0a,0x7b,0x0a,
    0x20,0x20,0x20,0x20,0x66,0x6c,0x6f,0x61,0x74,0x32,0x20,0x70,0x6f,0x73,0x20,0x5b,
    0x5b,0x61,0x74,0x74,0x72,0x69,0x62,0x75,0x74,0x65,0x28,0x30,0x29,0x5d,0x5d,0x3b,
    0x0a,0x7d,0x3b,0x0a,0x0a,0x76,0x65,0x72,0x74,0x65,0x78,0x20,0x6d,0x61,0x69,0x6e,
    0x30,0x5f,0x6f,0x75,0x74,0x20,0x6d,0x61,0x69,0x6e,0x30,0x28,0x6d,0x61,0x69,0x6e,
    0x30,0x5f,0x69,0x6e,0x20,0x69,0x6e,0x20,0x5b,0x5b,0x73,0x74,0x61,0x67,0x65,0x5f,
    0x69,0x6e,0x5d,0x5d,0x2c,0x20,0x63,0x6f,0x6e,0x73,0x74,0x61,0x6e,0x74,0x20,0x63,
    0x72,0x74,0x5f,0x70,0x61,0x72,0x61,0x6d,0x73,0x26,0x20,0x5f,0x31,0x32,0x20,0x5b,
    0x5b,0x62,0x75,0x66,0x66,0x65,0x72,0x28,0x30,0x29,0x5d,0x5d,0x29,0x0a,0x7b,0x0a,
    0x20,0x20,0x20,0x20,0x6d,0x61,0x69,0x6e,0x30,0x5f,0x6f,0x75,0x74,0x20,0x6f,0x75,
    0x74,0x20,0x3d,0x20,0x7b,0x7d,0x3b,0x0a,0x20,0x20,0x20,0x20,0x66,0x6c,0x6f,0x61,
    0x74,0x32,0x20,0x5f,0x33,0x36,0x20,0x3d,0x20,0x28,0x28,0x28,0x5f,0x31,0x32,0x2e,
    0x72,0x65,0x63,0x74,0x5f,0x70,0x6f,0x73,0x20,0x2b,0x20,0x28,0x69,0x6e,0x2e,0x70,
    0x6f,0x73,0x20,0x2a,0x20,0x5f,0x31,0x32,0x2e,0x72,0x65,0x63,0x74,0x5f,0x73,0x69,
    0x7a,0x65,0x29,0x29,0x20,0x2f,0x20,0x5f,0x31,0x32,0x2e,0x72,0x65,0x73,0x6f,0x6c,
    0x75,0x74,0x69,0x6f,0x6e,0x29,0x20,0x2a,0x20,0x32,0x2e,0x30,0x29,0x20,0x2d,0x20,
    0x66,0x6c,0x6f,0x61,0x74,0x32,0x28,0x31,0x2e,0x30,0x29,0x3b,0x0a,0x20,0x20,0x20,
    0x20,0x6f,0x75,0x74,0x2e,0x67,0x6c,0x5f,0x50,0x6f,0x73,0x69,0x74,0x69,0x6f,0x6e,
    0x20,0x3d,0x20,0x66,0x6c,0x6f,0x61,0x74,0x34,0x28,0x5f,0x33,0x36,0x2e,0x78,0x2c,
    0x20,0x2d,0x5f,0x33,0x36,0x2e,0x79,0x2c,0x20,0x30,0x2e,0x30,0x2c,0x20,0x31,0x2e,
    0x30,0x29,0x3b,0x0a,0x20,0x20,0x20,0x20,0x6f,0x75,0x74,0x2e,0x70,0x6f,0x73,0x5f,
    0x6f,0x75,0x74,0x20,0x3d,0x20,0x69,0x6e,0x2e,0x70,0x6f,0x73,0x3b,0x0a,0x20,0x20,
    0x20,0x20,0x6f,0x75,0x74,0x2e,0x79,0x5f,0x6f,0x72,0x69,0x67,0x69,0x6e,0x5f,0x6f,
    0x75,0x74,0x20,0x3d,0x20,0x5f,0x31,0x32,0x2e,0x79,0x5f,0x6f,0x72,0x69,0x67,0x69,
    0x6e,0x3b,0x0a,0x20,0x20,0x20,0x20,0x72,0x65,0x74,0x75,0x72,0x6e,0x20,0x6f,0x75,
    0x74,0x3b,0x0a,0x7d,0x0a,0x0a,0x00,
};
#endif
/*
    #pragma clang diagnostic ignored "-Wmissing-prototypes"

    #include <metal_stdlib>
    #include <simd/simd.h>

    using namespace metal;

    struct main0_out
    {
        float4 frag_color [[color(0)]];
    };

    struct main0_in
    {
        float2 pos_out [[user(locn0)]];
        float y_origin_out [[user(locn1)]];
    };

    static inline __attribute__((always_inline))
    float2 Warp(thread float2& pos, thread float2& warp)
    {
        pos = (pos * 2.0) - float2(1.0);
        pos *= float2(1.0 + ((pos.y * pos.y) * warp.x), 1.0 + ((pos.x * pos.x) * warp.y));
        return (pos * 0.5) + float2(0.5);
    }

    static inline __attribute__((always_inline))
    float ToLinear1(thread const float& c)
    {
        float _86;
        if (c <= 0.040449999272823333740234375)
        {
            _86 = c * 0.077399380505084991455078125;
        }
        else
        {
            _86 = powr((c + 0.054999999701976776123046875) * 0.947867333889007568359375, 2.400000095367431640625);
        }
        return _86;
    }

    static inline __attribute__((always_inline))
    float3 ToLinear(thread const float3& c)
    {
        float param = c.x;
        float param_1 = c.y;
        float param_2 = c.z;
        return float3(ToLinear1(param), ToLinear1(param_1), ToLinear1(param_2));
    }

    static inline __attribute__((always_inline))
    float3 Fetch(thread float2& pos, thread const float2& off, thread float2& res, texture2d<float> tex, sampler smp)
    {
        pos = (floor((pos * res) + off) + float2(0.5)) / res;
        float3 param = tex.sample(smp, pos, bias(-16.0)).xyz * 1.2000000476837158203125;
        return ToLinear(param);
    }

    static inline __attribute__((always_inline))
    float2 Dist(thread float2& pos, thread float2& res)
    {
        pos *= res;
        return float2(0.5) - (pos - floor(pos));
    }

    static inline __attribute__((always_inline))
    float Gaus(thread const float& pos, thread const float& scale)
    {
        return exp2((scale * pos) * pos);
    }

    static inline __attribute__((always_inline))
    float3 Horz3(thread const float2& pos, thread const float& off, thread float2& res, thread float& hardPix, texture2d<float> tex, sampler smp)
    {
        float2 param = pos;
        float2 param_1 = float2(-1.0, off);
        float3 _211 = Fetch(param, param_1, res, tex, smp);
        float2 param_2 = pos;
        float2 param_3 = float2(0.0, off);
        float3 _219 = Fetch(param_2, param_3, res, tex, smp);
        float2 param_4 = pos;
        float2 param_5 = float2(1.0, off);
        float3 _227 = Fetch(param_4, param_5, res, tex, smp);
        float2 param_6 = pos;
        float2 _231 = Dist(param_6, res);
        float param_7 = _231.x - 1.0;
        float param_8 = hardPix;
        float _241 = Gaus(param_7, param_8);
        float param_9 = _231.x;
        float param_10 = hardPix;
        float _248 = Gaus(param_9, param_10);
        float param_11 = _231.x + 1.0;
        float param_12 = hardPix;
        float _255 = Gaus(param_11, param_12);
        return (((_211 * _241) + (_219 * _248)) + (_227 * _255)) / float3((_241 + _248) + _255);
    }

    static inline __attribute__((always_inline))
    float3 Horz5(thread const float2& pos, thread const float& off, thread float2& res, thread float& hardPix, texture2d<float> tex, sampler smp)
    {
        float2 param = pos;
        float2 param_1 = float2(-2.0, off);
        float3 _283 = Fetch(param, param_1, res, tex, smp);
        float2 param_2 = pos;
        float2 param_3 = float2(-1.0, off);
        float3 _290 = Fetch(param_2, param_3, res, tex, smp);
        float2 param_4 = pos;
        float2 param_5 = float2(0.0, off);
        float3 _297 = Fetch(param_4, param_5, res, tex, smp);
        float2 param_6 = pos;
        float2 param_7 = float2(1.0, off);
        float3 _304 = Fetch(param_6, param_7, res, tex, smp);
        float2 param_8 = pos;
        float2 param_9 = float2(2.0, off);
        float3 _312 = Fetch(param_8, param_9, res, tex, smp);
        float2 param_10 = pos;
        float2 _316 = Dist(param_10, res);
        float param_11 = _316.x - 2.0;
        float param_12 = hardPix;
        float _326 = Gaus(param_11, param_12);
        float param_13 = _316.x - 1.0;
        float param_14 = hardPix;
        float _333 = Gaus(param_13, param_14);
        float param_15 = _316.x;
        float param_16 = hardPix;
        float _340 = Gaus(param_15, param_16);
        float param_17 = _316.x + 1.0;
        float param_18 = hardPix;
        float _347 = Gaus(param_17, param_18);
        float param_19 = _316.x + 2.0;
        float param_20 = hardPix;
        float _354 = Gaus(param_19, param_20);
        return (((((_283 * _326) + (_290 * _333)) + (_297 * _340)) + (_304 * _347)) + (_312 * _354)) / float3((((_326 + _333) + _340) + _347) + _354);
    }

    static inline __attribute__((always_inline))
    float Scan(thread const float2& pos, thread const float& off, thread float2& res, thread float& hardScan)
    {
        float2 param = pos;
        float2 _390 = Dist(param, res);
        float param_1 = _390.y + off;
        float param_2 = hardScan;
        return Gaus(param_1, param_2);
    }

    static inline __attribute__((always_inline))
    float3 Tri(thread const float2& pos, thread float2& res, thread float& hardScan, thread float& hardPix, texture2d<float> tex, sampler smp)
    {
        float2 param = pos;
        float param_1 = -1.0;
        float2 param_2 = pos;
        float param_3 = 0.0;
        float2 param_4 = pos;
        float param_5 = 1.0;
        float2 param_6 = pos;
        float param_7 = -1.0;
        float2 param_8 = pos;
        float param_9 = 0.0;
        float2 param_10 = pos;
        float param_11 = 1.0;
        return ((Horz3(param, param_1, res, hardPix, tex, smp) * Scan(param_6, param_7, res, hardScan)) + (Horz5(param_2, param_3, res, hardPix, tex, smp) * Scan(param_8, param_9, res, hardScan))) + (Horz3(param_4, param_5, res, hardPix, tex, smp) * Scan(param_10, param_11, res, hardScan));
    }

    static inline __attribute__((always_inline))
    float3 Mask(thread float2& pos, thread float& maskDark, thread float& maskLight)
    {
        pos.x += (pos.y * 3.0);
        float3 mask = float3(maskDark);
        pos.x = fract(pos.x * 0.16666667163372039794921875);
        if (pos.x < 0.333000004291534423828125)
        {
            float3 _550 = mask;
            _550.x = maskLight;
            mask = _550;
        }
        else
        {
            if (pos.x < 0.66600000858306884765625)
            {
                float3 _552 = mask;
                _552.y = maskLight;
                mask = _552;
            }
            else
            {
                float3 _554 = mask;
                _554.z = maskLight;
                mask = _554;
            }
        }
        return mask;
    }

    static inline __attribute__((always_inline))
    float ToSrgb1(thread const float& c)
    {
        float _125;
        if (c < 0.003130800090730190277099609375)
        {
            _125 = c * 12.9200000762939453125;
        }
        else
        {
            _125 = (1.05499994754791259765625 * powr(c, 0.416660010814666748046875)) - 0.054999999701976776123046875;
        }
        return _125;
    }

    static inline __attribute__((always_inline))
    float3 ToSrgb(thread const float3& c)
    {
        float param = c.x;
        float param_1 = c.y;
        float param_2 = c.z;
        return float3(ToSrgb1(param), ToSrgb1(param_1), ToSrgb1(param_2));
    }

    fragment main0_out main0(main0_in in [[stage_in]], texture2d<float> tex [[texture(0)]], sampler smp [[sampler(0)]], float4 gl_FragCoord [[position]])
    {
        main0_out out = {};
        float2 res = float2(256.0, 144.0);
        float hardScan = -8.0;
        float hardPix = -3.0;
        float2 warp = float2(0.015625, 0.02083333395421504974365234375);
        float maskDark = 0.5;
        float maskLight = 1.5;
        hardScan = -12.0;
        float2 param = in.pos_out;
        float2 _534 = Warp(param, warp);
        float2 param_1 = _534;
        float2 param_2 = float2(gl_FragCoord.x, abs(in.y_origin_out - gl_FragCoord.y));
        float3 _539 = Mask(param_2, maskDark, maskLight);
        float3 param_3 = Tri(param_1, res, hardScan, hardPix, tex, smp) * _539;
        out.frag_color = float4(ToSrgb(param_3), 1.0);
        return out;
    }

*/
#if defined(SOKOL_METAL)
static const uint8_t crt_fs_source_metal_ios[7557] = {
    0x23,0x70,0x72,0x61,0x67,0x6d,0x61,0x20,0x63,0x6c,0x61,0x6e,0x67,0x20,0x64,0x69,
    0x61,0x67,0x6e,0x6f,0x73,0x74,0x69,0x63,0x20,0x69,0x67,0x6e,0x6f,0x72,0x65,0x64,
    0x20,0x22,0x2d,0x57,0x6d,0x69,0x73,0x73,0x69,0x6e,0x67,0x2d,0x70,0x72,0x6f,0x74,
    0x6f,0x74,0x79,0x70,0x65,0x73,0x22,0x0a,0x0a,0x23,0x69,0x6e,0x63,0x6c,0x75,0x64,
    0x65,0x20,0x3c,0x6d,0x65,0x74,0x61,0x6c,0x5f,0x73,0x74,0x64,0x6c,0x69,0x62,0x3e,
    0x0a,0x23,0x69,0x6e,0x63,0x6c,0x75,0x64,0x65,0x20,0x3c,0x73,0x69,0x6d,0x64,0x2f,
    0x73,0x69,0x6d,0x64,0x2e,0x68,0x3e,0x0a,0x0a,0x75,0x73,0x69,0x6e,0x67,0x20,0x6e,
    0x61,0x6d,0x65,0x73,0x70,0x61,0x63,0x65,0x20,0x6d,0x65,0x74,0x61,0x6c,0x3b,0x0a,
    0x0a,0x73,0x74,0x72,0x75,0x63,0x74,0x20,0x6d,0x61,0x69,0x6e,0x30,0x5f,0x6f,0x75,
    0x74,0x0a,0x7b,0x0a,0x20,0x20,0x20,0x20,0x66,0x6c,0x6f,0x61,0x74,0x34,0x20,0x66,
    0x72,0x61,0x67,0x5f,0x63,0x6f,0x6c,0x6f,0x72,0x20,0x5b,0x5b,0x63,0x6f,0x6c,0x6f,
    0x72,0x28,0x30,0x29,0x5d,0x5d,0x3b,0x0a,0x7d,0x3b,0x0a,0x0a,0x73,0x74,0x72,0x75,
    0x63,0x74,0x20,0x6d,0x61,0x69,0x6e,0x30,0x5f,0x69,0x6e,0x0a,0x7b,0x0a,0x20,0x20,
    0x20,0x20,0x66,0x6c,0x6f,0x61,0x74,0x32,0x20,0x70,0x6f,0x73,0x5f,0x6f,0x75,0x74,
    0x20,0x5b,0x5b,0x75,0x73,0x65,0x72,0x28,0x6c,0x6f,0x63,0x6e,0x30,0x29,0x5d,0x5d,
    0x3b,0x0a,0x20,0x20,0x20,0x20,0x66,0x6c,0x6f,0x61,0x74,0x20,0x79,0x5f,0x6f,0x72,
    0x69,0x67,0x69,0x6e,0x5f,0x6f,0x75,0x74,0x20,0x5b,0x5b,0x75,0x73,0x65,0x72,0x28,
    0x6c,0x6f,0x63,0x6e,0x31,0x29,0x5d,0x5d,0x3b,0x0a,0x7d,0x3b,0x0a,0x0a,0x73,0x74,
    0x61,0x74,0x69,0x63,0x20,0x69,0x6e,0x6c,0x69,0x6e,0x65,0x20,0x5f,0x5f,0x61,0x74,
    0x74,0x72,0x69,0x62,0x75,0x74,0x65,0x5f,0x5f,0x28,0x28,0x61,0x6c,0x77,0x61,0x79,
    0x73,0x5f,0x69,0x6e,0x6c,0x69,0x6e,0x65,0x29,0x29,0x0a,0x66,0x6c,0x6f,0x61,0x74,
    0x32,0x20,0x57,0x61,0x72,0x70,0x28,0x74,0x68,0x72,0x65,0x61,0x64,0x20,0x66,0x6c,
    0x6f,0x61,0x74,0x32,0x26,0x20,0x70,0x6f,0x73,0x2c,0x20,0x74,0x68,0x72,0x65,0x61,
    0x64,0x20,0x66,0x6c,0x6f,0x61,0x74,0x32,0x26,0x20,0x77,0x61,0x72,0x70,0x29,0x0a,
    0x7b,0x0a,0x20,0x20,0x20,0x20,0x70,0x6f,0x73,0x20,0x3d,0x20,0x28,0x70,0x6f,0x73,
    0x20,0x2a,0x20,0x32,0x2e,0x30,0x29,0x20,0x2d,0x20,0x66,0x6c,0x6f,0x61,0x74,0x32,
    0x28,0x31,0x2e,0x30,0x29,0x3b,0x0a,0x20,0x20,0x20,0x20,0x70,0x6f,0x73,0x20,0x2a,
    0x3d,0x20,0x66,0x6c,0x6f,0x61,0x74,0x32,0x28,0x31,0x2e,0x30,0x20,0x2b,0x20,0x28,
    0x28,0x70,0x6f,0x73,0x2e,0x79,0x20,0x2a,0x20,0x70,0x6f,0x73,0x2e,0x79,0x29,0x20,
    0x2a,0x20,0x77,0x61,0x72,0x70,0x2e,0x78,0x29,0x2c,0x20,0x31,0x2e,0x30,0x20,0x2b,
    0x20,0x28,0x28,0x70,0x6f,0x73,0x2e,0x78,0x20,0x2a,0x20,0x70,0x6f,0x73,0x2e,0x78,
    0x29,0x20,0x2a,0x20,0x77,0x61,0x72,0x70,0x2e,0x79,0x29,0x29,0x3b,0x0a,0x20,0x20,
    0x20,0x20,0x72,0x65,0x74,0x75,0x72,0x6e,0x20,0x28,0x70,0x6f,0x73,0x20,0x2a,0x20,
    0x30,0x2e,0x35,0x29,0x20,0x2b,0x20,0x66,0x6c,0x6f,0x61,0x74,0x32,0x28,0x30,0x2e,
    0x35,0x29,0x3b,0x0a,0x7d,0x0a,0x0a,0x73,0x74,0x61,0x74,0x69,0x63,0x20,0x69,0x6e,
    0x6c,0x69,0x6e,0x65,0x20,0x5f,0x5f,0x61,0x74,0x74,0x72,0x69,0x62,0x75,0x74,0x65,
    0x5f,0x5f,0x28,0x28,0x61,0x6c,0x77,0x61,0x79,0x73,0x5f,0x69,0x6e,0x6c,0x69,0x6e,
    0x65,0x29,0x29,0x0a,0x66,0x6c,0x6f,0x61,0x74,0x20,0x54,0x6f,0x4c,0x69,0x6e,0x65,
    0x61,0x72,0x31,0x28,0x74,0x68,0x72,0x65,0x61,0x64,0x20,0x63,0x6f,0x6e,0x73,0x74,
    0x20,0x66,0x6c,0x6f,0x61,0x74,0x26,0x20,0x63,0x29,0x0a,0x7b,0x0a,0x20,0x20,0x20,
    0x20,0x66,0x6c,0x6f,0x61,0x74,0x20,0x5f,0x38,0x36,0x3b,0x0a,0x20,0x20,0x20,0x20,
    0x69,0x66,0x20,0x28,0x63,0x20,0x3c,0x3d,0x20,0x30,0x2e,0x30,0x34,0x30,0x34,0x34,
    0x39,0x39,0x39,0x39,0x32,0x37,0x32,0x38,0x32,0x33,0x33,0x33,0x33,0x37,0x34,0x30,
    0x32,0x33,0x34,0x33,0x37,0x35,0x29,0x0a,0x20,0x20,0x20,0x20,0x7b,0x0a,0x20,0x20,
    0x20,0x20,0x20,0x20,0x20,0x20,0x5f,0x38,0x36,0x20,0x3d,0x20,0x63,0x20,0x2a,0x20,
    0x30,0x2e,0x30,0x37,0x37,0x33,0x39,0x39,0x33,0x38,0x30,0x35,0x30,0x35,0x30,0x38,
    0x34,0x39,0x39,0x31,0x34,0x35,0x35,0x30,0x37,0x38,0x31,0x32,0x35,0x3b,0x0a,0x20,
    0x20,0x20,0x20,0x7d,0x0a,0x20,0x20,0x20,0x20,0x65,0x6c,0x73,0x65,0x0a,0x20,0x20,
    0x20,0x20,0x7b,0x0a,0x20,0x20,0x20,0x20,0x20,0x20,0x20,0x20,0x5f,0x38,0x36,0x20,
    0x3d,0x20,0x70,0x6f,0x77,0x72,0x28,0x28,0x63,0x20,0x2b,0x20,0x30,0x2e,0x30,0x35,
    0x34,0x39,0x39,0x39,0x39,0x39,0x39,0x37,0x30,0x31,0x39,0x37,0x36,0x37,0x37,0x36,
    0x31,0x32,0x33,0x30,0x34,0x36,0x38,0x37,0x35,0x29,0x20,0x2a,0x20,0x30,0x2e,0x39,
    0x34,0x37,0x38,0x36,0x37,0x33,0x33,0x33,0x38,0x38,0x39,0x30,0x30,0x37,0x35,0x36,
    0x38,0x33,0x35,0x39,0x33,0x37,0x35,0x2c,0x20,0x32,0x2e,0x34,0x30,0x30,0x30,0x30,
    0x30,0x30,0x39,0x35,0x33,0x36,0x37,0x34,0x33,0x31,0x36,0x34,0x30,0x36,0x32,0x35,
    0x29,0x3b,0x0a,0x20,0x20,0x20,0x20,0x7d,0x0a,0x20,0x20,0x20,0x20,0x72,0x65,0x74,
    0x75,0x72,0x6e,0x20,0x5f,0x38,0x36,0x3b,0x0a,0x7d,0x0a,0x0a,0x73,0x74,0x61,0x74,
    0x69,0x63,0x20,0x69,0x6e,0x6c,0x69,0x6e,0x65,0x20,0x5f,0x5f,0x61,0x74,0x74,0x72,
    0x69,0x62,0x75,0x74,0x65,0x5f,0x5f,0x28,0x28,0x61,0x6c,0x77,0x61,0x79,0x73,0x5f,
    0x69,0x6e,0x6c,0x69,0x6e,0x65,0x29,0x29,0x0a,0x66,0x6c,0x6f,0x61,0x74,0x33,0x20,
    0x54,0x6f,0x4c,0x69,0x6e,0x65,0x61,0x72,0x28,0x74,0x68,0x72,0x65,0x61,0x64,0x20,
    0x63,0x6f,0x6e,0x73,0x74,0x20,0x66,0x6c,0x6f,0x61,0x74,0x33,0x26,0x20,0x63,0x29,
    0x0a,0x7b,0x0a,0x20,0x20,0x20,0x20,0x66,0x6c,0x6f,0x61,0x74,0x20,0x70,0x61,0x72,
    0x61,0x6d,0x20,0x3d,0x20,0x63,0x2e,0x78,0x3b,0x0a,0x20,0x20,0x20,0x20,0x66,0x6c,
    0x6f,0x61,0x74,0x20,0x70,0x61,0x72,0x61,0x6d,0x5f,0x31,0x20,0x3d,0x20,0x63,0x2e,
    0x79,0x3b,0x0a,0x20,0x20,0x20,0x20,0x66,0x6c,0x6f,0x61,0x74,0x20,0x70,0x61,0x72,
    0x61,0x6d,0x5f,0x32,0x20,0x3d,0x20,0x63,0x2e,0x7a,0x3b,0x0a,0x20,0x20,0x20,0x20,
    0x72,0x65,0x74,0x75,0x72,0x6e,0x20,0x66,0x6c,0x6f,0x61,0x74,0x33,0x28,0x54,0x6f,
    0x4c,0x69,0x6e,0x65,0x61,0x72,0x31,0x28,0x70,0x61,0x72,0x61,0x6d,0x29,0x2c,0x20,
    0x54,0x6f,0x4c,0x69,0x6e,0x65,0x61,0x72,0x31,0x28,0x70,0x61,0x72,0x61,0x6d,0x5f,
    0x31,0x29,0x2c,0x20,0x54,0x6f,0x4c,0x69,0x6e,0x65,0x61,0x72,0x31,0x28,0x70,0x61,
    0x72,0x61,0x6d,0x5f,0x32,0x29,0x29,0x3b,0x0a,0x7d,0x0a,0x0a,0x73,0x74,0x61,0x74,
    0x69,0x63,0x20,0x69,0x6e,0x6c,0x69,0x6e,0x65,0x20,0x5f,0x5f,0x61,0x74,0x74,0x72,
    0x69,0x62,0x75,0x74,0x65,0x5f,0x5f,0x28,0x28,0x61,0x6c,0x77,0x61,0x79,0x73,0x5f,
    0x69,0x6e,0x6c,0x69,0x6e,0x65,0x29,0x29,0x0a,0x66,0x6c,0x6f,0x61,0x74,0x33,0x20,
    0x46,0x65,0x74,0x63,0x68,0x28,0x74,0x68,0x72,0x65,0x61,0x64,0x20,0x66,0x6c,0x6f,
    0x61,0x74,0x32,0x26,0x20,0x70,0x6f,0x73,0x2c,0x20,0x74,0x68,0x72,0x65,0x61,0x64,
    0x20,0x63,0x6f,0x6e,0x73,0x74,0x20,0x66,0x6c,0x6f,0x61,0x74,0x32,0x26,0x20,0x6f,
    0x66,0x66,0x2c,0x20,0x74,0x68,0x72,0x65,0x61,0x64,0x20,0x66,0x6c,0x6f,0x61,0x74,
    0x32,0x26,0x20,0x72,0x65,0x73,0x2c,0x20,0x74,0x65,0x78,0x74,0x75,0x72,0x65,0x32,
    0x64,0x3c,0x66,0x6c,0x6f,0x61,0x74,0x3e,0x20,0x74,0x65,0x78,0x2c,0x20,0x73,0x61,
    0x6d,0x70,0x6c,0x65,0x72,0x20,0x73,0x6d,0x70,0x29,0x0a,0x7b,0x0a,0x20,0x20,0x20,
    0x20,0x70,0x6f,0x73,0x20,0x3d,0x20,0x28,0x66,0x6c,0x6f,0x6f,0x72,0x28,0x28,0x70,
    0x6f,0x73,0x20,0x2a,0x20,0x72,0x65,0x73,0x29,0x20,0x2b,0x20,0x6f,0x66,0x66,0x29,
    0x20,0x2b,0x20,0x66,0x6c,0x6f,0x61,0x74,0x32,0x28,0x30,0x2e,0x35,0x29,0x29,0x20,
    0x2f,0x20,0x72,0x65,0x73,0x3b,0x0a,0x20,0x20,0x20,0x20,0x66,0x6c,0x6f,0x61,0x74,
    0x33,0x20,0x70,0x61,0x72,0x61,0x6d,0x20,0x3d,0x20,0x74,0x65,0x78,0x2e,0x73,0x61,
    0x6d,0x70,0x6c,0x65,0x28,0x73,0x6d,0x70,0x2c,0x20,0x70,0x6f,0x73,0x2c,0x20,0x62,
    0x69,0x61,0x73,0x28,0x2d,0x31,0x36,0x2e,0x30,0x29,0x29,0x2e,0x78,0x79,0x7a,0x20,
    0x2a,0x20,0x31,0x2e,0x32,0x30,0x30,0x30,0x30,0x30,0x30,0x34,0x37,0x36,0x38,0x33,
    0x37,0x31,0x35,0x38,0x32,0x30,0x33,0x31,0x32,0x35,0x3b,0x0a,0x20,0x20,0x20,0x20,
    0x72,0x65,0x74,0x75,0x72,0x6e,0x20,0x54,0x6f,0x4c,0x69,0x6e,0x65,0x61,0x72,0x28,
    0x70,0x61,0x72,0x61,0x6d,0x29,0x3b,0x0a,0x7d,0x0a,0x0a,0x73,0x74,0x61,0x74,0x69,
    0x63,0x20,0x69,0x6e,0x6c,0x69,0x6e,0x65,0x20,0x5f,0x5f,0x61,0x74,0x74,0x72,0x69,
    0x62,0x75,0x74,0x65,0x5f,0x5f,0x28,0x28,0x61,0x6c,0x77,0x61,0x79,0x73,0x5f,0x69,
    0x6e,0x6c,0x69,0x6e,0x65,0x29,0x29,0x0a,0x66,0x6c,0x6f,0x61,0x74,0x32,0x20,0x44,
    0x69,0x73,0x74,0x28,0x74,0x68,0x72,0x65,0x61,0x64,0x20,0x66,0x6c,0x6f,0x61,0x74,
    0x32,0x26,0x20,0x70,0x6f,0x73,0x2c,0x20,0x74,0x68,0x72,0x65,0x61,0x64,0x20,0x66,
    0x6c,0x6f,0x61,0x74,0x32,0x26,0x20,0x72,0x65,0x73,0x29,0x0a,0x7b,0x0a,0x20,0x20,
    0x20,0x20,0x70,0x6f,0x73,0x20,0x2a,0x3d,0x20,0x72,0x65,0x73,0x3b,0x0a,0x20,0x20,
    0x20,0x20,0x72,0x65,0x74,0x75,0x72,0x6e,0x20,0x66,0x6c,0x6f,0x61,0x74,0x32,0x28,
    0x30,0x2e,0x35,0x29,0x20,0x2d,0x20,0x28,0x70,0x6f,0x73,0x20,0x2d,0x20,0x66,0x6c,
    0x6f,0x6f,0x72,0x28,0x70,0x6f,0x73,0x29,0x29,0x3b,0x0a,0x7d,0x0a,0x0a,0x73,0x74,
    0x61,0x74,0x69,0x63,0x20,0x69,0x6e,0x6c,0x69,0x6e,0x65,0x20,0x5f,0x5f,0x61,0x74,
    0x74,0x72,0x69,0x62,0x75,0x74,0x65,0x5f,0x5f,0x28,0x28,0x61,0x6c,0x77,0x61,0x79,
    0x73,0x5f,0x69,0x6e,0x6c,0x69,0x6e,0x65,0x29,0x29,0x0a,0x66,0x6c,0x6f,0x61,0x74,
    0x20,0x47,0x61,0x75,0x73,0x28,0x74,0x68,0x72,0x65,0x61,0x64,0x20,0x63,0x6f,0x6e,
    0x73,0x74,0x20,0x66,0x6c,0x6f,0x61,0x74,0x26,0x20,0x70,0x6f,0x73,0x2c,0x20,0x74,
    0x68,0x72,0x65,0x61,0x64,0x20,0x63,0x6f,0x6e,0x73,0x74,0x20,0x66,0x6c,0x6f,0x61,
    0x74,0x26,0x20,0x73,0x63,0x61,0x6c,0x65,0x29,0x0a,0x7b,0x0a,0x20,0x20,0x20,0x20,
    0x72,0x65,0x74,0x75,0x72,0x6e,0x20,0x65,0x78,0x70,0x32,0x28,0x28,0x73,0x63,0x61,
    0x6c,0x65,0x20,0x2a,0x20,0x70,0x6f,0x73,0x29,0x20,0x2a,0x20,0x70,0x6f,0x73,0x29,
    0x3b,0x0a,0x7d,0x0a,0x0a,0x73,0x74,0x61,0x74,0x69,0x63,0x20,0x69,0x6e,0x6c,0x69,
    0x6e,0x65,0x20,0x5f,0x5f,0x61,0x74,0x74,0x72,0x69,0x62,0x75,0x74,0x65,0x5f,0x5f,
    0x28,0x28,0x61,0x6c,0x77,0x61,0x79,0x73,0x5f,0x69,0x6e,0x6c,0x69,0x6e,0x65,0x29,
    0x29,0x0a,0x66,0x6c,0x6f,0x61,0x74,0x33,0x20,0x48,0x6f,0x72,0x7a,0x33,0x28,0x74,
    0x68,0x72,0x65,0x61,0x64,0x20,0x63,0x6f,0x6e,0x73,0x74,0x20,0x66,0x6c,0x6f,0x61,
    0x74,0x32,0x26,0x20,0x70,0x6f,0x73,0x2c,0x20,0x74,0x68,0x72,0x65,0x61,0x64,0x20,
    0x63,0x6f,0x6e,0x73,0x74,0x20,0x66,0x6c,0x6f,0x61,0x74,0x26,0x20,0x6f,0x66,0x66,
    0x2c,0x20,0x74,0x68,0x72,0x65,0x61,0x64,0x20,0x66,0x6c,0x6f,0x61,0x74,0x32,0x26,
    0x20,0x72,0x65,0x73,0x2c,0x20,0x74,0x68,0x72,0x65,0x61,0x64,0x20,0x66,0x6c,0x6f,
    0x61,0x74,0x26,0x20,0x68,0x61,0x72,0x64,0x50,0x69,0x78,0x2c,0x20,0x74,0x65,0x78,
    0x74,0x75,0x72,0x65,0x32,0x64,0x3c,0x66,0x6c,0x6f,0x61,0x74,0x3e,0x20,0x74,0x65,
    0x78,0x2c,0x20,0x73,0x61,0x6d,0x70,0x6c,0x65,0x72,0x20,0x73,0x6d,0x70,0x29,0x0a,
    0x7b,0x0a,0x20,0x20,0x20,0x20,0x66,0x6c,0x6f,0x61,0x74,0x32,0x20,0x70,0x61,0x72,
    0x61,0x6d,0x20,0x3d,0x20,0x70,0x6f,0x73,0x3b,0x0a,0x20,0x20,0x20,0x20,0x66,0x6c,
    0x6f,0x61,0x74,0x32,0x20,0x70,0x61,0x72,0x61,0x6d,0x5f,0x31,0x20,0x3d,0x20,0x66,
    0x6c,0x6f,0x61,0x74,0x32,0x28,0x2d,0x31,0x2e,0x30,0x2c,0x20,0x6f,0x66,0x66,0x29,
    0x3b,0x0a,0x20,0x20,0x20,0x20,0x66,0x6c,0x6f,0x61,0x74,0x33,0x20,0x5f,0x32,0x31,
    0x31,0x20,0x3d,0x20,0x46,0x65,0x74,0x63,0x68,0x28,0x70,0x61,0x72,0x61,0x6d,0x2c,
    0x20,0x70,0x61,0x72,0x61,0x6d,0x5f,0x31,0x2c,0x20,0x72,0x65,0x73,0x2c,0x20,0x74,
    0x65,0x78,0x2c,0x20,0x73,0x6d,0x70,0x29,0x3b,0x0a,0x20,0x20,0x20,0x20,0x66,0x6c,
    0x6f,0x61,0x74,0x32,0x20,0x70,0x61,0x72,0x61,0x6d,0x5f,0x32,0x20,0x3d,0x20,0x70,
    0x6f,0x73,0x3b,0x0a,0x20,0x20,0x20,0x20,0x66,0x6c,0x6f,0x61,0x74,0x32,0x20,0x70,
    0x61,0x72,0x61,0x6d,0x5f,0x33,0x20,0x3d,0x20,0x66,0x6c,0x6f,0x61,0x74,0x32,0x28,
    0x30,0x2e,0x30,0x2c,0x20,0x6f,0x66,0x66,0x29,0x3b,0x0a,0x20,0x20,0x20,0x20,0x66,
    0x6c,0x6f,0x61,0x74,0x33,0x20,0x5f,0x32,0x31,0x39,0x20,0x3d,0x20,0x46,0x65,0x74,
    0x63,0x68,0x28,0x70,0x61,0x72,0x61,0x6d,0x5f,0x32,0x2c,0x20,0x70,0x61,0x72,0x61,
    0x6d,0x5f,0x33,0x2c,0x20,0x72,0x65,0x73,0x2c,0x20,0x74,0x65,0x78,0x2c,0x20,0x73,
    0x6d,0x70,0x29,0x3b,0x0a,0x20,0x20,0x20,0x20,0x66,0x6c,0x6f,0x61,0x74,0x32,0x20,
    0x70,0x61,0x72,0x61,0x6d,0x5f,0x34,0x20,0x3d,0x20,0x70,0x6f,0x73,0x3b,0x0a,0x20,
    0x20,0x20,0x20,0x66,0x6c,0x6f,0x61,0x74,0x32,0x20,0x70,0x61,0x72,0x61,0x6d,0x5f,
    0x35,0x20,0x3d,0x20,0x66,0x6c,0x6f,0x61,0x74,0x32,0x28,0x31,0x2e,0x30,0x2c,0x20,
    0x6f,0x66,0x66,0x29,0x3b,0x0a,0x20,0x20,0x20,0x20,0x66,0x6c,0x6f,0x61,0x74,0x33,
    0x20,0x5f,0x32,0x32,0x37,0x20,0x3d,0x20,0x46,0x65,0x74,0x63,0x68,0x28,0x70,0x61,
    0x72,0x61,0x6d,0x5f,0x34,0x2c,0x20,0x70,0x61,0x72,0x61,0x6d,0x5f,0x35,0x2c,0x20,
    0x72,0x65,0x73,0x2c,0x20,0x74,0x65,0x78,0x2c,0x20,0x73,0x6d,0x70,0x29,0x3b,0x0a,
    0x20,0x20,0x20,0x20,0x66,0x6c,0x6f,0x61,0x74,0x32,0x20,0x70,0x61,0x72,0x61,0x6d,
    0x5f,0x36,0x20,0x3d,0x20,0x70,0x6f,0x73,0x3b,0x0a,0x20,0x20,0x20,0x20,0x66,0x6c,
    0x6f,0x61,0x74,0x32,0x20,0x5f,0x32,0x33,0x31,0x20,0x3d,0x20,0x44,0x69,0x73,0x74,
    0x28,0x70,0x61,0x72,0x61,0x6d,0x5f,0x36,0x2c,0x20,0x72,0x65,0x73,0x29,0x3b,0x0a,
    0x20,0x20,0x20,0x20,0x66,0x6c,0x6f,0x61,0x74,0x20,0x70,0x61,0x72,0x61,0x6d,0x5f,
    0x37,0x20,0x3d,0x20,0x5f,0x32,0x33,0x31,0x2e,0x78,0x20,0x2d,0x20,0x31,0x2e,0x30,
    0x3b,0x0a,0x20,0x20,0x20,0x20,0x66,0x6c,0x6f,0x61,0x74,0x20,0x70,0x61,0x72,0x61,
    0x6d,0x5f,0x38,0x20,0x3d,0x20,0x68,0x61,0x72,0x64,0x50,0x69,0x78,0x3b,0x0a,0x20,
    0x20,0x20,0x20,0x66,0x6c,0x6f,0x61,0x74,0x20,0x5f,0x32,0x34,0x31,0x20,0x3d,0x20,
    0x47,0x61,0x75,0x73,0x28,0x70,0x61,0x72,0x61,0x6d,0x5f,0x37,0x2c,0x20,0x70,0x61,
    0x72,0x61,0x6d,0x5f,0x38,0x29,0x3b,0x0a,0x20,0x20,0x20,0x20,0x66,0x6c,0x6f,0x61,
    0x74,0x20,0x70,0x61,0x72,0x61,0x6d,0x5f,0x39,0x20,0x3d,0x20,0x5f,0x32,0x33,0x31,
    0x2e,0x78,0x3b,0x0a,0x20,0x20,0x20,0x20,0x66,0x6c,0x6f,0x61,0x74,0x20,0x70,0x61,
    0x72,0x61,0x6d,0x5f,0x31,0x30,0x20,0x3d,0x20,0x68,0x61,0x72,0x64,0x50,0x69,0x78,
    0x3b,0x0a,0x20,0x20,0x20,0x20,0x66,0x6c,0x6f,0x61,0x74,0x20,0x5f,0x32,0x34,0x38,
    0x20,0x3d,0x20,0x47,0x61,0x75,0x73,0x28,0x70,0x61,0x72,0x61,0x6d,0x5f,0x39,0x2c,
    0x20,0x70,0x61,0x72,0x61,0x6d,0x5f,0x31,0x30,0x29,0x3b,0x0a,0x20,0x20,0x20,0x20,
    0x66,0x6c,0x6f,0x61,0x74,0x20,0x70,0x61,0x72,0x61,0x6d,0x5f,0x31,0x31,0x20,0x3d,
    0x20,0x5f,0x32,0x33,0x31,0x2e,0x78,0x20,0x2b,0x20,0x31,0x2e,0x30,0x3b,0x0a,0x20,
    0x20,0x20,0x20,0x66,0x6c,0x6f,0x61,0x74,0x20,0x70,0x61,0x72,0x61,0x6d,0x5f,0x31,
    0x32,0x20,0x3d,0x20,0x68,0x61,0x72,0x64,0x50,0x69,0x78,0x3b,0x0a,0x20,0x20,0x20,
    0x20,0x66,0x6c,0x6f,0x61,0x74,0x20,0x5f,0x32,0x35,0x35,0x20,0x3d,0x20,0x47,0x61,
    0x75,0x73,0x28,0x70,0x61,0x72,0x61,0x6d,0x5f,0x31,0x31,0x2c,0x20,0x70,0x61,0x72,
    0x61,0x6d,0x5f,0x31,0x32,0x29,0x3b,0x0a,0x20,0x20,0x20,0x20,0x72,0x65,0x74,0x75,
    0x72,0x6e,0x20,0x28,0x28,0x28,0x5f,0x32,0x31,0x31,0x20,0x2a,0x20,0x5f,0x32,0x34,
    0x31,0x29,0x20,0x2b,0x20,0x28,0x5f,0x32,0x31,0x39,0x20,0x2a,0x20,0x5f,0x32,0x34,
    0x38,0x29,0x29,0x20,0x2b,0x20,0x28,0x5f,0x32,0x32,0x37,0x20,0x2a,0x20,0x5f,0x32,
    0x35,0x35,0x29,0x29,0x20,0x2f,0x20,0x66,0x6c,0x6f,0x61,0x74,0x33,0x28,0x28,0x5f,
    0x32,0x34,0x31,0x20,0x2b,0x20,0x5f,0x32,0x34,0x38,0x29,0x20,0x2b,0x20,0x5f,0x32,
    0x35,0x35,0x29,0x3b,0x0a,0x7d,0x0a,0x0a,0x73,0x74,0x61,0x74,0x69,0x63,0x20,0x69,
    0x6e,0x6c,0x69,0x6e,0x65,0x20,0x5f,0x5f,0x61,0x74,0x74,0x72,0x69,0x62,0x75,0x74,
    0x65,0x5f,0x5f,0x28,0x28,0x61,0x6c,0x77,0x61,0x79,0x73,0x5f,0x69,0x6e,0x6c,0x69,
    0x6e,0x65,0x29,0x29,0x0a,0x66,0x6c,0x6f,0x61,0x74,0x33,0x20,0x48,0x6f,0x72,0x7a,
    0x35,0x28,0x74,0x68,0x72,0x65,0x61,0x64,0x20,0x63,0x6f,0x6e,0x73,0x74,0x20,0x66,
    0x6c,0x6f,0x61,0x74,0x32,0x26,0x20,0x70,0x6f,0x73,0x2c,0x20,0x74,0x68,0x72,0x65,
    0x61,0x64,0x20,0x63,0x6f,0x6e,0x73,0x74,0x20,0x66,0x6c,0x6f,0x61,0x74,0x26,0x20,
    0x6f,0x66,0x66,0x2c,0x20,0x74,0x68,0x72,0x65,0x61,0x64,0x20,0x66,0x6c,0x6f,0x61,
    0x74,0x32,0x26,0x20,0x72,0x65,0x73,0x2c,0x20,0x74,0x68,0x72,0x65,0x61,0x64,0x20,
    0x66,0x6c,0x6f,0x61,0x74,0x26,0x20,0x68,0x61,0x72,0x64,0x50,0x69,0x78,0x2c,0x20,
    0x74,0x65,0x78,0x74,0x75,0x72,0x65,0x32,0x64,0x3c,0x66,0x6c,0x6f,0x61,0x74,0x3e,
    0x20,0x74,0x65,0x78,0x2c,0x20,0x73,0x61,0x6d,0x70,0x6c,0x65,0x72,0x20,0x73,0x6d,
    0x70,0x29,0x0a,0x7b,0x0a,0x20,0x20,0x20,0x20,0x66,0x6c,0x6f,0x61,0x74,0x32,0x20,
    0x70,0x61,0x72,0x61,0x6d,0x20,0x3d,0x20,0x70,0x6f,0x73,0x3b,0x0a,0x20,0x20,0x20,
    0x20,0x66,0x6c,0x6f,0x61,0x74,0x32,0x20,0x70,0x61,0x72,0x61,0x6d,0x5f,0x31,0x20,
    0x3d,0x20,0x66,0x6c,0x6f,0x61,0x74,0x32,0x28,0x2d,0x32,0x2e,0x30,0x2c,0x20,0x6f,
    0x66,0x66,0x29,0x3b,0x0a,0x20,0x20,0x20,0x20,0x66,0x6c,0x6f,0x61,0x74,0x33,0x20,
    0x5f,0x32,0x38,0x33,0x20,0x3d,0x20,0x46,0x65,0x74,0x63,0x68,0x28,0x70,0x61,0x72,
    0x61,0x6d,0x2c,0x20,0x70,0x61,0x72,0x61,0x6d,0x5f,0x31,0x2c,0x20,0x72,0x65,0x73,
    0x2c,0x20,0x74,0x65,0x78,0x2c,0x20,0x73,0x6d,0x70,0x29,0x3b,0x0a,0x20,0x20,0x20,
    0x20,0x66,0x6c,0x6f,0x61,0x74,0x32,0x20,0x70,0x61,0x72,0x61,0x6d,0x5f,0x32,0x20,
    0x3d,0x20,0x70,0x6f,0x73,0x3b,0x0a,0x20,0x20,0x20,0x20,0x66,0x6c,0x6f,0x61,0x74,
    0x32,0x20,0x70,0x61,0x72,0x61,0x6d,0x5f,0x33,0x20,0x3d,0x20,0x66,0x6c,0x6f,0x61,
    0x74,0x32,0x28,0x2d,0x31,0x2e,0x30,0x2c,0x20,0x6f,0x66,0x66,0x29,0x3b,0x0a,0x20,
    0x20,0x20,0x20,0x66,0x6c,0x6f,0x61,0x74,0x33,0x20,0x5f,0x32,0x39,0x30,0x20,0x3d,
    0x20,0x46,0x65,0x74,0x63,0x68,0x28,0x70,0x61,0x72,0x61,0x6d,0x5f,0x32,0x2c,0x20,
    0x70,0x61,0x72,0x61,0x6d,0x5f,0x33,0x2c,0x20,0x72,0x65,0x73,0x2c,0x20,0x74,0x65,
    0x78,0x2c,0x20,0x73,0x6d,0x70,0x29,0x3b,0x0a,0x20,0x20,0x20,0x20,0x66,0x6c,0x6f,
    0x61,0x74,0x32,0x20,0x70,0x61,0x72,0x61,0x6d,0x5f,0x34,0x20,0x3d,0x20,0x70,0x6f,
    0x73,0x3b,0x0a,0x20,0x20,0x20,0x20,0x66,0x6c,0x6f,0x61,0x74,0x32,0x20,0x70,0x61,
    0x72,0x61,0x6d,0x5f,0x35,0x20,0x3d,0x20,0x66,0x6c,0x6f,0x61,0x74,0x32,0x28,0x30,
    0x2e,0x30,0x2c,0x20,0x6f,0x66,0x66,0x29,0x3b,0x0a,0x20,0x20,0x20,0x20,0x66,0x6c,
    0x6f,0x61,0x74,0x33,0x20,0x5f,0x32,0x39,0x37,0x20,0x3d,0x20,0x46,0x65,0x74,0x63,
    0x68,0x28,0x70,0x61,0x72,0x61,0x6d,0x5f,0x34,0x2c,0x20,0x70,0x61,0x72,0x61,0x6d,
    0x5f,0x35,0x2c,0x20,0x72,0x65,0x73,0x2c,0x20,0x74,0x65,0x78,0x2c,0x20,0x73,0x6d,
    0x70,0x29,0x3b,0x0a,0x20,0x20,0x20,0x20,0x66,0x6c,0x6f,0x61,0x74,0x32,0x20,0x70,
    0x61,0x72,0x61,0x6d,0x5f,0x36,0x20,0x3d,0x20,0x70,0x6f,0x73,0x3b,0x0a,0x20,0x20,
    0x20,0x20,0x66,0x6c,0x6f,0x61,0x74,0x32,0x20,0x70,0x61,0x72,0x61,0x6d,0x5f,0x37,
    0x20,0x3d,0x20,0x66,0x6c,0x6f,0x61,0x74,0x32,0x28,0x31,0x2e,0x30,0x2c,0x20,0x6f,
    0x66,0x66,0x29,0x3b,0x0a,0x20,0x20,0x20,0x20,0x66,0x6c,0x6f,0x61,0x74,0x33,0x20,
    0x5f,0x33,0x30,0x34,0x20,0x3d,0x20,0x46,0x65,0x74,0x63,0x68,0x28,0x70,0x61,0x72,
    0x61,0x6d,0x5f,0x36,0x2c,0x20,0x70,0x61,0x72,0x61,0x6d,0x5f,0x37,0x2c,0x20,0x72,
    0x65,0x73,0x2c,0x20,0x74,0x65,0x78,0x2c,0x20,0x73,0x6d,0x70,0x29,0x3b,0x0a,0x20,
    0x20,0x20,0x20,0x66,0x6c,0x6f,0x61,0x74,0x32,0x20,0x70,0x61,0x72,0x61,0x6d,0x5f,
    0x38,0x20,0x3d,0x20,0x70,0x6f,0x73,0x3b,0x0a,0x20,0x20,0x20,0x20,0x66,0x6c,0x6f,
    0x61,0x74,0x32,0x20,0x70,0x61,0x72,0x61,0x6d,0x5f,0x39,0x20,0x3d,0x20,0x66,0x6c,
    0x6f,0x61,0x74,0x32,0x28,0x32,0x2e,0x30,0x2c,0x20,0x6f,0x66,0x66,0x29,0x3b,0x0a,
    0x20,0x20,0x20,0x20,0x66,0x6c,0x6f,0x61,0x74,0x33,0x20,0x5f,0x33,0x31,0x32,0x20,
    0x3d,0x20,0x46,0x65,0x74,0x63,0x68,0x28,0x70,0x61,0x72,0x61,0x6d,0x5f,0x38,0x2c,
    0x20,0x70,0x61,0x72,0x61,0x6d,0x5f,0x39,0x2c,0x20,0x72,0x65,0x73,0x2c,0x20,0x74,
    0x65,0x78,0x2c,0x20,0x73,0x6d,0x70,0x29,0x3b,0x0a,0x20,0x20,0x20,0x20,0x66,0x6c,
    0x6f,0x61,0x74,0x32,0x20,0x70,0x61,0x72,0x61,0x6d,0x5f,0x31,0x30,0x20,0x3d,0x20,
    0x70,0x6f,0x73,0x3b,0x0a,0x20,0x20,0x20,0x20,0x66,0x6c,0x6f,0x61,0x74,0x32,0x20,
    0x5f,0x33,0x31,0x36,0x20,0x3d,0x20,0x44,0x69,0x73,0x74,0x28,0x70,0x61,0x72,0x61,
    0x6d,0x5f,0x31,0x30,0x2c,0x20,0x72,0x65,0x73,0x29,0x3b,0x0a,0x20,0x20,0x20,0x20,
    0x66,0x6c,0x6f,0x61,0x74,0x20,0x70,0x61,0x72,0x61,0x6d,0x5f,0x31,0x31,0x20,0x3d,
    0x20,0x5f,0x33,0x31,0x36,0x2e,0x78,0x20,0x2d,0x20,0x32,0x2e,0x30,0x3b,0x0a,0x20,
    0x20,0x20,0x20,0x66,0x6c,0x6f,0x61,0x74,0x20,0x70,0x61,0x72,0x61,0x6d,0x5f,0x31,
    0x32,0x20,0x3d,0x20,0x68,0x61,0x72,0x64,0x50,0x69,0x78,0x3b,0x0a,0x20,0x20,0x20,
    0x20,0x66,0x6c,0x6f,0x61,0x74,0x20,0x5f,0x33,0x32,0x36,0x20,0x3d,0x20,0x47,0x61,
    0x75,0x73,0x28,0x70,0x61,0x72,0x61,0x6d,0x5f,0x31,0x31,0x2c,0x20,0x70,0x61,0x72,
    0x61,0x6d,0x5f,0x31,0x32,0x29,0x3b,0x0a,0x20,0x20,0x20,0x20,0x66,0x6c,0x6f,0x61,
    0x74,0x20,0x70,0x61,0x72,0x61,0x6d,0x5f,0x31,0x33,0x20,0x3d,0x20,0x5f,0x33,0x31,
    0x36,0x2e,0x78,0x20,0x2d,0x20,0x31,0x2e,0x30,0x3b,0x0a,0x20,0x20,0x20,0x20,0x66,
    0x6c,0x6f,0x61,0x74,0x20,0x70,0x61,0x72,0x61,0x6d,0x5f,0x31,0x34,0x20,0x3d,0x20,
    0x68,0x61,0x72,0x64,0x50,0x69,0x78,0x3b,0x0a,0x20,0x20,0x20,0x20,0x66,0x6c,0x6f,
    0x61,0x74,0x20,0x5f,0x33,0x33,0x33,0x20,0x3d,0x20,0x47,0x61,0x75,0x73,0x28,0x70,
    0x61,0x72,0x61,0x6d,0x5f,0x31,0x33,0x2c,0x20,0x70,0x61,0x72,0x61,0x6d,0x5f,0x31,
    0x34,0x29,0x3b,0x0a,0x20,0x20,0x20,0x20,0x66,0x6c,0x6f,0x61,0x74,0x20,0x70,0x61,
    0x72,0x61,0x6d,0x5f,0x31,0x35,0x20,0x3d,0x20,0x5f,0x33,0x31,0x36,0x2e,0x78,0x3b,
    0x0a,0x20,0x20,0x20,0x20,0x66,0x6c,0x6f,0x61,0x74,0x20,0x70,0x61,0x72,0x61,0x6d,
    0x5f,0x31,0x36,0x20,0x3d,0x20,0x68,0x61,0x72,0x64,0x50,0x69,0x78,0x3b,0x0a,0x20,
    0x20,0x20,0x20,0x66,0x6c,0x6f,0x61,0x74,0x20,0x5f,0x33,0x34,0x30,0x20,0x3d,0x20,
    0x47,0x61,0x75,0x73,0x28,0x70,0x61,0x72,0x61,0x6d,0x5f,0x31,0x35,0x2c,0x20,0x70,
    0x61,0x72,0x61,0x6d,0x5f,0x31,0x36,0x29,0x3b,0x0a,0x20,0x20,0x20,0x20,0x66,0x6c,
    0x6f,0x61,0x74,0x20,0x70,0x61,0x72,0x61,0x6d,0x5f,0x31,0x37,0x20,0x3d,0x20,0x5f,
    0x33,0x31,0x36,0x2e,0x78,0x20,0x2b,0x20,0x31,0x2e,0x30,0x3b,0x0a,0x20,0x20,0x20,
    0x20,0x66,0x6c,0x6f,0x61,0x74,0x20,0x70,0x61,0x72,0x61,0x6d,0x5f,0x31,0x38,0x20,
    0x3d,0x20,0x68,0x61,0x72,0x64,0x50,0x69,0x78,0x3b,0x0a,0x20,0x20,0x20,0x20,0x66,
    0x6c,0x6f,0x61,0x74,0x20,0x5f,0x33,0x34,0x37,0x20,0x3d,0x20,0x47,0x61,0x75,0x73,
    0x28,0x70,0x61,0x72,0x61,0x6d,0x5f,0x31,0x37,0x2c,0x20,0x70,0x61,0x72,0x61,0x6d,
    0x5f,0x31,0x38,0x29,0x3b,0x0a,0x20,0x20,0x20,0x20,0x66,0x6c,0x6f,0x61,0x74,0x20,
    0x70,0x61,0x72,0x61,0x6d,0x5f,0x31,0x39,0x20,0x3d,0x20,0x5f,0x33,0x31,0x36,0x2e,
    0x78,0x20,0x2b,0x20,0x32,0x2e,0x30,0x3b,0x0a,0x20,0x20,0x20,0x20,0x66,0x6c,0x6f,
    0x61,0x74,0x20,0x70,0x61,0x72,0x61,0x6d,0x5f,0x32,0x30,0x20,0x3d,0x20,0x68,0x61,
    0x72,0x64,0x50,0x69,0x78,0x3b,0x0a,0x20,0x20,0x20,0x20,0x66,0x6c,0x6f,0x61,0x74,
    0x20,0x5f,0x33,0x35,0x34,0x20,0x3d,0x20,0x47,0x61,0x75,0x73,0x28,0x70,0x61,0x72,
    0x61,0x6d,0x5f,0x31,0x39,0x2c,0x20,0x70,0x61,0x72,0x61,0x6d,0x5f,0x32,0x30,0x29,
    0x3b,0x0a,0x20,0x20,0x20,0x20,0x72,0x65,0x74,0x75,0x72,0x6e,0x20,0x28,0x28,0x28,
    0x28,0x28,0x5f,0x32,0x38,0x33,0x20,0x2a,0x20,0x5f,0x33,0x32,0x36,0x29,0x20,0x2b,
    0x20,0x28,0x5f,0x32,0x39,0x30,0x20,0x2a,0x20,0x5f,0x33,0x33,0x33,0x29,0x29,0x20,
    0x2b,0x20,0x28,0x5f,0x32,0x39,0x37,0x20,0x2a,0x20,0x5f,0x33,0x34,0x30,0x29,0x29,
    0x20,0x2b,0x20,0x28,0x5f,0x33,0x30,0x34,0x20,0x2a,0x20,0x5f,0x33,0x34,0x37,0x29,
    0x29,0x20,0x2b,0x20,0x28,0x5f,0x33,0x31,0x32,0x20,0x2a,0x20,0x5f,0x33,0x35,0x34,
    0x29,0x29,0x20,0x2f,0x20,0x66,0x6c,0x6f,0x61,0x74,0x33,0x28,0x28,0x28,0x28,0x5f,
    0x33,0x32,0x36,0x20,0x2b,0x20,0x5f,0x33,0x33,0x33,0x29,0x20,0x2b,0x20,0x5f,0x33,
    0x34,0x30,0x29,0x20,0x2b,0x20,0x5f,0x33,0x34,0x37,0x29,0x20,0x2b,0x20,0x5f,0x33,
    0x35,0x34,0x29,0x3b,0x0a,0x7d,0x0a,0x0a,0x73,0x74,0x61,0x74,0x69,0x63,0x20,0x69,
    0x6e,0x6c,0x69,0x6e,0x65,0x20,0x5f,0x5f,0x61,0x74,0x74,0x72,0x69,0x62,0x75,0x74,
    0x65,0x5f,0x5f,0x28,0x28,0x61,0x6c,0x77,0x61,0x79,0x73,0x5f,0x69,0x6e,0x6c,0x69,
    0x6e,0x65,0x29,0x29,0x0a,0x66,0x6c,0x6f,0x61,0x74,0x20,0x53,0x63,0x61,0x6e,0x28,
    0x74,0x68,0x72,0x65,0x61,0x64,0x20,0x63,0x6f,0x6e,0x73,0x74,0x20,0x66,0x6c,0x6f,
    0x61,0x74,0x32,0x26,0x20,0x70,0x6f,0x73,0x2c,0x20,0x74,0x68,0x72,0x65,0x61,0x64,
    0x20,0x63,0x6f,0x6e,0x73,0x74,0x20,0x66,0x6c,0x6f,0x61,0x74,0x26,0x20,0x6f,0x66,
    0x66,0x2c,0x20,0x74,0x68,0x72,0x65,0x61,0x64,0x20,0x66,0x6c,0x6f,0x61,0x74,0x32,
    0x26,0x20,0x72,0x65,0x73,0x2c,0x20,0x74,0x68,0x72,0x65,0x61,0x64,0x20,0x66,0x6c,
    0x6f,0x61,0x74,0x26,0x20,0x68,0x61,0x72,0x64,0x53,0x63,0x61,0x6e,0x29,0x0a,0x7b,
    0x0a,0x20,0x20,0x20,0x20,0x66,0x6c,0x6f,0x61,0x74,0x32,0x20,0x70,0x61,0x72,0x61,
    0x6d,0x20,0x3d,0x20,0x70,0x6f,0x73,0x3b,0x0a,0x20,0x20,0x20,0x20,0x66,0x6c,0x6f,
    0x61,0x74,0x32,0x20,0x5f,0x33,0x39,0x30,0x20,0x3d,0x20,0x44,0x69,0x73,0x74,0x28,
    0x70,0x61,0x72,0x61,0x6d,0x2c,0x20,0x72,0x65,0x73,0x29,0x3b,0x0a,0x20,0x20,0x20,
    0x20,0x66,0x6c,0x6f,0x61,0x74,0x20,0x70,0x61,0x72,0x61,0x6d,0x5f,0x31,0x20,0x3d,
    0x20,0x5f,0x33,0x39,0x30,0x2e,0x79,0x20,0x2b,0x20,0x6f,0x66,0x66,0x3b,0x0a,0x20,
    0x20,0x20,0x20,0x66,0x6c,0x6f,0x61,0x74,0x20,0x70,0x61,0x72,0x61,0x6d,0x5f,0x32,
    0x20,0x3d,0x20,0x68,0x61,0x72,0x64,0x53,0x63,0x61,0x6e,0x3b,0x0a,0x20,0x20,0x20,
    0x20,0x72,0x65,0x74,0x75,0x72,0x6e,0x20,0x47,0x61,0x75,0x73,0x28,0x70,0x61,0x72,
    0x61,0x6d,0x5f,0x31,0x2c,0x20,0x70,0x61,0x72,0x61,0x6d,0x5f,0x32,0x29,0x3b,0x0a,
    0x7d,0x0a,0x0a,0x73,0x74,0x61,0x74,0x69,0x63,0x20,0x69,0x6e,0x6c,0x69,0x6e,0x65,
    0x20,0x5f,0x5f,0x61,0x74,0x74,0x72,0x69,0x62,0x75,0x74,0x65,0x5f,0x5f,0x28,0x28,
    0x61,0x6c,0x77,0x61,0x79,0x73,0x5f,0x69,0x6e,0x6c,0x69,0x6e,0x65,0x29,0x29,0x0a,
    0x66,0x6c,0x6f,0x61,0x74,0x33,0x20,0x54,0x72,0x69,0x28,0x74,0x68,0x72,0x65,0x61,
    0x64,0x20,0x63,0x6f,0x6e,0x73,0x74,0x20,0x66,0x6c,0x6f,0x61,0x74,0x32,0x26,0x20,
    0x70,0x6f,0x73,0x2c,0x20,0x74,0x68,0x72,0x65,0x61,0x64,0x20,0x66,0x6c,0x6f,0x61,
    0x74,0x32,0x26,0x20,0x72,0x65,0x73,0x2c,0x20,0x74,0x68,0x72,0x65,0x61,0x64,0x20,
    0x66,0x6c,0x6f,0x61,0x74,0x26,0x20,0x68,0x61,0x72,0x64,0x53,0x63,0x61,0x6e,0x2c,
    0x20,0x74,0x68,0x72,0x65,0x61,0x64,0x20,0x66,0x6c,0x6f,0x61,0x74,0x26,0x20,0x68,
    0x61,0x72,0x64,0x50,0x69,0x78,0x2c,0x20,0x74,0x65,0x78,0x74,0x75,0x72,0x65,0x32,
    0x64,0x3c,0x66,0x6c,0x6f,0x61,0x74,0x3e,0x20,0x74,0x65,0x78,0x2c,0x20,0x73,0x61,
    0x6d,0x70,0x6c,0x65,0x72,0x20,0x73,0x6d,0x70,0x29,0x0a,0x7b,0x0a,0x20,0x20,0x20,
    0x20,0x66,0x6c,0x6f,0x61,0x74,0x32,0x20,0x70,0x61,0x72,0x61,0x6d,0x20,0x3d,0x20,
    0x70,0x6f,0x73,0x3b,0x0a,0x20,0x20,0x20,0x20,0x66,0x6c,0x6f,0x61,0x74,0x20,0x70,
    0x61,0x72,0x61,0x6d,0x5f,0x31,0x20,0x3d,0x20,0x2d,0x31,0x2e,0x30,0x3b,0x0a,0x20,
    0x20,0x20,0x20,0x66,0x6c,0x6f,0x61,0x74,0x32,0x20,0x70,0x61,0x72,0x61,0x6d,0x5f,
    0x32,0x20,0x3d,0x20,0x70,0x6f,0x73,0x3b,0x0a,0x20,0x20,0x20,0x20,0x66,0x6c,0x6f,
    0x61,0x74,0x20,0x70,0x61,0x72,0x61,0x6d,0x5f,0x33,0x20,0x3d,0x20,0x30,0x2e,0x30,
    0x3b,0x0a,0x20,0x20,0x20,0x20,0x66,0x6c,0x6f,0x61,0x74,0x32,0x20,0x70,0x61,0x72,
    0x61,0x6d,0x5f,0x34,0x20,0x3d,0x20,0x70,0x6f,0x73,0x3b,0x0a,0x20,0x20,0x20,0x20,
    0x66,0x6c,0x6f,0x61,0x74,0x20,0x70,0x61,0x72,0x61,0x6d,0x5f,0x35,0x20,0x3d,0x20,
    0x31,0x2e,0x30,0x3b,0x0a,0x20,0x20,0x20,0x20,0x66,0x6c,0x6f,0x61,0x74,0x32,0x20,
    0x70,0x61,0x72,0x61,0x6d,0x5f,0x36,0x20,0x3d,0x20,0x70,0x6f,0x73,0x3b,0x0a,0x20,
    0x20,0x20,0x20,0x66,0x6c,0x6f,0x61,0x74,0x20,0x70,0x61,0x72,0x61,0x6d,0x5f,0x37,
    0x20,0x3d,0x20,0x2d,0x31,0x2e,0x30,0x3b,0x0a,0x20,0x20,0x20,0x20,0x66,0x6c,0x6f,
    0x61,0x74,0x32,0x20,0x70,0x61,0x72,0x61,0x6d,0x5f,0x38,0x20,0x3d,0x20,0x70,0x6f,
    0x73,0x3b,0x0a,0x20,0x20,0x20,0x20,0x66,0x6c,0x6f,0x61,0x74,0x20,0x70,0x61,0x72,
    0x61,0x6d,0x5f,0x39,0x20,0x3d,0x20,0x30,0x2e,0x30,0x3b,0x0a,0x20,0x20,0x20,0x20,
    0x66,0x6c,0x6f,0x61,0x74,0x32,0x20,0x70,0x61,0x72,0x61,0x6d,0x5f,0x31,0x30,0x20,
    0x3d,0x20,0x70,0x6f,0x73,0x3b,0x0a,0x20,0x20,0x20,0x20,0x66,0x6c,0x6f,0x61,0x74,
    0x20,0x70,0x61,0x72,0x61,0x6d,0x5f,0x31,0x31,0x20,0x3d,0x20,0x31,0x2e,0x30,0x3b,
    0x0a,0x20,0x20,0x20,0x20,0x72,0x65,0x74,0x75,0x72,0x6e,0x20,0x28,0x28,0x48,0x6f,
    0x72,0x7a,0x33,0x28,0x70,0x61,0x72,0x61,0x6d,0x2c,0x20,0x70,0x61,0x72,0x61,0x6d,
    0x5f,0x31,0x2c,0x20,0x72,0x65,0x73,0x2c,0x20,0x68,0x61,0x72,0x64,0x50,0x69,0x78,
    0x2c,0x20,0x74,0x65,0x78,0x2c,0x20,0x73,0x6d,0x70,0x29,0x20,0x2a,0x20,0x53,0x63,
    0x61,0x6e,0x28,0x70,0x61,0x72,0x61,0x6d,0x5f,0x36,0x2c,0x20,0x70,0x61,0x72,0x61,
    0x6d,0x5f,0x37,0x2c,0x20,0x72,0x65,0x73,0x2c,0x20,0x68,0x61,0x72,0x64,0x53,0x63,
    0x61,0x6e,0x29,0x29,0x20,0x2b,0x20,0x28,0x48,0x6f,0x72,0x7a,0x35,0x28,0x70,0x61,
    0x72,0x61,0x6d,0x5f,0x32,0x2c,0x20,0x70,0x61,0x72,0x61,0x6d,0x5f,0x33,0x2c,0x20,
    0x72,0x65,0x73,0x2c,0x20,0x68,0x61,0x72,0x64,0x50,0x69,0x78,0x2c,0x20,0x74,0x65,
    0x78,0x2c,0x20,0x73,0x6d,0x70,0x29,0x20,0x2a,0x20,0x53,0x63,0x61,0x6e,0x28,0x70,
    0x61,0x72,0x61,0x6d,0x5f,0x38,0x2c,0x20,0x70,0x61,0x72,0x61,0x6d,0x5f,0x39,0x2c,
    0x20,0x72,0x65,0x73,0x2c,0x20,0x68,0x61,0x72,0x64,0x53,0x63,0x61,0x6e,0x29,0x29,
    0x29,0x20,0x2b,0x20,0x28,0x48,0x6f,0x72,0x7a,0x33,0x28,0x70,0x61,0x72,0x61,0x6d,
    0x5f,0x34,0x2c,0x20,0x70,0x61,0x72,0x61,0x6d,0x5f,0x35,0x2c,0x20,0x72,0x65,0x73,
    0x2c,0x20,0x68,0x61,0x72,0x64,0x50,0x69,0x78,0x2c,0x20,0x74,0x65,0x78,0x2c,0x20,
    0x73,0x6d,0x70,0x29,0x20,0x2a,0x20,0x53,0x63,0x61,0x6e,0x28,0x70,0x61,0x72,0x61,
    0x6d,0x5f,0x31,0x30,0x2c,0x20,0x70,0x61,0x72,0x61,0x6d,0x5f,0x31,0x31,0x2c,0x20,
    0x72,0x65,0x73,0x2c,0x20,0x68,0x61,0x72,0x64,0x53,0x63,0x61,0x6e,0x29,0x29,0x3b,
    0x0a,0x7d,0x0a,0x0a,0x73,0x74,0x61,0x74,0x69,0x63,0x20,0x69,0x6e,0x6c,0x69,0x6e,
    0x65,0x20,0x5f,0x5f,0x61,0x74,0x74,0x72,0x69,0x62,0x75,0x74,0x65,0x5f,0x5f,0x28,
    0x28,0x61,0x6c,0x77,0x61,0x79,0x73,0x5f,0x69,0x6e,0x6c,0x69,0x6e,0x65,0x29,0x29,
    0x0a,0x66,0x6c,0x6f,0x61,0x74,0x33,0x20,0x4d,0x61,0x73,0x6b,0x28,0x74,0x68,0x72,
    0x65,0x61,0x64,0x20,0x66,0x6c,0x6f,0x61,0x74,0x32,0x26,0x20,0x70,0x6f,0x73,0x2c,
    0x20,0x74,0x68,0x72,0x65,0x61,0x64,0x20,0x66,0x6c,0x6f,0x61,0x74,0x26,0x20,0x6d,
    0x61,0x73,0x6b,0x44,0x61,0x72,0x6b,0x2c,0x20,0x74,0x68,0x72,0x65,0x61,0x64,0x20,
    0x66,0x6c,0x6f,0x61,0x74,0x26,0x20,0x6d,0x61,0x73,0x6b,0x4c,0x69,0x67,0x68,0x74,
    0x29,0x0a,0x7b,0x0a,0x20,0x20,0x20,0x20,0x70,0x6f,0x73,0x2e,0x78,0x20,0x2b,0x3d,
    0x20,0x28,0x70,0x6f,0x73,0x2e,0x79,0x20,0x2a,0x20,0x33,0x2e,0x30,0x29,0x3b,0x0a,
    0x20,0x20,0x20,0x20,0x66,0x6c,0x6f,0x61,0x74,0x33,0x20,0x6d,0x61,0x73,0x6b,0x20,
    0x3d,0x20,0x66,0x6c,0x6f,0x61,0x74,0x33,0x28,0x6d,0x61,0x73,0x6b,0x44,0x61,0x72,
    0x6b,0x29,0x3b,0x0a,0x20,0x20,0x20,0x20,0x70,0x6f,0x73,0x2e,0x78,0x20,0x3d,0x20,
    0x66,0x72,0x61,0x63,0x74,0x28,0x70,0x6f,0x73,0x2e,0x78,0x20,0x2a,0x20,0x30,0x2e,
    0x31,0x36,0x36,0x36,0x36,0x36,0x36,0x37,0x31,0x36,0x33,0x33,0x37,0x32,0x30,0x33,
    0x39,0x37,0x39,0x34,0x39,0x32,0x31,0x38,0x37,0x35,0x29,0x3b,0x0a,0x20,0x20,0x20,
    0x20,0x69,0x66,0x20,0x28,0x70,0x6f,0x73,0x2e,0x78,0x20,0x3c,0x20,0x30,0x2e,0x33,
    0x33,0x33,0x30,0x30,0x30,0x30,0x30,0x34,0x32,0x39,0x31,0x35,0x33,0x34,0x34,0x32,
    0x33,0x38,0x32,0x38,0x31,0x32,0x35,0x29,0x0a,0x20,0x20,0x20,0x20,0x7b,0x0a,0x20,
    0x20,0x20,0x20,0x20,0x20,0x20,0x20,0x66,0x6c,0x6f,0x61,0x74,0x33,0x20,0x5f,0x35,
    0x35,0x30,0x20,0x3d,0x20,0x6d,0x61,0x73,0x6b,0x3b,0x0a,0x20,0x20,0x20,0x20,0x20,
    0x20,0x20,0x20,0x5f,0x35,0x35,0x30,0x2e,0x78,0x20,0x3d,0x20,0x6d,0x61,0x73,0x6b,
    0x4c,0x69,0x67,0x68,0x74,0x3b,0x0a,0x20,0x20,0x20,0x20,0x20,0x20,0x20,0x20,0x6d,
    0x61,0x73,0x6b,0x20,0x3d,0x20,0x5f,0x35,0x35,0x30,0x3b,0x0a,0x20,0x20,0x20,0x20,
    0x7d,0x0a,0x20,0x20,0x20,0x20,0x65,0x6c,0x73,0x65,0x0a,0x20,0x20,0x20,0x20,0x7b,
    0x0a,0x20,0x20,0x20,0x20,0x20,0x20,0x20,0x20,0x69,0x66,0x20,0x28,0x70,0x6f,0x73,
    0x2e,0x78,0x20,0x3c,0x20,0x30,0x2e,0x36,0x36,0x36,0x30,0x30,0x30,0x30,0x30,0x38,
    0x35,0x38,0x33,0x30,0x36,0x38,0x38,0x34,0x37,0x36,0x35,0x36,0x32,0x35,0x29,0x0a,
    0x20,0x20,0x20,0x20,0x20,0x20,0x20,0x20,0x7b,0x0a,0x20,0x20,0x20,0x20,0x20,0x20,
    0x20,0x20,0x20,0x20,0x20,0x20,0x66,0x6c,0x6f,0x61,0x74,0x33,0x20,0x5f,0x35,0x35,
    0x32,0x20,0x3d,0x20,0x6d,0x61,0x73,0x6b,0x3b,0x0a,0x20,0x20,0x20,0x20,0x20,0x20,
    0x20,0x20,0x20,0x20,0x20,0x20,0x5f,0x35,0x35,0x32,0x2e,0x79,0x20,0x3d,0x20,0x6d,
    0x61,0x73,0x6b,0x4c,0x69,0x67,0x68,0x74,0x3b,0x0a,0x20,0x20,0x20,0x20,0x20,0x20,
    0x20,0x20,0x20,0x20,0x20,0x20,0x6d,0x61,0x73,0x6b,0x20,0x3d,0x20,0x5f,0x35,0x35,
    0x32,0x3b,0x0a,0x20,0x20,0x20,0x20,0x20,0x20,0x20,0x20,0x7d,0x0a,0x20,0x20,0x20,
    0x20,0x20,0x20,0x20,0x20,0x65,0x6c,0x73,0x65,0x0a,0x20,0x20,0x20,0x20,0x20,0x20,
    0x20,0x20,0x7b,0x0a,0x20,0x20,0x20,0x20,0x20,0x20,0x20,0x20,0x20,0x20,0x20,0x20,
    0x66,0x6c,0x6f,0x61,0x74,0x33,0x20,0x5f,0x35,0x35,0x34,0x20,0x3d,0x20,0x6d,0x61,
    0x73,0x6b,0x3b,0x0a,0x20,0x20,0x20,0x20,0x20,0x20,0x20,0x20,0x20,0x20,0x20,0x20,
    0x5f,0x35,0x35,0x34,0x2e,0x7a,0x20,0x3d,0x20,0x6d,0x61,0x73,0x6b,0x4c,0x69,0x67,
    0x68,0x74,0x3b,0x0a,0x20,0x20,0x20,0x20,0x20,0x20,0x20,0x20,0x20,0x20,0x20,0x20,
    0x6d,0x61,0x73,0x6b,0x20,0x3d,0x20,0x5f,0x35,0x35,0x34,0x3b,0x0a,0x20,0x20,0x20,
    0x20,0x20,0x20,0x20,0x20,0x7d,0x0a,0x20,0x20,0x20,0x20,0x7d,0x0a,0x20,0x20,0x20,
    0x20,0x72,0x65,0x74,0x75,0x72,0x6e,0x20,0x6d,0x61,0x73,0x6b,0x3b,0x0a,0x7d,0x0a,
    0x0a,0x73,0x74,0x61,0x74,0x69,0x63,0x20,0x69,0x6e,0x6c,0x69,0x6e,0x65,0x20,0x5f,
    0x5f,0x61,0x74,0x74,0x72,0x69,0x62,0x75,0x74,0x65,0x5f,0x5f,0x28,0x28,0x61,0x6c,
    0x77,0x61,0x79,0x73,0x5f,0x69,0x6e,0x6c,0x69,0x6e,0x65,0x29,0x29,0x0a,0x66,0x6c,
    0x6f,0x61,0x74,0x20,0x54,0x6f,0x53,0x72,0x67,0x62,0x31,0x28,0x74,0x68,0x72,0x65,
    0x61,0x64,0x20,0x63,0x6f,0x6e,0x73,0x74,0x20,0x66,0x6c,0x6f,0x61,0x74,0x26,0x20,
    0x63,0x29,0x0a,0x7b,0x0a,0x20,0x20,0x20,0x20,0x66,0x6c,0x6f,0x61,0x74,0x20,0x5f,
    0x31,0x32,0x35,0x3b,0x0a,0x20,0x20,0x20,0x20,0x69,0x66,0x20,0x28,0x63,0x20,0x3c,
    0x20,0x30,0x2e,0x30,0x30,0x33,0x31,0x33,0x30,0x38,0x30,0x30,0x30,0x39,0x30,0x37,
    0x33,0x30,0x31,0x39,0x30,0x32,0x37,0x37,0x30,0x39,0x39,0x36,0x30,0x39,0x33,0x37,
    0x35,0x29,0x0a,0x20,0x20,0x20,0x20,0x7b,0x0a,0x20,0x20,0x20,0x20,0x20,0x20,0x20,
    0x20,0x5f,0x31,0x32,0x35,0x20,0x3d,0x20,0x63,0x20,0x2a,0x20,0x31,0x32,0x2e,0x39,
    0x32,0x30,0x30,0x30,0x30,0x30,0x37,0x36,0x32,0x39,0x33,0x39,0x34,0x35,0x33,0x31,
    0x32,0x35,0x3b,0x0a,0x20,0x20,0x20,0x20,0x7d,0x0a,0x20,0x20,0x20,0x20,0x65,0x6c,
    0x73,0x65,0x0a,0x20,0x20,0x20,0x20,0x7b,0x0a,0x20,0x20,0x20,0x20,0x20,0x20,0x20,
    0x20,0x5f,0x31,0x32,0x35,0x20,0x3d,0x20,0x28,0x31,0x2e,0x30,0x35,0x34,0x39,0x39,
    0x39,0x39,0x34,0x37,0x35,0x34,0x37,0x39,0x31,0x32,0x35,0x39,0x37,0x36,0x35,0x36,
    0x32,0x35,0x20,0x2a,0x20,0x70,0x6f,0x77,0x72,0x28,0x63,0x2c,0x20,0x30,0x2e,0x34,
    0x31,0x36,0x36,0x36,0x30,0x30,0x31,0x30,0x38,0x31,0x34,0x36,0x36,0x36,0x37,0x34,
    0x38,0x30,0x34,0x36,0x38,0x37,0x35,0x29,0x29,0x20,0x2d,0x20,0x30,0x2e,0x30,0x35,
    0x34,0x39,0x39,0x39,0x39,0x39,0x39,0x37,0x30,0x31,0x39,0x37,0x36,0x37,0x37,0x36,
    0x31,0x32,0x33,0x30,0x34,0x36,0x38,0x37,0x35,0x3b,0x0a,0x20,0x20,0x20,0x20,0x7d,
    0x0a,0x20,0x20,0x20,0x20,0x72,0x65,0x74,0x75,0x72,0x6e,0x20,0x5f,0x31,0x32,0x35,
    0x3b,0x0a,0x7d,0x0a,0x0a,0x73,0x74,0x61,0x74,0x69,0x63,0x20,0x69,0x6e,0x6c,0x69,
    0x6e,0x65,0x20,0x5f,0x5f,0x61,0x74,0x74,0x72,0x69,0x62,0x75,0x74,0x65,0x5f,0x5f,
    0x28,0x28,0x61,0x6c,0x77,0x61,0x79,0x73,0x5f,0x69,0x6e,0x6c,0x69,0x6e,0x65,0x29,
    0x29,0x0a,0x66,0x6c,0x6f,0x61,0x74,0x33,0x20,0x54,0x6f,0x53,0x72,0x67,0x62,0x28,
    0x74,0x68,0x72,0x65,0x61,0x64,0x20,0x63,0x6f,0x6e,0x73,0x74,0x20,0x66,0x6c,0x6f,
    0x61,0x74,0x33,0x26,0x20,0x63,0x29,0x0a,0x7b,0x0a,0x20,0x20,0x20,0x20,0x66,0x6c,
    0x6f,0x61,0x74,0x20,0x70,0x61,0x72,0x61,0x6d,0x20,0x3d,0x20,0x63,0x2e,0x78,0x3b,
    0x0a,0x20,0x20,0x20,0x20,0x66,0x6c,0x6f,0x61,0x74,0x20,0x70,0x61,0x72,0x61,0x6d,
    0x5f,0x31,0x20,0x3d,0x20,0x63,0x2e,0x79,0x3b,0x0a,0x20,0x20,0x20,0x20,0x66,0x6c,
    0x6f,0x61,0x74,0x20,0x70,0x61,0x72,0x61,0x6d,0x5f,0x32,0x20,0x3d,0x20,0x63,0x2e,
    0x7a,0x3b,0x0a,0x20,0x20,0x20,0x20,0x72,0x65,0x74,0x75,0x72,0x6e,0x20,0x66,0x6c,
    0x6f,0x61,0x74,0x33,0x28,0x54,0x6f,0x53,0x72,0x67,0x62,0x31,0x28,0x70,0x61,0x72,
    0x61,0x6d,0x29,0x2c,0x20,0x54,0x6f,0x53,0x72,0x67,0x62,0x31,0x28,0x70,0x61,0x72,
    0x61,0x6d,0x5f,0x31,0x29,0x2c,0x20,0x54,0x6f,0x53,0x72,0x67,0x62,0x31,0x28,0x70,
    0x61,0x72,0x61,0x6d,0x5f,0x32,0x29,0x29,0x3b,0x0a,0x7d,0x0a,0x0a,0x66,0x72,0x61,
    0x67,0x6d,0x65,0x6e,0x74,0x20,0x6d,0x61,0x69,0x6e,0x30,0x5f,0x6f,0x75,0x74,0x20,
    0x6d,0x61,0x69,0x6e,0x30,0x28,0x6d,0x61,0x69,0x6e,0x30,0x5f,0x69,0x6e,0x20,0x69,
    0x6e,0x20,0x5b,0x5b,0x73,0x74,0x61,0x67,0x65,0x5f,0x69,0x6e,0x5d,0x5d,0x2c,0x20,
    0x74,0x65,0x78,0x74,0x75,0x72,0x65,0x32,0x64,0x3c,0x66,0x6c,0x6f,0x61,0x74,0x3e,
    0x20,0x74,0x65,0x78,0x20,0x5b,0x5b,0x74,0x65,0x78,0x74,0x75,0x72,0x65,0x28,0x30,
    0x29,0x5d,0x5d,0x2c,0x20,0x73,0x61,0x6d,0x70,0x6c,0x65,0x72,0x20,0x73,0x6d,0x70,
    0x20,0x5b,0x5b,0x73,0x61,0x6d,0x70,0x6c,0x65,0x72,0x28,0x30,0x29,0x5d,0x5d,0x2c,
    0x20,0x66,0x6c,0x6f,0x61,0x74,0x34,0x20,0x67,0x6c,0x5f,0x46,0x72,0x61,0x67,0x43,
    0x6f,0x6f,0x72,0x64,0x20,0x5b,0x5b,0x70,0x6f,0x73,0x69,0x74,0x69,0x6f,0x6e,0x5d,
    0x5d,0x29,0x0a,0x7b,0x0a,0x20,0x20,0x20,0x20,0x6d,0x61,0x69,0x6e,0x30,0x5f,0x6f,
    0x75,0x74,0x20,0x6f,0x75,0x74,0x20,0x3d,0x20,0x7b,0x7d,0x3b,0x0a,0x20,0x20,0x20,
    0x20,0x66,0x6c,0x6f,0x61,0x74,0x32,0x20,0x72,0x65,0x73,0x20,0x3d,0x20,0x66,0x6c,
    0x6f,0x61,0x74,0x32,0x28,0x32,0x35,0x36,0x2e,0x30,0x2c,0x20,0x31,0x34,0x34,0x2e,
    0x30,0x29,0x3b,0x0a,0x20,0x20,0x20,0x20,0x66,0x6c,0x6f,0x61,0x74,0x20,0x68,0x61,
    0x72,0x64,0x53,0x63,0x61,0x6e,0x20,0x3d,0x20,0x2d,0x38,0x2e,0x30,0x3b,0x0a,0x20,
    0x20,0x20,0x20,0x66,0x6c,0x6f,0x61,0x74,0x20,0x68,0x61,0x72,0x64,0x50,0x69,0x78,
    0x20,0x3d,0x20,0x2d,0x33,0x2e,0x30,0x3b,0x0a,0x20,0x20,0x20,0x20,0x66,0x6c,0x6f,
    0x61,0x74,0x32,0x20,0x77,0x61,0x72,0x70,0x20,0x3d,0x20,0x66,0x6c,0x6f,0x61,0x74,
    0x32,0x28,0x30,0x2e,0x30,0x31,0x35,0x36,0x32,0x35,0x2c,0x20,0x30,0x2e,0x30,0x32,
    0x30,0x38,0x33,0x33,0x33,0x33,0x33,0x39,0x35,0x34,0x32,0x31,0x35,0x30,0x34,0x39,
    0x37,0x34,0x33,0x36,0x35,0x32,0x33,0x34,0x33,0x37,0x35,0x29,0x3b,0x0a,0x20,0x20,
    0x20,0x20,0x66,0x6c,0x6f,0x61,0x74,0x20,0x6d,0x61,0x73,0x6b,0x44,0x61,0x72,0x6b,
    0x20,0x3d,0x20,0x30,0x2e,0x35,0x3b,0x0a,0x20,0x20,0x20,0x20,0x66,0x6c,0x6f,0x61,
    0x74,0x20,0x6d,0x61,0x73,0x6b,0x4c,0x69,0x67,0x68,0x74,0x20,0x3d,0x20,0x31,0x2e,
    0x35,0x3b,0x0a,0x20,0x20,0x20,0x20,0x68,0x61,0x72,0x64,0x53,0x63,0x61,0x6e,0x20,
    0x3d,0x20,0x2d,0x31,0x32,0x2e,0x30,0x3b,0x0a,0x20,0x20,0x20,0x20,0x66,0x6c,0x6f,
    0x61,0x74,0x32,0x20,0x70,0x61,0x72,0x61,0x6d,0x20,0x3d,0x20,0x69,0x6e,0x2e,0x70,
    0x6f,0x73,0x5f,0x6f,0x75,0x74,0x3b,0x0a,0x20,0x20,0x20,0x20,0x66,0x6c,0x6f,0x61,
    0x74,0x32,0x20,0x5f,0x35,0x33,0x34,0x20,0x3d,0x20,0x57,0x61,0x72,0x70,0x28,0x70,
    0x61,0x72,0x61,0x6d,0x2c,0x20,0x77,0x61,0x72,0x70,0x29,0x3b,0x0a,0x20,0x20,0x20,
    0x20,0x66,0x6c,0x6f,0x61,0x74,0x32,0x20,0x70,0x61,0x72,0x61,0x6d,0x5f,0x31,0x20,
    0x3d,0x20,0x5f,0x35,0x33,0x34,0x3b,0x0a,0x20,0x20,0x20,0x20,0x66,0x6c,0x6f,0x61,
    0x74,0x32,0x20,0x70,0x61,0x72,0x61,0x6d,0x5f,0x32,0x20,0x3d,0x20,0x66,0x6c,0x6f,
    0x61,0x74,0x32,0x28,0x67,0x6c,0x5f,0x46,0x72,0x61,0x67,0x43,0x6f,0x6f,0x72,0x64,
    0x2e,0x78,0x2c,0x20,0x61,0x62,0x73,0x28,0x69,0x6e,0x2e,0x79,0x5f,0x6f,0x72,0x69,
    0x67,0x69,0x6e,0x5f,0x6f,0x75,0x74,0x20,0x2d,0x20,0x67,0x6c,0x5f,0x46,0x72,0x61,
    0x67,0x43,0x6f,0x6f,0x72,0x64,0x2e,0x79,0x29,0x29,0x3b,0x0a,0x20,0x20,0x20,0x20,
    0x66,0x6c,0x6f,0x61,0x74,0x33,0x20,0x5f,0x35,0x33,0x39,0x20,0x3d,0x20,0x4d,0x61,
    0x73,0x6b,0x28,0x70,0x61,0x72,0x61,0x6d,0x5f,0x32,0x2c,0x20,0x6d,0x61,0x73,0x6b,
    0x44,0x61,0x72,0x6b,0x2c,0x20,0x6d,0x61,0x73,0x6b,0x4c,0x69,0x67,0x68,0x74,0x29,
    0x3b,0x0a,0x20,0x20,0x20,0x20,0x66,0x6c,0x6f,0x61,0x74,0x33,0x20,0x70,0x61,0x72,
    0x61,0x6d,0x5f,0x33,0x20,0x3d,0x20,0x54,0x72,0x69,0x28,0x70,0x61,0x72,0x61,0x6d,
    0x5f,0x31,0x2c,0x20,0x72,0x65,0x73,0x2c,0x20,0x68,0x61,0x72,0x64,0x53,0x63,0x61,
    0x6e,0x2c,0x20,0x68,0x61,0x72,0x64,0x50,0x69,0x78,0x2c,0x20,0x74,0x65,0x78,0x2c,
    0x20,0x73,0x6d,0x70,0x29,0x20,0x2a,0x20,0x5f,0x35,0x33,0x39,0x3b,0x0a,0x20,0x20,
    0x20,0x20,0x6f,0x75,0x74,0x2e,0x66,0x72,0x61,0x67,0x5f,0x63,0x6f,0x6c,0x6f,0x72,
    0x20,0x3d,0x20,0x66,0x6c,0x6f,0x61,0x74,0x34,0x28,0x54,0x6f,0x53,0x72,0x67,0x62,
    0x28,0x70,0x61,0x72,0x61,0x6d,0x5f,0x33,0x29,0x2c,0x20,0x31,0x2e,0x30,0x29,0x3b,
    0x0a,0x20,0x20,0x20,0x20,0x72,0x65,0x74,0x75,0x72,0x6e,0x20,0x6f,0x75,0x74,0x3b,
    0x0a,0x7d,0x0a,0x0a,0x00,
};
#endif
/*
    diagnostic(off, derivative_uniformity);

    struct crt_params {
      /_ @offset(0) _/
      rect_pos : vec2f,
      /_ @offset(8) _/
      rect_size : vec2f,
      /_ @offset(16) _/
      resolution : vec2f,
      /_ @offset(24) _/
      y_origin : f32,
    }

    @binding(0) @group(0) var<uniform> x_12 : crt_params;

    var<private> pos : vec2f;

    var<private> pos_out : vec2f;

    var<private> y_origin_out : f32;

    var<private> gl_Position : vec4f;

    fn main_1() {
      let x_20 = pos;
      let x_36 = ((((x_12.rect_pos + (pos * x_12.rect_size)) / x_12.resolution) * 2.0f) - vec2f(1.0f));
      gl_Position = vec4f(x_36.x, -(x_36.y), 0.0f, 1.0f);
      pos_out = x_20;
      y_origin_out = x_12.y_origin;
      return;
    }

    struct main_out {
      @builtin(position)
      gl_Position : vec4f,
      @location(0)
      pos_out_1 : vec2f,
      @location(1)
      y_origin_out_1 : f32,
    }

    @vertex
    fn main(@location(0) pos_param : vec2f) -> main_out {
      pos = pos_param;
      main_1();
      return main_out(gl_Position, pos_out, y_origin_out);
    }
*/
#if defined(SOKOL_WGPU)
static const uint8_t crt_vs_source_wgsl[945] = {
    0x64,0x69,0x61,0x67,0x6e,0x6f,0x73,0x74,0x69,0x63,0x28,0x6f,0x66,0x66,0x2c,0x20,
    0x64,0x65,0x72,0x69,0x76,0x61,0x74,0x69,0x76,0x65,0x5f,0x75,0x6e,0x69,0x66,0x6f,
    0x72,0x6d,0x69,0x74,0x79,0x29,0x3b,0x0a,0x0a,0x73,0x74,0x72,0x75,0x63,0x74,0x20,
    0x63,0x72,0x74,0x5f,0x70,0x61,0x72,0x61,0x6d,0x73,0x20,0x7b,0x0a,0x20,0x20,0x2f,
    0x2a,0x20,0x40,0x6f,0x66,0x66,0x73,0x65,0x74,0x28,0x30,0x29,0x20,0x2a,0x2f,0x0a,
    0x20,0x20,0x72,0x65,0x63,0x74,0x5f,0x70,0x6f,0x73,0x20,0x3a,0x20,0x76,0x65,0x63,
    0x32,0x66,0x2c,0x0a,0x20,0x20,0x2f,0x2a,0x20,0x40,0x6f,0x66,0x66,0x73,0x65,0x74,
    0x28,0x38,0x29,0x20,0x2a,0x2f,0x0a,0x20,0x20,0x72,0x65,0x63,0x74,0x5f,0x73,0x69,
    0x7a,0x65,0x20,0x3a,0x20,0x76,0x65,0x63,0x32,0x66,0x2c,0x0a,0x20,0x20,0x2f,0x2a,
    0x20,0x40,0x6f,0x66,0x66,0x73,0x65,0x74,0x28,0x31,0x36,0x29,0x20,0x2a,0x2f,0x0a,
    0x20,0x20,0x72,0x65,0x73,0x6f,0x6c,0x75,0x74,0x69,0x6f,0x6e,0x20,0x3a,0x20,0x76,
    0x65,0x63,0x32,0x66,0x2c,0x0a,0x20,0x20,0x2f,0x2a,0x20,0x40,0x6f,0x66,0x66,0x73,
    0x65,0x74,0x28,0x32,0x34,0x29,0x20,0x2a,0x2f,0x0a,0x20,0x20,0x79,0x5f,0x6f,0x72,
    0x69,0x67,0x69,0x6e,0x20,0x3a,0x20,0x66,0x33,0x32,0x2c,0x0a,0x7d,0x0a,0x0a,0x40,
    0x62,0x69,0x6e,0x64,0x69,0x6e,0x67,0x28,0x30,0x29,0x20,0x40,0x67,0x72,0x6f,0x75,
    0x70,0x28,0x30,0x29,0x20,0x76,0x61,0x72,0x3c,0x75,0x6e,0x69,0x66,0x6f,0x72,0x6d,
    0x3e,0x20,0x78,0x5f,0x31,0x32,0x20,0x3a,0x20,0x63,0x72,0x74,0x5f,0x70,0x61,0x72,
    0x61,0x6d,0x73,0x3b,0x0a,0x0a,0x76,0x61,0x72,0x3c,0x70,0x72,0x69,0x76,0x61,0x74,
    0x65,0x3e,0x20,0x70,0x6f,0x73,0x20,0x3a,0x20,0x76,0x65,0x63,0x32,0x66,0x3b,0x0a,
    0x0a,0x76,0x61,0x72,0x3c,0x70,0x72,0x69,0x76,0x61,0x74,0x65,0x3e,0x20,0x70,0x6f,
    0x73,0x5f,0x6f,0x75,0x74,0x20,0x3a,0x20,0x76,0x65,0x63,0x32,0x66,0x3b,0x0a,0x0a,
    0x76,0x61,0x72,0x3c,0x70,0x72,0x69,0x76,0x61,0x74,0x65,0x3e,0x20,0x79,0x5f,0x6f,
    0x72,0x69,0x67,0x69,0x6e,0x5f,0x6f,0x75,0x74,0x20,0x3a,0x20,0x66,0x33,0x32,0x3b,
    0x0a,0x0a,0x76,0x61,0x72,0x3c,0x70,0x72,0x69,0x76,0x61,0x74,0x65,0x3e,0x20,0x67,
    0x6c,0x5f,0x50,0x6f,0x73,0x69,0x74,0x69,0x6f,0x6e,0x20,0x3a,0x20,0x76,0x65,0x63,
    0x34,0x66,0x3b,0x0a,0x0a,0x66,0x6e,0x20,0x6d,0x61,0x69,0x6e,0x5f,0x31,0x28,0x29,
    0x20,0x7b,0x0a,0x20,0x20,0x6c,0x65,0x74,0x20,0x78,0x5f,0x32,0x30,0x20,0x3d,0x20,
    0x70,0x6f,0x73,0x3b,0x0a,0x20,0x20,0x6c,0x65,0x74,0x20,0x78,0x5f,0x33,0x36,0x20,
    0x3d,0x20,0x28,0x28,0x28,0x28,0x78,0x5f,0x31,0x32,0x2e,0x72,0x65,0x63,0x74,0x5f,
    0x70,0x6f,0x73,0x20,0x2b,0x20,0x28,0x70,0x6f,0x73,0x20,0x2a,0x20,0x78,0x5f,0x31,
    0x32,0x2e,0x72,0x65,0x63,0x74,0x5f,0x73,0x69,0x7a,0x65,0x29,0x29,0x20,0x2f,0x20,
    0x78,0x5f,0x31,0x32,0x2e,0x72,0x65,0x73,0x6f,0x6c,0x75,0x74,0x69,0x6f,0x6e,0x29,
    0x20,0x2a,0x20,0x32,0x2e,0x30,0x66,0x29,0x20,0x2d,0x20,0x76,0x65,0x63,0x32,0x66,
    0x28,0x31,0x2e,0x30,0x66,0x29,0x29,0x3b,0x0a,0x20,0x20,0x67,0x6c,0x5f,0x50,0x6f,
    0x73,0x69,0x74,0x69,0x6f,0x6e,0x20,0x3d,0x20,0x76,0x65,0x63,0x34,0x66,0x28,0x78,
    0x5f,0x33,0x36,0x2e,0x78,0x2c,0x20,0x2d,0x28,0x78,0x5f,0x33,0x36,0x2e,0x79,0x29,
    0x2c,0x20,0x30,0x2e,0x30,0x66,0x2c,0x20,0x31,0x2e,0x30,0x66,0x29,0x3b,0x0a,0x20,
    0x20,0x70,0x6f,0x73,0x5f,0x6f,0x75,0x74,0x20,0x3d,0x20,0x78,0x5f,0x32,0x30,0x3b,
    0x0a,0x20,0x20,0x79,0x5f,0x6f,0x72,0x69,0x67,0x69,0x6e,0x5f,0x6f,0x75,0x74,0x20,
    0x3d,0x20,0x78,0x5f,0x31,0x32,0x2e,0x79,0x5f,0x6f,0x72,0x69,0x67,0x69,0x6e,0x3b,
    0x0a,0x20,0x20,0x72,0x65,0x74,0x75,0x72,0x6e,0x3b,0x0a,0x7d,0x0a,0x0a,0x73,0x74,
    0x72,0x75,0x63,0x74,0x20,0x6d,0x61,0x69,0x6e,0x5f,0x6f,0x75,0x74,0x20,0x7b,0x0a,
    0x20,0x20,0x40,0x62,0x75,0x69,0x6c,0x74,0x69,0x6e,0x28,0x70,0x6f,0x73,0x69,0x74,
    0x69,0x6f,0x6e,0x29,0x0a,0x20,0x20,0x67,0x6c,0x5f,0x50,0x6f,0x73,0x69,0x74,0x69,
    0x6f,0x6e,0x20,0x3a,0x20,0x76,0x65,0x63,0x34,0x66,0x2c,0x0a,0x20,0x20,0x40,0x6c,
    0x6f,0x63,0x61,0x74,0x69,0x6f,0x6e,0x28,0x30,0x29,0x0a,0x20,0x20,0x70,0x6f,0x73,
    0x5f,0x6f,0x75,0x74,0x5f,0x31,0x20,0x3a,0x20,0x76,0x65,0x63,0x32,0x66,0x2c,0x0a,
    0x20,0x20,0x40,0x6c,0x6f,0x63,0x61,0x74,0x69,0x6f,0x6e,0x28,0x31,0x29,0x0a,0x20,
    0x20,0x79,0x5f,0x6f,0x72,0x69,0x67,0x69,0x6e,0x5f,0x6f,0x75,0x74,0x5f,0x31,0x20,
    0x3a,0x20,0x66,0x33,0x32,0x2c,0x0a,0x7d,0x0a,0x0a,0x40,0x76,0x65,0x72,0x74,0x65,
    0x78,0x0a,0x66,0x6e,0x20,0x6d,0x61,0x69,0x6e,0x28,0x40,0x6c,0x6f,0x63,0x61,0x74,
    0x69,0x6f,0x6e,0x28,0x30,0x29,0x20,0x70,0x6f,0x73,0x5f,0x70,0x61,0x72,0x61,0x6d,
    0x20,0x3a,0x20,0x76,0x65,0x63,0x32,0x66,0x29,0x20,0x2d,0x3e,0x20,0x6d,0x61,0x69,
    0x6e,0x5f,0x6f,0x75,0x74,0x20,0x7b,0x0a,0x20,0x20,0x70,0x6f,0x73,0x20,0x3d,0x20,
    0x70,0x6f,0x73,0x5f,0x70,0x61,0x72,0x61,0x6d,0x3b,0x0a,0x20,0x20,0x6d,0x61,0x69,
    0x6e,0x5f,0x31,0x28,0x29,0x3b,0x0a,0x20,0x20,0x72,0x65,0x74,0x75,0x72,0x6e,0x20,
    0x6d,0x61,0x69,0x6e,0x5f,0x6f,0x75,0x74,0x28,0x67,0x6c,0x5f,0x50,0x6f,0x73,0x69,
    0x74,0x69,0x6f,0x6e,0x2c,0x20,0x70,0x6f,0x73,0x5f,0x6f,0x75,0x74,0x2c,0x20,0x79,
    0x5f,0x6f,0x72,0x69,0x67,0x69,0x6e,0x5f,0x6f,0x75,0x74,0x29,0x3b,0x0a,0x7d,0x0a,
    0x00,
};
#endif
/*
    diagnostic(off, derivative_uniformity);

    var<private> res : vec2f;

    var<private> hardScan : f32;

    var<private> hardPix : f32;

    var<private> warp : vec2f;

    var<private> maskDark : f32;

    var<private> maskLight : f32;

    @binding(0) @group(1) var tex : texture_2d<f32>;

    @binding(32) @group(1) var smp : sampler;

    var<private> gl_FragCoord : vec4f;

    var<private> y_origin_out : f32;

    var<private> pos_out : vec2f;

    var<private> frag_color : vec4f;

    const x_160 = vec2f(0.5f);

    fn Warp_vf2_(pos_7 : ptr<function, vec2f>) -> vec2f {
      *(pos_7) = ((*(pos_7) * 2.0f) - vec2f(1.0f));
      *(pos_7) = (*(pos_7) * vec2f((1.0f + (((*(pos_7)).y * (*(pos_7)).y) * warp.x)), (1.0f + (((*(pos_7)).x * (*(pos_7)).x) * warp.y))));
      let x_469 = *(pos_7);
      return ((x_469 * 0.5f) + x_160);
    }

    fn ToLinear1_f1_(c : ptr<function, f32>) -> f32 {
      var x_86 : f32;
      if ((*(c) <= 0.04044999927282333374f)) {
        x_86 = (*(c) * 0.07739938050508499146f);
      } else {
        x_86 = pow(((*(c) + 0.05499999970197677612f) * 0.94786733388900756836f), 2.40000009536743164062f);
      }
      let x_100 = x_86;
      return x_100;
    }

    fn ToLinear_vf3_(c_1 : ptr<function, vec3f>) -> vec3f {
      var param : f32;
      var param_1 : f32;
      var param_2 : f32;
      param = (*(c_1)).x;
      let x_108 = ToLinear1_f1_(&(param));
      param_1 = (*(c_1)).y;
      let x_113 = ToLinear1_f1_(&(param_1));
      param_2 = (*(c_1)).z;
      let x_118 = ToLinear1_f1_(&(param_2));
      return vec3f(x_108, x_113, x_118);
    }

    fn Fetch_vf2_vf2_(pos : ptr<function, vec2f>, off : ptr<function, vec2f>) -> vec3f {
      var param_6 : vec3f;
      *(pos) = ((floor(((*(pos) * res) + *(off))) + x_160) / res);
      let x_175 = *(pos);
      let x_178 = textureSampleBias(tex, smp, x_175, -16.0f);
      param_6 = (x_178.xyz * 1.20000004768371582031f);
      let x_182 = ToLinear_vf3_(&(param_6));
      return x_182;
    }

    fn Dist_vf2_(pos_1 : ptr<function, vec2f>) -> vec2f {
      *(pos_1) = (*(pos_1) * res);
      let x_188 = *(pos_1);
      let x_189 = *(pos_1);
      return (x_160 - (x_188 - floor(x_189)));
    }

    fn Gaus_f1_f1_(pos_2 : ptr<function, f32>, scale : ptr<function, f32>) -> f32 {
      let x_196 = *(scale);
      let x_197 = *(pos_2);
      let x_199 = *(pos_2);
      return exp2(((x_196 * x_197) * x_199));
    }

    fn Horz3_vf2_f1_(pos_3 : ptr<function, vec2f>, off_1 : ptr<function, f32>) -> vec3f {
      var param_7 : vec2f;
      var param_8 : vec2f;
      var param_9 : vec2f;
      var param_10 : vec2f;
      var param_11 : vec2f;
      var param_12 : vec2f;
      var param_13 : vec2f;
      var param_14 : f32;
      var param_15 : f32;
      var param_16 : f32;
      var param_17 : f32;
      var param_18 : f32;
      var param_19 : f32;
      let x_206 = *(off_1);
      param_7 = *(pos_3);
      param_8 = vec2f(-1.0f, x_206);
      let x_211 = Fetch_vf2_vf2_(&(param_7), &(param_8));
      let x_214 = *(off_1);
      param_9 = *(pos_3);
      param_10 = vec2f(0.0f, x_214);
      let x_219 = Fetch_vf2_vf2_(&(param_9), &(param_10));
      let x_222 = *(off_1);
      param_11 = *(pos_3);
      param_12 = vec2f(1.0f, x_222);
      let x_227 = Fetch_vf2_vf2_(&(param_11), &(param_12));
      param_13 = *(pos_3);
      let x_231 = Dist_vf2_(&(param_13));
      let x_232 = x_231.x;
      let x_234 = hardPix;
      param_14 = (x_232 - 1.0f);
      param_15 = x_234;
      let x_241 = Gaus_f1_f1_(&(param_14), &(param_15));
      param_16 = x_232;
      param_17 = x_234;
      let x_248 = Gaus_f1_f1_(&(param_16), &(param_17));
      param_18 = (x_232 + 1.0f);
      param_19 = x_234;
      let x_255 = Gaus_f1_f1_(&(param_18), &(param_19));
      let x_271 = ((x_241 + x_248) + x_255);
      return ((((x_211 * x_241) + (x_219 * x_248)) + (x_227 * x_255)) / vec3f(x_271));
    }

    fn Horz5_vf2_f1_(pos_4 : ptr<function, vec2f>, off_2 : ptr<function, f32>) -> vec3f {
      var param_20 : vec2f;
      var param_21 : vec2f;
      var param_22 : vec2f;
      var param_23 : vec2f;
      var param_24 : vec2f;
      var param_25 : vec2f;
      var param_26 : vec2f;
      var param_27 : vec2f;
      var param_28 : vec2f;
      var param_29 : vec2f;
      var param_30 : vec2f;
      var param_31 : f32;
      var param_32 : f32;
      var param_33 : f32;
      var param_34 : f32;
      var param_35 : f32;
      var param_36 : f32;
      var param_37 : f32;
      var param_38 : f32;
      var param_39 : f32;
      var param_40 : f32;
      let x_278 = *(off_2);
      param_20 = *(pos_4);
      param_21 = vec2f(-2.0f, x_278);
      let x_283 = Fetch_vf2_vf2_(&(param_20), &(param_21));
      let x_285 = *(off_2);
      param_22 = *(pos_4);
      param_23 = vec2f(-1.0f, x_285);
      let x_290 = Fetch_vf2_vf2_(&(param_22), &(param_23));
      let x_292 = *(off_2);
      param_24 = *(pos_4);
      param_25 = vec2f(0.0f, x_292);
      let x_297 = Fetch_vf2_vf2_(&(param_24), &(param_25));
      let x_299 = *(off_2);
      param_26 = *(pos_4);
      param_27 = vec2f(1.0f, x_299);
      let x_304 = Fetch_vf2_vf2_(&(param_26), &(param_27));
      let x_307 = *(off_2);
      param_28 = *(pos_4);
      param_29 = vec2f(2.0f, x_307);
      let x_312 = Fetch_vf2_vf2_(&(param_28), &(param_29));
      param_30 = *(pos_4);
      let x_316 = Dist_vf2_(&(param_30));
      let x_317 = x_316.x;
      let x_319 = hardPix;
      param_31 = (x_317 - 2.0f);
      param_32 = x_319;
      let x_326 = Gaus_f1_f1_(&(param_31), &(param_32));
      param_33 = (x_317 - 1.0f);
      param_34 = x_319;
      let x_333 = Gaus_f1_f1_(&(param_33), &(param_34));
      param_35 = x_317;
      param_36 = x_319;
      let x_340 = Gaus_f1_f1_(&(param_35), &(param_36));
      param_37 = (x_317 + 1.0f);
      param_38 = x_319;
      let x_347 = Gaus_f1_f1_(&(param_37), &(param_38));
      param_39 = (x_317 + 2.0f);
      param_40 = x_319;
      let x_354 = Gaus_f1_f1_(&(param_39), &(param_40));
      let x_382 = ((((x_326 + x_333) + x_340) + x_347) + x_354);
      return ((((((x_283 * x_326) + (x_290 * x_333)) + (x_297 * x_340)) + (x_304 * x_347)) + (x_312 * x_354)) / vec3f(x_382));
    }

    fn Scan_vf2_f1_(pos_5 : ptr<function, vec2f>, off_3 : ptr<function, f32>) -> f32 {
      var param_41 : vec2f;
      var param_42 : f32;
      var param_43 : f32;
      param_41 = *(pos_5);
      let x_390 = Dist_vf2_(&(param_41));
      param_42 = (x_390.y + *(off_3));
      param_43 = hardScan;
      let x_398 = Gaus_f1_f1_(&(param_42), &(param_43));
      return x_398;
    }

    fn Tri_vf2_(pos_6 : ptr<function, vec2f>) -> vec3f {
      var param_44 : vec2f;
      var param_45 : f32;
      var param_46 : vec2f;
      var param_47 : f32;
      var param_48 : vec2f;
      var param_49 : f32;
      var param_50 : vec2f;
      var param_51 : f32;
      var param_52 : vec2f;
      var param_53 : f32;
      var param_54 : vec2f;
      var param_55 : f32;
      param_44 = *(pos_6);
      param_45 = -1.0f;
      let x_405 = Horz3_vf2_f1_(&(param_44), &(param_45));
      param_46 = *(pos_6);
      param_47 = 0.0f;
      let x_410 = Horz5_vf2_f1_(&(param_46), &(param_47));
      param_48 = *(pos_6);
      param_49 = 1.0f;
      let x_415 = Horz3_vf2_f1_(&(param_48), &(param_49));
      param_50 = *(pos_6);
      param_51 = -1.0f;
      let x_420 = Scan_vf2_f1_(&(param_50), &(param_51));
      param_52 = *(pos_6);
      param_53 = 0.0f;
      let x_425 = Scan_vf2_f1_(&(param_52), &(param_53));
      param_54 = *(pos_6);
      param_55 = 1.0f;
      let x_430 = Scan_vf2_f1_(&(param_54), &(param_55));
      return (((x_405 * x_420) + (x_410 * x_425)) + (x_415 * x_430));
    }

    fn Mask_vf2_(pos_8 : ptr<function, vec2f>) -> vec3f {
      var mask : vec3f;
      (*(pos_8)).x = ((*(pos_8)).x + ((*(pos_8)).y * 3.0f));
      mask = vec3f(maskDark);
      (*(pos_8)).x = fract(((*(pos_8)).x * 0.16666667163372039795f));
      if (((*(pos_8)).x < 0.33300000429153442383f)) {
        let x_498 = maskLight;
        let x_550 = mask;
        var x_551_1 = x_550;
        x_551_1.x = x_498;
        mask = x_551_1;
      } else {
        if (((*(pos_8)).x < 0.66600000858306884766f)) {
          let x_507 = maskLight;
          let x_552 = mask;
          var x_553_1 = x_552;
          x_553_1.y = x_507;
          mask = x_553_1;
        } else {
          let x_510 = maskLight;
          let x_554 = mask;
          var x_555_1 = x_554;
          x_555_1.z = x_510;
          mask = x_555_1;
        }
      }
      let x_512 = mask;
      return x_512;
    }

    fn ToSrgb1_f1_(c_2 : ptr<function, f32>) -> f32 {
      var x_125 : f32;
      if ((*(c_2) < 0.00313080009073019028f)) {
        x_125 = (*(c_2) * 12.9200000762939453125f);
      } else {
        x_125 = ((1.05499994754791259766f * pow(*(c_2), 0.41666001081466674805f)) - 0.05499999970197677612f);
      }
      let x_136 = x_125;
      return x_136;
    }

    fn ToSrgb_vf3_(c_3 : ptr<function, vec3f>) -> vec3f {
      var param_3 : f32;
      var param_4 : f32;
      var param_5 : f32;
      param_3 = (*(c_3)).x;
      let x_142 = ToSrgb1_f1_(&(param_3));
      param_4 = (*(c_3)).y;
      let x_146 = ToSrgb1_f1_(&(param_4));
      param_5 = (*(c_3)).z;
      let x_150 = ToSrgb1_f1_(&(param_5));
      return vec3f(x_142, x_146, x_150);
    }

    fn main_1() {
      var param_56 : vec2f;
      var param_57 : vec2f;
      var param_58 : vec2f;
      var param_59 : vec3f;
      res = vec2f(256.0f, 144.0f);
      hardScan = -8.0f;
      hardPix = -3.0f;
      warp = vec2f(0.015625f, 0.02083333395421504974f);
      maskDark = 0.5f;
      maskLight = 1.5f;
      hardScan = -12.0f;
      let x_521 = gl_FragCoord.x;
      let x_523 = y_origin_out;
      let x_525 = gl_FragCoord.y;
      param_56 = pos_out;
      let x_534 = Warp_vf2_(&(param_56));
      param_57 = x_534;
      let x_536 = Tri_vf2_(&(param_57));
      param_58 = vec2f(x_521, abs((x_523 - x_525)));
      let x_539 = Mask_vf2_(&(param_58));
      param_59 = (x_536 * x_539);
      let x_545 = ToSrgb_vf3_(&(param_59));
      frag_color = vec4f(x_545.x, x_545.y, x_545.z, 1.0f);
      return;
    }

    struct main_out {
      @location(0)
      frag_color_1 : vec4f,
    }

    @fragment
    fn main(@builtin(position) gl_FragCoord_param : vec4f, @location(1) y_origin_out_param : f32, @location(0) pos_out_param : vec2f) -> main_out {
      gl_FragCoord = gl_FragCoord_param;
      y_origin_out = y_origin_out_param;
      pos_out = pos_out_param;
      main_1();
      return main_out(frag_color);
    }
*/
#if defined(SOKOL_WGPU)
static const uint8_t crt_fs_source_wgsl[9375] = {
    0x64,0x69,0x61,0x67,0x6e,0x6f,0x73,0x74,0x69,0x63,0x28,0x6f,0x66,0x66,0x2c,0x20,
    0x64,0x65,0x72,0x69,0x76,0x61,0x74,0x69,0x76,0x65,0x5f,0x75,0x6e,0x69,0x66,0x6f,
    0x72,0x6d,0x69,0x74,0x79,0x29,0x3b,0x0a,0x0a,0x76,0x61,0x72,0x3c,0x70,0x72,0x69,
    0x76,0x61,0x74,0x65,0x3e,0x20,0x72,0x65,0x73,0x20,0x3a,0x20,0x76,0x65,0x63,0x32,
    0x66,0x3b,0x0a,0x0a,0x76,0x61,0x72,0x3c,0x70,0x72,0x69,0x76,0x61,0x74,0x65,0x3e,
    0x20,0x68,0x61,0x72,0x64,0x53,0x63,0x61,0x6e,0x20,0x3a,0x20,0x66,0x33,0x32,0x3b,
    0x0a,0x0a,0x76,0x61,0x72,0x3c,0x70,0x72,0x69,0x76,0x61,0x74,0x65,0x3e,0x20,0x68,
    0x61,0x72,0x64,0x50,0x69,0x78,0x20,0x3a,0x20,0x66,0x33,0x32,0x3b,0x0a,0x0a,0x76,
    0x61,0x72,0x3c,0x70,0x72,0x69,0x76,0x61,0x74,0x65,0x3e,0x20,0x77,0x61,0x72,0x70,
    0x20,0x3a,0x20,0x76,0x65,0x63,0x32,0x66,0x3b,0x0a,0x0a,0x76,0x61,0x72,0x3c,0x70,
    0x72,0x69,0x76,0x61,0x74,0x65,0x3e,0x20,0x6d,0x61,0x73,0x6b,0x44,0x61,0x72,0x6b,
    0x20,0x3a,0x20,0x66,0x33,0x32,0x3b,0x0a,0x0a,0x76,0x61,0x72,0x3c,0x70,0x72,0x69,
    0x76,0x61,0x74,0x65,0x3e,0x20,0x6d,0x61,0x73,0x6b,0x4c,0x69,0x67,0x68,0x74,0x20,
    0x3a,0x20,0x66,0x33,0x32,0x3b,0x0a,0x0a,0x40,0x62,0x69,0x6e,0x64,0x69,0x6e,0x67,
    0x28,0x30,0x29,0x20,0x40,0x67,0x72,0x6f,0x75,0x70,0x28,0x31,0x29,0x20,0x76,0x61,
    0x72,0x20,0x74,0x65,0x78,0x20,0x3a,0x20,0x74,0x65,0x78,0x74,0x75,0x72,0x65,0x5f,
    0x32,0x64,0x3c,0x66,0x33,0x32,0x3e,0x3b,0x0a,0x0a,0x40,0x62,0x69,0x6e,0x64,0x69,
    0x6e,0x67,0x28,0x33,0x32,0x29,0x20,0x40,0x67,0x72,0x6f,0x75,0x70,0x28,0x31,0x29,
    0x20,0x76,0x61,0x72,0x20,0x73,0x6d,0x70,0x20,0x3a,0x20,0x73,0x61,0x6d,0x70,0x6c,
    0x65,0x72,0x3b,0x0a,0x0a,0x76,0x61,0x72,0x3c,0x70,0x72,0x69,0x76,0x61,0x74,0x65,
    0x3e,0x20,0x67,0x6c,0x5f,0x46,0x72,0x61,0x67,0x43,0x6f,0x6f,0x72,0x64,0x20,0x3a,
    0x20,0x76,0x65,0x63,0x34,0x66,0x3b,0x0a,0x0a,0x76,0x61,0x72,0x3c,0x70,0x72,0x69,
    0x76,0x61,0x74,0x65,0x3e,0x20,0x79,0x5f,0x6f,0x72,0x69,0x67,0x69,0x6e,0x5f,0x6f,
    0x75,0x74,0x20,0x3a,0x20,0x66,0x33,0x32,0x3b,0x0a,0x0a,0x76,0x61,0x72,0x3c,0x70,
    0x72,0x69,0x76,0x61,0x74,0x65,0x3e,0x20,0x70,0x6f,0x73,0x5f,0x6f,0x75,0x74,0x20,
    0x3a,0x20,0x76,0x65,0x63,0x32,0x66,0x3b,0x0a,0x0a,0x76,0x61,0x72,0x3c,0x70,0x72,
    0x69,0x76,0x61,0x74,0x65,0x3e,0x20,0x66,0x72,0x61,0x67,0x5f,0x63,0x6f,0x6c,0x6f,
    0x72,0x20,0x3a,0x20,0x76,0x65,0x63,0x34,0x66,0x3b,0x0a,0x0a,0x63,0x6f,0x6e,0x73,
    0x74,0x20,0x78,0x5f,0x31,0x36,0x30,0x20,0x3d,0x20,0x76,0x65,0x63,0x32,0x66,0x28,
    0x30,0x2e,0x35,0x66,0x29,0x3b,0x0a,0x0a,0x66,0x6e,0x20,0x57,0x61,0x72,0x70,0x5f,
    0x76,0x66,0x32,0x5f,0x28,0x70,0x6f,0x73,0x5f,0x37,0x20,0x3a,0x20,0x70,0x74,0x72,
    0x3c,0x66,0x75,0x6e,0x63,0x74,0x69,0x6f,0x6e,0x2c,0x20,0x76,0x65,0x63,0x32,0x66,
    0x3e,0x29,0x20,0x2d,0x3e,0x20,0x76,0x65,0x63,0x32,0x66,0x20,0x7b,0x0a,0x20,0x20,
    0x2a,0x28,0x70,0x6f,0x73,0x5f,0x37,0x29,0x20,0x3d,0x20,0x28,0x28,0x2a,0x28,0x70,
    0x6f,0x73,0x5f,0x37,0x29,0x20,0x2a,0x20,0x32,0x2e,0x30,0x66,0x29,0x20,0x2d,0x20,
    0x76,0x65,0x63,0x32,0x66,0x28,0x31,0x2e,0x30,0x66,0x29,0x29,0x3b,0x0a,0x20,0x20,
    0x2a,0x28,0x70,0x6f,0x73,0x5f,0x37,0x29,0x20,0x3d,0x20,0x28,0x2a,0x28,0x70,0x6f,
    0x73,0x5f,0x37,0x29,0x20,0x2a,0x20,0x76,0x65,0x63,0x32,0x66,0x28,0x28,0x31,0x2e,
    0x30,0x66,0x20,0x2b,0x20,0x28,0x28,0x28,0x2a,0x28,0x70,0x6f,0x73,0x5f,0x37,0x29,
    0x29,0x2e,0x79,0x20,0x2a,0x20,0x28,0x2a,0x28,0x70,0x6f,0x73,0x5f,0x37,0x29,0x29,
    0x2e,0x79,0x29,0x20,0x2a,0x20,0x77,0x61,0x72,0x70,0x2e,0x78,0x29,0x29,0x2c,0x20,
    0x28,0x31,0x2e,0x30,0x66,0x20,0x2b,0x20,0x28,0x28,0x28,0x2a,0x28,0x70,0x6f,0x73,
    0x5f,0x37,0x29,0x29,0x2e,0x78,0x20,0x2a,0x20,0x28,0x2a,0x28,0x70,0x6f,0x73,0x5f,
    0x37,0x29,0x29,0x2e,0x78,0x29,0x20,0x2a,0x20,0x77,0x61,0x72,0x70,0x2e,0x79,0x29,
    0x29,0x29,0x29,0x3b,0x0a,0x20,0x20,0x6c,0x65,0x74,0x20,0x78,0x5f,0x34,0x36,0x39,
    0x20,0x3d,0x20,0x2a,0x28,0x70,0x6f,0x73,0x5f,0x37,0x29,0x3b,0x0a,0x20,0x20,0x72,
    0x65,0x74,0x75,0x72,0x6e,0x20,0x28,0x28,0x78,0x5f,0x34,0x36,0x39,0x20,0x2a,0x20,
    0x30,0x2e,0x35,0x66,0x29,0x20,0x2b,0x20,0x78,0x5f,0x31,0x36,0x30,0x29,0x3b,0x0a,
    0x7d,0x0a,0x0a,0x66,0x6e,0x20,0x54,0x6f,0x4c,0x69,0x6e,0x65,0x61,0x72,0x31,0x5f,
    0x66,0x31,0x5f,0x28,0x63,0x20,0x3a,0x20,0x70,0x74,0x72,0x3c,0x66,0x75,0x6e,0x63,
    0x74,0x69,0x6f,0x6e,0x2c,0x20,0x66,0x33,0x32,0x3e,0x29,0x20,0x2d,0x3e,0x20,0x66,
    0x33,0x32,0x20,0x7b,0x0a,0x20,0x20,0x76,0x61,0x72,0x20,0x78,0x5f,0x38,0x36,0x20,
    0x3a,0x20,0x66,0x33,0x32,0x3b,0x0a,0x20,0x20,0x69,0x66,0x20,0x28,0x28,0x2a,0x28,
    0x63,0x29,0x20,0x3c,0x3d,0x20,0x30,0x2e,0x30,0x34,0x30,0x34,0x34,0x39,0x39,0x39,
    0x39,0x32,0x37,0x32,0x38,0x32,0x33,0x33,0x33,0x33,0x37,0x34,0x66,0x29,0x29,0x20,
    0x7b,0x0a,0x20,0x20,0x20,0x20,0x78,0x5f,0x38,0x36,0x20,0x3d,0x20,0x28,0x2a,0x28,
    0x63,0x29,0x20,0x2a,0x20,0x30,0x2e,0x30,0x37,0x37,0x33,0x39,0x39,0x33,0x38,0x30,
    0x35,0x30,0x35,0x30,0x38,0x34,0x39,0x39,0x31,0x34,0x36,0x66,0x29,0x3b,0x0a,0x20,
    0x20,0x7d,0x20,0x65,0x6c,0x73,0x65,0x20,0x7b,0x0a,0x20,0x20,0x20,0x20,0x78,0x5f,
    0x38,0x36,0x20,0x3d,0x20,0x70,0x6f,0x77,0x28,0x28,0x28,0x2a,0x28,0x63,0x29,0x20,
    0x2b,0x20,0x30,0x2e,0x30,0x35,0x34,0x39,0x39,0x39,0x39,0x39,0x39,0x37,0x30,0x31,
    0x39,0x37,0x36,0x37,0x37,0x36,0x31,0x32,0x66,0x29,0x20,0x2a,0x20,0x30,0x2e,0x39,
    0x34,0x37,0x38,0x36,0x37,0x33,0x33,0x33,0x38,0x38,0x39,0x30,0x30,0x37,0x35,0x36,
    0x38,0x33,0x36,0x66,0x29,0x2c,0x20,0x32,0x2e,0x34,0x30,0x30,0x30,0x30,0x30,0x30,
    0x39,0x35,0x33,0x36,0x37,0x34,0x33,0x31,0x36,0x34,0x30,0x36,0x32,0x66,0x29,0x3b,
    0x0a,0x20,0x20,0x7d,0x0a,0x20,0x20,0x6c,0x65,0x74,0x20,0x78,0x5f,0x31,0x30,0x30,
    0x20,0x3d,0x20,0x78,0x5f,0x38,0x36,0x3b,0x0a,0x20,0x20,0x72,0x65,0x74,0x75,0x72,
    0x6e,0x20,0x78,0x5f,0x31,0x30,0x30,0x3b,0x0a,0x7d,0x0a,0x0a,0x66,0x6e,0x20,0x54,
    0x6f,0x4c,0x69,0x6e,0x65,0x61,0x72,0x5f,0x76,0x66,0x33,0x5f,0x28,0x63,0x5f,0x31,
    0x20,0x3a,0x20,0x70,0x74,0x72,0x3c,0x66,0x75,0x6e,0x63,0x74,0x69,0x6f,0x6e,0x2c,
    0x20,0x76,0x65,0x63,0x33,0x66,0x3e,0x29,0x20,0x2d,0x3e,0x20,0x76,0x65,0x63,0x33,
    0x66,0x20,0x7b,0x0a,0x20,0x20,0x76,0x61,0x72,0x20,0x70,0x61,0x72,0x61,0x6d,0x20,
    0x3a,0x20,0x66,0x33,0x32,0x3b,0x0a,0x20,0x20,0x76,0x61,0x72,0x20,0x70,0x61,0x72,
    0x61,0x6d,0x5f,0x31,0x20,0x3a,0x20,0x66,0x33,0x32,0x3b,0x0a,0x20,0x20,0x76,0x61,
    0x72,0x20,0x70,0x61,0x72,0x61,0x6d,0x5f,0x32,0x20,0x3a,0x20,0x66,0x33,0x32,0x3b,
    0x0a,0x20,0x20,0x70,0x61,0x72,0x61,0x6d,0x20,0x3d,0x20,0x28,0x2a,0x28,0x63,0x5f,
    0x31,0x29,0x29,0x2e,0x78,0x3b,0x0a,0x20,0x20,0x6c,0x65,0x74,0x20,0x78,0x5f,0x31,
    0x30,0x38,0x20,0x3d,0x20,0x54,0x6f,0x4c,0x69,0x6e,0x65,0x61,0x72,0x31,0x5f,0x66,
    0x31,0x5f,0x28,0x26,0x28,0x70,0x61,0x72,0x61,0x6d,0x29,0x29,0x3b,0x0a,0x20,0x20,
    0x70,0x61,0x72,0x61,0x6d,0x5f,0x31,0x20,0x3d,0x20,0x28,0x2a,0x28,0x63,0x5f,0x31,
    0x29,0x29,0x2e,0x79,0x3b,0x0a,0x20,0x20,0x6c,0x65,0x74,0x20,0x78,0x5f,0x31,0x31,
    0x33,0x20,0x3d,0x20,0x54,0x6f,0x4c,0x69,0x6e,0x65,0x61,0x72,0x31,0x5f,0x66,0x31,
    0x5f,0x28,0x26,0x28,0x70,0x61,0x72,0x61,0x6d,0x5f,0x31,0x29,0x29,0x3b,0x0a,0x20,
    0x20,0x70,0x61,0x72,0x61,0x6d,0x5f,0x32,0x20,0x3d,0x20,0x28,0x2a,0x28,0x63,0x5f,
    0x31,0x29,0x29,0x2e,0x7a,0x3b,0x0a,0x20,0x20,0x6c,0x65,0x74,0x20,0x78,0x5f,0x31,
    0x31,0x38,0x20,0x3d,0x20,0x54,0x6f,0x4c,0x69,0x6e,0x65,0x61,0x72,0x31,0x5f,0x66,
    0x31,0x5f,0x28,0x26,0x28,0x70,0x61,0x72,0x61,0x6d,0x5f,0x32,0x29,0x29,0x3b,0x0a,
    0x20,0x20,0x72,0x65,0x74,0x75,0x72,0x6e,0x20,0x76,0x65,0x63,0x33,0x66,0x28,0x78,
    0x5f,0x31,0x30,0x38,0x2c,0x20,0x78,0x5f,0x31,0x31,0x33,0x2c,0x20,0x78,0x5f,0x31,
    0x31,0x38,0x29,0x3b,0x0a,0x7d,0x0a,0x0a,0x66,0x6e,0x20,0x46,0x65,0x74,0x63,0x68,
    0x5f,0x76,0x66,0x32,0x5f,0x76,0x66,0x32,0x5f,0x28,0x70,0x6f,0x73,0x20,0x3a,0x20,
    0x70,0x74,0x72,0x3c,0x66,0x75,0x6e,0x63,0x74,0x69,0x6f,0x6e,0x2c,0x20,0x76,0x65,
    0x63,0x32,0x66,0x3e,0x2c,0x20,0x6f,0x66,0x66,0x20,0x3a,0x20,0x70,0x74,0x72,0x3c,
    0x66,0x75,0x6e,0x63,0x74,0x69,0x6f,0x6e,0x2c,0x20,0x76,0x65,0x63,0x32,0x66,0x3e,
    0x29,0x20,0x2d,0x3e,0x20,0x76,0x65,0x63,0x33,0x66,0x20,0x7b,0x0a,0x20,0x20,0x76,
    0x61,0x72,0x20,0x70,0x61,0x72,0x61,0x6d,0x5f,0x36,0x20,0x3a,0x20,0x76,0x65,0x63,
    0x33,0x66,0x3b,0x0a,0x20,0x20,0x2a,0x28,0x70,0x6f,0x73,0x29,0x20,0x3d,0x20,0x28,
    0x28,0x66,0x6c,0x6f,0x6f,0x72,0x28,0x28,0x28,0x2a,0x28,0x70,0x6f,0x73,0x29,0x20,
    0x2a,0x20,0x72,0x65,0x73,0x29,0x20,0x2b,0x20,0x2a,0x28,0x6f,0x66,0x66,0x29,0x29,
    0x29,0x20,0x2b,0x20,0x78,0x5f,0x31,0x36,0x30,0x29,0x20,0x2f,0x20,0x72,0x65,0x73,
    0x29,0x3b,0x0a,0x20,0x20,0x6c,0x65,0x74,0x20,0x78,0x5f,0x31,0x37,0x35,0x20,0x3d,
    0x20,0x2a,0x28,0x70,0x6f,0x73,0x29,0x3b,0x0a,0x20,0x20,0x6c,0x65,0x74,0x20,0x78,
    0x5f,0x31,0x37,0x38,0x20,0x3d,0x20,0x74,0x65,0x78,0x74,0x75,0x72,0x65,0x53,0x61,
    0x6d,0x70,0x6c,0x65,0x42,0x69,0x61,0x73,0x28,0x74,0x65,0x78,0x2c,0x20,0x73,0x6d,
    0x70,0x2c,0x20,0x78,0x5f,0x31,0x37,0x35,0x2c,0x20,0x2d,0x31,0x36,0x2e,0x30,0x66,
    0x29,0x3b,0x0a,0x20,0x20,0x70,0x61,0x72,0x61,0x6d,0x5f,0x36,0x20,0x3d,0x20,0x28,
    0x78,0x5f,0x31,0x37,0x38,0x2e,0x78,0x79,0x7a,0x20,0x2a,0x20,0x31,0x2e,0x32,0x30,
    0x30,0x30,0x30,0x30,0x30,0x34,0x37,0x36,0x38,0x33,0x37,0x31,0x35,0x38,0x32,0x30,
    0x33,0x31,0x66,0x29,0x3b,0x0a,0x20,0x20,0x6c,0x65,0x74,0x20,0x78,0x5f,0x31,0x38,
    0x32,0x20,0x3d,0x20,0x54,0x6f,0x4c,0x69,0x6e,0x65,0x61,0x72,0x5f,0x76,0x66,0x33,
    0x5f,0x28,0x26,0x28,0x70,0x61,0x72,0x61,0x6d,0x5f,0x36,0x29,0x29,0x3b,0x0a,0x20,
    0x20,0x72,0x65,0x74,0x75,0x72,0x6e,0x20,0x78,0x5f,0x31,0x38,0x32,0x3b,0x0a,0x7d,
    0x0a,0x0a,0x66,0x6e,0x20,0x44,0x69,0x73,0x74,0x5f,0x76,0x66,0x32,0x5f,0x28,0x70,
    0x6f,0x73,0x5f,0x31,0x20,0x3a,0x20,0x70,0x74,0x72,0x3c,0x66,0x75,0x6e,0x63,0x74,
    0x69,0x6f,0x6e,0x2c,0x20,0x76,0x65,0x63,0x32,0x66,0x3e,0x29,0x20,0x2d,0x3e,0x20,
    0x76,0x65,0x63,0x32,0x66,0x20,0x7b,0x0a,0x20,0x20,0x2a,0x28,0x70,0x6f,0x73,0x5f,
    0x31,0x29,0x20,0x3d,0x20,0x28,0x2a,0x28,0x70,0x6f,0x73,0x5f,0x31,0x29,0x20,0x2a,
    0x20,0x72,0x65,0x73,0x29,0x3b,0x0a,0x20,0x20,0x6c,0x65,0x74,0x20,0x78,0x5f,0x31,
    0x38,0x38,0x20,0x3d,0x20,0x2a,0x28,0x70,0x6f,0x73,0x5f,0x31,0x29,0x3b,0x0a,0x20,
    0x20,0x6c,0x65,0x74,0x20,0x78,0x5f,0x31,0x38,0x39,0x20,0x3d,0x20,0x2a,0x28,0x70,
    0x6f,0x73,0x5f,0x31,0x29,0x3b,0x0a,0x20,0x20,0x72,0x65,0x74,0x75,0x72,0x6e,0x20,
    0x28,0x78,0x5f,0x31,0x36,0x30,0x20,0x2d,0x20,0x28,0x78,0x5f,0x31,0x38,0x38,0x20,
    0x2d,0x20,0x66,0x6c,0x6f,0x6f,0x72,0x28,0x78,0x5f,0x31,0x38,0x39,0x29,0x29,0x29,
    0x3b,0x0a,0x7d,0x0a,0x0a,0x66,0x6e,0x20,0x47,0x61,0x75,0x73,0x5f,0x66,0x31,0x5f,
    0x66,0x31,0x5f,0x28,0x70,0x6f,0x73,0x5f,0x32,0x20,0x3a,0x20,0x70,0x74,0x72,0x3c,
    0x66,0x75,0x6e,0x63,0x74,0x69,0x6f,0x6e,0x2c,0x20,0x66,0x33,0x32,0x3e,0x2c,0x20,
    0x73,0x63,0x61,0x6c,0x65,0x20,0x3a,0x20,0x70,0x74,0x72,0x3c,0x66,0x75,0x6e,0x63,
    0x74,0x69,0x6f,0x6e,0x2c,0x20,0x66,0x33,0x32,0x3e,0x29,0x20,0x2d,0x3e,0x20,0x66,
    0x33,0x32,0x20,0x7b,0x0a,0x20,0x20,0x6c,0x65,0x74,0x20,0x78,0x5f,0x31,0x39,0x36,
    0x20,0x3d,0x20,0x2a,0x28,0x73,0x63,0x61,0x6c,0x65,0x29,0x3b,0x0a,0x20,0x20,0x6c,
    0x65,0x74,0x20,0x78,0x5f,0x31,0x39,0x37,0x20,0x3d,0x20,0x2a,0x28,0x70,0x6f,0x73,
    0x5f,0x32,0x29,0x3b,0x0a,0x20,0x20,0x6c,0x65,0x74,0x20,0x78,0x5f,0x31,0x39,0x39,
    0x20,0x3d,0x20,0x2a,0x28,0x70,0x6f,0x73,0x5f,0x32,0x29,0x3b,0x0a,0x20,0x20,0x72,
    0x65,0x74,0x75,0x72,0x6e,0x20,0x65,0x78,0x70,0x32,0x28,0x28,0x28,0x78,0x5f,0x31,
    0x39,0x36,0x20,0x2a,0x20,0x78,0x5f,0x31,0x39,0x37,0x29,0x20,0x2a,0x20,0x78,0x5f,
    0x31,0x39,0x39,0x29,0x29,0x3b,0x0a,0x7d,0x0a,0x0a,0x66,0x6e,0x20,0x48,0x6f,0x72,
    0x7a,0x33,0x5f,0x76,0x66,0x32,0x5f,0x66,0x31,0x5f,0x28,0x70,0x6f,0x73,0x5f,0x33,
    0x20,0x3a,0x20,0x70,0x74,0x72,0x3c,0x66,0x75,0x6e,0x63,0x74,0x69,0x6f,0x6e,0x2c,
    0x20,0x76,0x65,0x63,0x32,0x66,0x3e,0x2c,0x20,0x6f,0x66,0x66,0x5f,0x31,0x20,0x3a,
    0x20,0x70,0x74,0x72,0x3c,0x66,0x75,0x6e,0x63,0x74,0x69,0x6f,0x6e,0x2c,0x20,0x66,
    0x33,0x32,0x3e,0x29,0x20,0x2d,0x3e,0x20,0x76,0x65,0x63,0x33,0x66,0x20,0x7b,0x0a,
    0x20,0x20,0x76,0x61,0x72,0x20,0x70,0x61,0x72,0x61,0x6d,0x5f,0x37,0x20,0x3a,0x20,
    0x76,0x65,0x63,0x32,0x66,0x3b,0x0a,0x20,0x20,0x76,0x61,0x72,0x20,0x70,0x61,0x72,
    0x61,0x6d,0x5f,0x38,0x20,0x3a,0x20,0x76,0x65,0x63,0x32,0x66,0x3b,0x0a,0x20,0x20,
    0x76,0x61,0x72,0x20,0x70,0x61,0x72,0x61,0x6d,0x5f,0x39,0x20,0x3a,0x20,0x76,0x65,
    0x63,0x32,0x66,0x3b,0x0a,0x20,0x20,0x76,0x61,0x72,0x20,0x70,0x61,0x72,0x61,0x6d,
    0x5f,0x31,0x30,0x20,0x3a,0x20,0x76,0x65,0x63,0x32,0x66,0x3b,0x0a,0x20,0x20,0x76,
    0x61,0x72,0x20,0x70,0x61,0x72,0x61,0x6d,0x5f,0x31,0x31,0x20,0x3a,0x20,0x76,0x65,
    0x63,0x32,0x66,0x3b,0x0a,0x20,0x20,0x76,0x61,0x72,0x20,0x70,0x61,0x72,0x61,0x6d,
    0x5f,0x31,0x32,0x20,0x3a,0x20,0x76,0x65,0x63,0x32,0x66,0x3b,0x0a,0x20,0x20,0x76,
    0x61,0x72,0x20,0x70,0x61,0x72,0x61,0x6d,0x5f,0x31,0x33,0x20,0x3a,0x20,0x76,0x65,
    0x63,0x32,0x66,0x3b,0x0a,0x20,0x20,0x76,0x61,0x72,0x20,0x70,0x61,0x72,0x61,0x6d,
    0x5f,0x31,0x34,0x20,0x3a,0x20,0x66,0x33,0x32,0x3b,0x0a,0x20,0x20,0x76,0x61,0x72,
    0x20,0x70,0x61,0x72,0x61,0x6d,0x5f,0x31,0x35,0x20,0x3a,0x20,0x66,0x33,0x32,0x3b,
    0x0a,0x20,0x20,0x76,0x61,0x72,0x20,0x70,0x61,0x72,0x61,0x6d,0x5f,0x31,0x36,0x20,
    0x3a,0x20,0x66,0x33,0x32,0x3b,0x0a,0x20,0x20,0x76,0x61,0x72,0x20,0x70,0x61,0x72,
    0x61,0x6d,0x5f,0x31,0x37,0x20,0x3a,0x20,0x66,0x33,0x32,0x3b,0x0a,0x20,0x20,0x76,
    0x61,0x72,0x20,0x70,0x61,0x72,0x61,0x6d,0x5f,0x31,0x38,0x20,0x3a,0x20,0x66,0x33,
    0x32,0x3b,0x0a,0x20,0x20,0x76,0x61,0x72,0x20,0x70,0x61,0x72,0x61,0x6d,0x5f,0x31,
    0x39,0x20,0x3a,0x20,0x66,0x33,0x32,0x3b,0x0a,0x20,0x20,0x6c,0x65,0x74,0x20,0x78,
    0x5f,0x32,0x30,0x36,0x20,0x3d,0x20,0x2a,0x28,0x6f,0x66,0x66,0x5f,0x31,0x29,0x3b,
    0x0a,0x20,0x20,0x70,0x61,0x72,0x61,0x6d,0x5f,0x37,0x20,0x3d,0x20,0x2a,0x28,0x70,
    0x6f,0x73,0x5f,0x33,0x29,0x3b,0x0a,0x20,0x20,0x70,0x61,0x72,0x61,0x6d,0x5f,0x38,
    0x20,0x3d,0x20,0x76,0x65,0x63,0x32,0x66,0x28,0x2d,0x31,0x2e,0x30,0x66,0x2c,0x20,
    0x78,0x5f,0x32,0x30,0x36,0x29,0x3b,0x0a,0x20,0x20,0x6c,0x65,0x74,0x20,0x78,0x5f,
    0x32,0x31,0x31,0x20,0x3d,0x20,0x46,0x65,0x74,0x63,0x68,0x5f,0x76,0x66,0x32,0x5f,
    0x76,0x66,0x32,0x5f,0x28,0x26,0x28,0x70,0x61,0x72,0x61,0x6d,0x5f,0x37,0x29,0x2c,
    0x20,0x26,0x28,0x70,0x61,0x72,0x61,0x6d,0x5f,0x38,0x29,0x29,0x3b,0x0a,0x20,0x20,
    0x6c,0x65,0x74,0x20,0x78,0x5f,0x32,0x31,0x34,0x20,0x3d,0x20,0x2a,0x28,0x6f,0x66,
    0x66,0x5f,0x31,0x29,0x3b,0x0a,0x20,0x20,0x70,0x61,0x72,0x61,0x6d,0x5f,0x39,0x20,
    0x3d,0x20,0x2a,0x28,0x70,0x6f,0x73,0x5f,0x33,0x29,0x3b,0x0a,0x20,0x20,0x70,0x61,
    0x72,0x61,0x6d,0x5f,0x31,0x30,0x20,0x3d,0x20,0x76,0x65,0x63,0x32,0x66,0x28,0x30,
    0x2e,0x30,0x66,0x2c,0x20,0x78,0x5f,0x32,0x31,0x34,0x29,0x3b,0x0a,0x20,0x20,0x6c,
    0x65,0x74,0x20,0x78,0x5f,0x32,0x31,0x39,0x20,0x3d,0x20,0x46,0x65,0x74,0x63,0x68,
    0x5f,0x76,0x66,0x32,0x5f,0x76,0x66,0x32,0x5f,0x28,0x26,0x28,0x70,0x61,0x72,0x61,
    0x6d,0x5f,0x39,0x29,0x2c,0x20,0x26,0x28,0x70,0x61,0x72,0x61,0x6d,0x5f,0x31,0x30,
    0x29,0x29,0x3b,0x0a,0x20,0x20,0x6c,0x65,0x74,0x20,0x78,0x5f,0x32,0x32,0x32,0x20,
    0x3d,0x20,0x2a,0x28,0x6f,0x66,0x66,0x5f,0x31,0x29,0x3b,0x0a,0x20,0x20,0x70,0x61,
    0x72,0x61,0x6d,0x5f,0x31,0x31,0x20,0x3d,0x20,0x2a,0x28,0x70,0x6f,0x73,0x5f,0x33,
    0x29,0x3b,0x0a,0x20,0x20,0x70,0x61,0x72,0x61,0x6d,0x5f,0x31,0x32,0x20,0x3d,0x20,
    0x76,0x65,0x63,0x32,0x66,0x28,0x31,0x2e,0x30,0x66,0x2c,0x20,0x78,0x5f,0x32,0x32,
    0x32,0x29,0x3b,0x0a,0x20,0x20,0x6c,0x65,0x74,0x20,0x78,0x5f,0x32,0x32,0x37,0x20,
    0x3d,0x20,0x46,0x65,0x74,0x63,0x68,0x5f,0x76,0x66,0x32,0x5f,0x76,0x66,0x32,0x5f,
    0x28,0x26,0x28,0x70,0x61,0x72,0x61,0x6d,0x5f,0x31,0x31,0x29,0x2c,0x20,0x26,0x28,
    0x70,0x61,0x72,0x61,0x6d,0x5f,0x31,0x32,0x29,0x29,0x3b,0x0a,0x20,0x20,0x70,0x61,
    0x72,0x61,0x6d,0x5f,0x31,0x33,0x20,0x3d,0x20,0x2a,0x28,0x70,0x6f,0x73,0x5f,0x33,
    0x29,0x3b,0x0a,0x20,0x20,0x6c,0x65,0x74,0x20,0x78,0x5f,0x32,0x33,0x31,0x20,0x3d,
    0x20,0x44,0x69,0x73,0x74,0x5f,0x76,0x66,0x32,0x5f,0x28,0x26,0x28,0x70,0x61,0x72,
    0x61,0x6d,0x5f,0x31,0x33,0x29,0x29,0x3b,0x0a,0x20,0x20,0x6c,0x65,0x74,0x20,0x78,
    0x5f,0x32,0x33,0x32,0x20,0x3d,0x20,0x78,0x5f,0x32,0x33,0x31,0x2e,0x78,0x3b,0x0a,
    0x20,0x20,0x6c,0x65,0x74,0x20,0x78,0x5f,0x32,0x33,0x34,0x20,0x3d,0x20,0x68,0x61,
    0x72,0x64,0x50,0x69,0x78,0x3b,0x0a,0x20,0x20,0x70,0x61,0x72,0x61,0x6d,0x5f,0x31,
    0x34,0x20,0x3d,0x20,0x28,0x78,0x5f,0x32,0x33,0x32,0x20,0x2d,0x20,0x31,0x2e,0x30,
    0x66,0x29,0x3b,0x0a,0x20,0x20,0x70,0x61,0x72,0x61,0x6d,0x5f,0x31,0x35,0x20,0x3d,
    0x20,0x78,0x5f,0x32,0x33,0x34,0x3b,0x0a,0x20,0x20,0x6c,0x65,0x74,0x20,0x78,0x5f,
    0x32,0x34,0x31,0x20,0x3d,0x20,0x47,0x61,0x75,0x73,0x5f,0x66,0x31,0x5f,0x66,0x31,
    0x5f,0x28,0x26,0x28,0x70,0x61,0x72,0x61,0x6d,0x5f,0x31,0x34,0x29,0x2c,0x20,0x26,
    0x28,0x70,0x61,0x72,0x61,0x6d,0x5f,0x31,0x35,0x29,0x29,0x3b,0x0a,0x20,0x20,0x70,
    0x61,0x72,0x61,0x6d,0x5f,0x31,0x36,0x20,0x3d,0x20,0x78,0x5f,0x32,0x33,0x32,0x3b,
    0x0a,0x20,0x20,0x70,0x61,0x72,0x61,0x6d,0x5f,0x31,0x37,0x20,0x3d,0x20,0x78,0x5f,
    0x32,0x33,0x34,0x3b,0x0a,0x20,0x20,0x6c,0x65,0x74,0x20,0x78,0x5f,0x32,0x34,0x38,
    0x20,0x3d,0x20,0x47,0x61,0x75,0x73,0x5f,0x66,0x31,0x5f,0x66,0x31,0x5f,0x28,0x26,
    0x28,0x70,0x61,0x72,0x61,0x6d,0x5f,0x31,0x36,0x29,0x2c,0x20,0x26,0x28,0x70,0x61,
    0x72,0x61,0x6d,0x5f,0x31,0x37,0x29,0x29,0x3b,0x0a,0x20,0x20,0x70,0x61,0x72,0x61,
    0x6d,0x5f,0x31,0x38,0x20,0x3d,0x20,0x28,0x78,0x5f,0x32,0x33,0x32,0x20,0x2b,0x20,
    0x31,0x2e,0x30,0x66,0x29,0x3b,0x0a,0x20,0x20,0x70,0x61,0x72,0x61,0x6d,0x5f,0x31,
    0x39,0x20,0x3d,0x20,0x78,0x5f,0x32,0x33,0x34,0x3b,0x0a,0x20,0x20,0x6c,0x65,0x74,
    0x20,0x78,0x5f,0x32,0x35,0x35,0x20,0x3d,0x20,0x47,0x61,0x75,0x73,0x5f,0x66,0x31,
    0x5f,0x66,0x31,0x5f,0x28,0x26,0x28,0x70,0x61,0x72,0x61,0x6d,0x5f,0x31,0x38,0x29,
    0x2c,0x20,0x26,0x28,0x70,0x61,0x72,0x61,0x6d,0x5f,0x31,0x39,0x29,0x29,0x3b,0x0a,
    0x20,0x20,0x6c,0x65,0x74,0x20,0x78,0x5f,0x32,0x37,0x31,0x20,0x3d,0x20,0x28,0x28,
    0x78,0x5f,0x32,0x34,0x31,0x20,0x2b,0x20,0x78,0x5f,0x32,0x34,0x38,0x29,0x20,0x2b,
    0x20,0x78,0x5f,0x32,0x35,0x35,0x29,0x3b,0x0a,0x20,0x20,0x72,0x65,0x74,0x75,0x72,
    0x6e,0x20,0x28,0x28,0x28,0x28,0x78,0x5f,0x32,0x31,0x31,0x20,0x2a,0x20,0x78,0x5f,
    0x32,0x34,0x31,0x29,0x20,0x2b,0x20,0x28,0x78,0x5f,0x32,0x31,0x39,0x20,0x2a,0x20,
    0x78,0x5f,0x32,0x34,0x38,0x29,0x29,0x20,0x2b,0x20,0x28,0x78,0x5f,0x32,0x32,0x37,
    0x20,0x2a,0x20,0x78,0x5f,0x32,0x35,0x35,0x29,0x29,0x20,0x2f,0x20,0x76,0x65,0x63,
    0x33,0x66,0x28,0x78,0x5f,0x32,0x37,0x31,0x29,0x29,0x3b,0x0a,0x7d,0x0a,0x0a,0x66,
    0x6e,0x20,0x48,0x6f,0x72,0x7a,0x35,0x5f,0x76,0x66,0x32,0x5f,0x66,0x31,0x5f,0x28,
    0x70,0x6f,0x73,0x5f,0x34,0x20,0x3a,0x20,0x70,0x74,0x72,0x3c,0x66,0x75,0x6e,0x63,
    0x74,0x69,0x6f,0x6e,0x2c,0x20,0x76,0x65,0x63,0x32,0x66,0x3e,0x2c,0x20,0x6f,0x66,
    0x66,0x5f,0x32,0x20,0x3a,0x20,0x70,0x74,0x72,0x3c,0x66,0x75,0x6e,0x63,0x74,0x69,
    0x6f,0x6e,0x2c,0x20,0x66,0x33,0x32,0x3e,0x29,0x20,0x2d,0x3e,0x20,0x76,0x65,0x63,
    0x33,0x66,0x20,0x7b,0x0a,0x20,0x20,0x76,0x61,0x72,0x20,0x70,0x61,0x72,0x61,0x6d,
    0x5f,0x32,0x30,0x20,0x3a,0x20,0x76,0x65,0x63,0x32,0x66,0x3b,0x0a,0x20,0x20,0x76,
    0x61,0x72,0x20,0x70,0x61,0x72,0x61,0x6d,0x5f,0x32,0x31,0x20,0x3a,0x20,0x76,0x65,
    0x63,0x32,0x66,0x3b,0x0a,0x20,0x20,0x76,0x61,0x72,0x20,0x70,0x61,0x72,0x61,0x6d,
    0x5f,0x32,0x32,0x20,0x3a,0x20,0x76,0x65,0x63,0x32,0x66,0x3b,0x0a,0x20,0x20,0x76,
    0x61,0x72,0x20,0x70,0x61,0x72,0x61,0x6d,0x5f,0x32,0x33,0x20,0x3a,0x20,0x76,0x65,
    0x63,0x32,0x66,0x3b,0x0a,0x20,0x20,0x76,0x61,0x72,0x20,0x70,0x61,0x72,0x61,0x6d,
    0x5f,0x32,0x34,0x20,0x3a,0x20,0x76,0x65,0x63,0x32,0x66,0x3b,0x0a,0x20,0x20,0x76,
    0x61,0x72,0x20,0x70,0x61,0x72,0x61,0x6d,0x5f,0x32,0x35,0x20,0x3a,0x20,0x76,0x65,
    0x63,0x32,0x66,0x3b,0x0a,0x20,0x20,0x76,0x61,0x72,0x20,0x70,0x61,0x72,0x61,0x6d,
    0x5f,0x32,0x36,0x20,0x3a,0x20,0x76,0x65,0x63,0x32,0x66,0x3b,0x0a,0x20,0x20,0x76,
    0x61,0x72,0x20,0x70,0x61,0x72,0x61,0x6d,0x5f,0x32,0x37,0x20,0x3a,0x20,0x76,0x65,
    0x63,0x32,0x66,0x3b,0x0a,0x20,0x20,0x76,0x61,0x72,0x20,0x70,0x61,0x72,0x61,0x6d,
    0x5f,0x32,0x38,0x20,0x3a,0x20,0x76,0x65,0x63,0x32,0x66,0x3b,0x0a,0x20,0x20,0x76,
    0x61,0x72,0x20,0x70,0x61,0x72,0x61,0x6d,0x5f,0x32,0x39,0x20,0x3a,0x20,0x76,0x65,
    0x63,0x32,0x66,0x3b,0x0a,0x20,0x20,0x76,0x61,0x72,0x20,0x70,0x61,0x72,0x61,0x6d,
    0x5f,0x33,0x30,0x20,0x3a,0x20,0x76,0x65,0x63,0x32,0x66,0x3b,0x0a,0x20,0x20,0x76,
    0x61,0x72,0x20,0x70,0x61,0x72,0x61,0x6d,0x5f,0x33,0x31,0x20,0x3a,0x20,0x66,0x33,
    0x32,0x3b,0x0a,0x20,0x20,0x76,0x61,0x72,0x20,0x70,0x61,0x72,0x61,0x6d,0x5f,0x33,
    0x32,0x20,0x3a,0x20,0x66,0x33,0x32,0x3b,0x0a,0x20,0x20,0x76,0x61,0x72,0x20,0x70,
    0x61,0x72,0x61,0x6d,0x5f,0x33,0x33,0x20,0x3a,0x20,0x66,0x33,0x32,0x3b,0x0a,0x20,
    0x20,0x76,0x61,0x72,0x20,0x70,0x61,0x72,0x61,0x6d,0x5f,0x33,0x34,0x20,0x3a,0x20,
    0x66,0x33,0x32,0x3b,0x0a,0x20,0x20,0x76,0x61,0x72,0x20,0x70,0x61,0x72,0x61,0x6d,
    0x5f,0x33,0x35,0x20,0x3a,0x20,0x66,0x33,0x32,0x3b,0x0a,0x20,0x20,0x76,0x61,0x72,
    0x20,0x70,0x61,0x72,0x61,0x6d,0x5f,0x33,0x36,0x20,0x3a,0x20,0x66,0x33,0x32,0x3b,
    0x0a,0x20,0x20,0x76,0x61,0x72,0x20,0x70,0x61,0x72,0x61,0x6d,0x5f,0x33,0x37,0x20,
    0x3a,0x20,0x66,0x33,0x32,0x3b,0x0a,0x20,0x20,0x76,0x61,0x72,0x20,0x70,0x61,0x72,
    0x61,0x6d,0x5f,0x33,0x38,0x20,0x3a,0x20,0x66,0x33,0x32,0x3b,0x0a,0x20,0x20,0x76,
    0x61,0x72,0x20,0x70,0x61,0x72,0x61,0x6d,0x5f,0x33,0x39,0x20,0x3a,0x20,0x66,0x33,
    0x32,0x3b,0x0a,0x20,0x20,0x76,0x61,0x72,0x20,0x70,0x61,0x72,0x61,0x6d,0x5f,0x34,
    0x30,0x20,0x3a,0x20,0x66,0x33,0x32,0x3b,0x0a,0x20,0x20,0x6c,0x65,0x74,0x20,0x78,
    0x5f,0x32,0x37,0x38,0x20,0x3d,0x20,0x2a,0x28,0x6f,0x66,0x66,0x5f,0x32,0x29,0x3b,
    0x0a,0x20,0x20,0x70,0x61,0x72,0x61,0x6d,0x5f,0x32,0x30,0x20,0x3d,0x20,0x2a,0x28,
    0x70,0x6f,0x73,0x5f,0x34,0x29,0x3b,0x0a,0x20,0x20,0x70,0x61,0x72,0x61,0x6d,0x5f,
    0x32,0x31,0x20,0x3d,0x20,0x76,0x65,0x63,0x32,0x66,0x28,0x2d,0x32,0x2e,0x30,0x66,
    0x2c,0x20,0x78,0x5f,0x32,0x37,0x38,0x29,0x3b,0x0a,0x20,0x20,0x6c,0x65,0x74,0x20,
    0x78,0x5f,0x32,0x38,0x33,0x20,0x3d,0x20,0x46,0x65,0x74,0x63,0x68,0x5f,0x76,0x66,
    0x32,0x5f,0x76,0x66,0x32,0x5f,0x28,0x26,0x28,0x70,0x61,0x72,0x61,0x6d,0x5f,0x32,
    0x30,0x29,0x2c,0x20,0x26,0x28,0x70,0x61,0x72,0x61,0x6d,0x5f,0x32,0x31,0x29,0x29,
    0x3b,0x0a,0x20,0x20,0x6c,0x65,0x74,0x20,0x78,0x5f,0x32,0x38,0x35,0x20,0x3d,0x20,
    0x2a,0x28,0x6f,0x66,0x66,0x5f,0x32,0x29,0x3b,0x0a,0x20,0x20,0x70,0x61,0x72,0x61,
    0x6d,0x5f,0x32,0x32,0x20,0x3d,0x20,0x2a,0x28,0x70,0x6f,0x73,0x5f,0x34,0x29,0x3b,
    0x0a,0x20,0x20,0x70,0x61,0x72,0x61,0x6d,0x5f,0x32,0x33,0x20,0x3d,0x20,0x76,0x65,
    0x63,0x32,0x66,0x28,0x2d,0x31,0x2e,0x30,0x66,0x2c,0x20,0x78,0x5f,0x32,0x38,0x35,
    0x29,0x3b,0x0a,0x20,0x20,0x6c,0x65,0x74,0x20,0x78,0x5f,0x32,0x39,0x30,0x20,0x3d,
    0x20,0x46,0x65,0x74,0x63,0x68,0x5f,0x76,0x66,0x32,0x5f,0x76,0x66,0x32,0x5f,0x28,
    0x26,0x28,0x70,0x61,0x72,0x61,0x6d,0x5f,0x32,0x32,0x29,0x2c,0x20,0x26,0x28,0x70,
    0x61,0x72,0x61,0x6d,0x5f,0x32,0x33,0x29,0x29,0x3b,0x0a,0x20,0x20,0x6c,0x65,0x74,
    0x20,0x78,0x5f,0x32,0x39,0x32,0x20,0x3d,0x20,0x2a,0x28,0x6f,0x66,0x66,0x5f,0x32,
    0x29,0x3b,0x0a,0x20,0x20,0x70,0x61,0x72,0x61,0x6d,0x5f,0x32,0x34,0x20,0x3d,0x20,
    0x2a,0x28,0x70,0x6f,0x73,0x5f,0x34,0x29,0x3b,0x0a,0x20,0x20,0x70,0x61,0x72,0x61,
    0x6d,0x5f,0x32,0x35,0x20,0x3d,0x20,0x76,0x65,0x63,0x32,0x66,0x28,0x30,0x2e,0x30,
    0x66,0x2c,0x20,0x78,0x5f,0x32,0x39,0x32,0x29,0x3b,0x0a,0x20,0x20,0x6c,0x65,0x74,
    0x20,0x78,0x5f,0x32,0x39,0x37,0x20,0x3d,0x20,0x46,0x65,0x74,0x63,0x68,0x5f,0x76,
    0x66,0x32,0x5f,0x76,0x66,0x32,0x5f,0x28,0x26,0x28,0x70,0x61,0x72,0x61,0x6d,0x5f,
    0x32,0x34,0x29,0x2c,0x20,0x26,0x28,0x70,0x61,0x72,0x61,0x6d,0x5f,0x32,0x35,0x29,
    0x29,0x3b,0x0a,0x20,0x20,0x6c,0x65,0x74,0x20,0x78,0x5f,0x32,0x39,0x39,0x20,0x3d,
    0x20,0x2a,0x28,0x6f,0x66,0x66,0x5f,0x32,0x29,0x3b,0x0a,0x20,0x20,0x70,0x61,0x72,
    0x61,0x6d,0x5f,0x32,0x36,0x20,0x3d,0x20,0x2a,0x28,0x70,0x6f,0x73,0x5f,0x34,0x29,
    0x3b,0x0a,0x20,0x20,0x70,0x61,0x72,0x61,0x6d,0x5f,0x32,0x37,0x20,0x3d,0x20,0x76,
    0x65,0x63,0x32,0x66,0x28,0x31,0x2e,0x30,0x66,0x2c,0x20,0x78,0x5f,0x32,0x39,0x39,
    0x29,0x3b,0x0a,0x20,0x20,0x6c,0x65,0x74,0x20,0x78,0x5f,0x33,0x30,0x34,0x20,0x3d,
    0x20,0x46,0x65,0x74,0x63,0x68,0x5f,0x76,0x66,0x32,0x5f,0x76,0x66,0x32,0x5f,0x28,
    0x26,0x28,0x70,0x61,0x72,0x61,0x6d,0x5f,0x32,0x36,0x29,0x2c,0x20,0x26,0x28,0x70,
    0x61,0x72,0x61,0x6d,0x5f,0x32,0x37,0x29,0x29,0x3b,0x0a,0x20,0x20,0x6c,0x65,0x74,
    0x20,0x78,0x5f,0x33,0x30,0x37,0x20,0x3d,0x20,0x2a,0x28,0x6f,0x66,0x66,0x5f,0x32,
    0x29,0x3b,0x0a,0x20,0x20,0x70,0x61,0x72,0x61,0x6d,0x5f,0x32,0x38,0x20,0x3d,0x20,
    0x2a,0x28,0x70,0x6f,0x73,0x5f,0x34,0x29,0x3b,0x0a,0x20,0x20,0x70,0x61,0x72,0x61,
    0x6d,0x5f,0x32,0x39,0x20,0x3d,0x20,0x76,0x65,0x63,0x32,0x66,0x28,0x32,0x2e,0x30,
    0x66,0x2c,0x20,0x78,0x5f,0x33,0x30,0x37,0x29,0x3b,0x0a,0x20,0x20,0x6c,0x65,0x74,
    0x20,0x78,0x5f,0x33,0x31,0x32,0x20,0x3d,0x20,0x46,0x65,0x74,0x63,0x68,0x5f,0x76,
    0x66,0x32,0x5f,0x76,0x66,0x32,0x5f,0x28,0x26,0x28,0x70,0x61,0x72,0x61,0x6d,0x5f,
    0x32,0x38,0x29,0x2c,0x20,0x26,0x28,0x70,0x61,0x72,0x61,0x6d,0x5f,0x32,0x39,0x29,
    0x29,0x3b,0x0a,0x20,0x20,0x70,0x61,0x72,0x61,0x6d,0x5f,0x33,0x30,0x20,0x3d,0x20,
    0x2a,0x28,0x70,0x6f,0x73,0x5f,0x34,0x29,0x3b,0x0a,0x20,0x20,0x6c,0x65,0x74,0x20,
    0x78,0x5f,0x33,0x31,0x36,0x20,0x3d,0x20,0x44,0x69,0x73,0x74,0x5f,0x76,0x66,0x32,
    0x5f,0x28,0x26,0x28,0x70,0x61,0x72,0x61,0x6d,0x5f,0x33,0x30,0x29,0x29,0x3b,0x0a,
    0x20,0x20,0x6c,0x65,0x74,0x20,0x78,0x5f,0x33,0x31,0x37,0x20,0x3d,0x20,0x78,0x5f,
    0x33,0x31,0x36,0x2e,0x78,0x3b,0x0a,0x20,0x20,0x6c,0x65,0x74,0x20,0x78,0x5f,0x33,
    0x31,0x39,0x20,0x3d,0x20,0x68,0x61,0x72,0x64,0x50,0x69,0x78,0x3b,0x0a,0x20,0x20,
    0x70,0x61,0x72,0x61,0x6d,0x5f,0x33,0x31,0x20,0x3d,0x20,0x28,0x78,0x5f,0x33,0x31,
    0x37,0x20,0x2d,0x20,0x32,0x2e,0x30,0x66,0x29,0x3b,0x0a,0x20,0x20,0x70,0x61,0x72,
    0x61,0x6d,0x5f,0x33,0x32,0x20,0x3d,0x20,0x78,0x5f,0x33,0x31,0x39,0x3b,0x0a,0x20,
    0x20,0x6c,0x65,0x74,0x20,0x78,0x5f,0x33,0x32,0x36,0x20,0x3d,0x20,0x47,0x61,0x75,
    0x73,0x5f,0x66,0x31,0x5f,0x66,0x31,0x5f,0x28,0x26,0x28,0x70,0x61,0x72,0x61,0x6d,
    0x5f,0x33,0x31,0x29,0x2c,0x20,0x26,0x28,0x70,0x61,0x72,0x61,0x6d,0x5f,0x33,0x32,
    0x29,0x29,0x3b,0x0a,0x20,0x20,0x70,0x61,0x72,0x61,0x6d,0x5f,0x33,0x33,0x20,0x3d,
    0x20,0x28,0x78,0x5f,0x33,0x31,0x37,0x20,0x2d,0x20,0x31,0x2e,0x30,0x66,0x29,0x3b,
    0x0a,0x20,0x20,0x70,0x61,0x72,0x61,0x6d,0x5f,0x33,0x34,0x20,0x3d,0x20,0x78,0x5f,
    0x33,0x31,0x39,0x3b,0x0a,0x20,0x20,0x6c,0x65,0x74,0x20,0x78,0x5f,0x33,0x33,0x33,
    0x20,0x3d,0x20,0x47,0x61,0x75,0x73,0x5f,0x66,0x31,0x5f,0x66,0x31,0x5f,0x28,0x26,
    0x28,0x70,0x61,0x72,0x61,0x6d,0x5f,0x33,0x33,0x29,0x2c,0x20,0x26,0x28,0x70,0x61,
    0x72,0x61,0x6d,0x5f,0x33,0x34,0x29,0x29,0x3b,0x0a,0x20,0x20,0x70,0x61,0x72,0x61,
    0x6d,0x5f,0x33,0x35,0x20,0x3d,0x20,0x78,0x5f,0x33,0x31,0x37,0x3b,0x0a,0x20,0x20,
    0x70,0x61,0x72,0x61,0x6d,0x5f,0x33,0x36,0x20,0x3d,0x20,0x78,0x5f,0x33,0x31,0x39,
    0x3b,0x0a,0x20,0x20,0x6c,0x65,0x74,0x20,0x78,0x5f,0x33,0x34,0x30,0x20,0x3d,0x20,
    0x47,0x61,0x75,0x73,0x5f,0x66,0x31,0x5f,0x66,0x31,0x5f,0x28,0x26,0x28,0x70,0x61,
    0x72,0x61,0x6d,0x5f,0x33,0x35,0x29,0x2c,0x20,0x26,0x28,0x70,0x61,0x72,0x61,0x6d,
    0x5f,0x33,0x36,0x29,0x29,0x3b,0x0a,0x20,0x20,0x70,0x61,0x72,0x61,0x6d,0x5f,0x33,
    0x37,0x20,0x3d,0x20,0x28,0x78,0x5f,0x33,0x31,0x37,0x20,0x2b,0x20,0x31,0x2e,0x30,
    0x66,0x29,0x3b,0x0a,0x20,0x20,0x70,0x61,0x72,0x61,0x6d,0x5f,0x33,0x38,0x20,0x3d,
    0x20,0x78,0x5f,0x33,0x31,0x39,0x3b,0x0a,0x20,0x20,0x6c,0x65,0x74,0x20,0x78,0x5f,
    0x33,0x34,0x37,0x20,0x3d,0x20,0x47,0x61,0x75,0x73,0x5f,0x66,0x31,0x5f,0x66,0x31,
    0x5f,0x28,0x26,0x28,0x70,0x61,0x72,0x61,0x6d,0x5f,0x33,0x37,0x29,0x2c,0x20,0x26,
    0x28,0x70,0x61,0x72,0x61,0x6d,0x5f,0x33,0x38,0x29,0x29,0x3b,0x0a,0x20,0x20,0x70,
    0x61,0x72,0x61,0x6d,0x5f,0x33,0x39,0x20,0x3d,0x20,0x28,0x78,0x5f,0x33,0x31,0x37,
    0x20,0x2b,0x20,0x32,0x2e,0x30,0x66,0x29,0x3b,0x0a,0x20,0x20,0x70,0x61,0x72,0x61,
    0x6d,0x5f,0x34,0x30,0x20,0x3d,0x20,0x78,0x5f,0x33,0x31,0x39,0x3b,0x0a,0x20,0x20,
    0x6c,0x65,0x74,0x20,0x78,0x5f,0x33,0x35,0x34,0x20,0x3d,0x20,0x47,0x61,0x75,0x73,
    0x5f,0x66,0x31,0x5f,0x66,0x31,0x5f,0x28,0x26,0x28,0x70,0x61,0x72,0x61,0x6d,0x5f,
    0x33,0x39,0x29,0x2c,0x20,0x26,0x28,0x70,0x61,0x72,0x61,0x6d,0x5f,0x34,0x30,0x29,
    0x29,0x3b,0x0a,0x20,0x20,0x6c,0x65,0x74,0x20,0x78,0x5f,0x33,0x38,0x32,0x20,0x3d,
    0x20,0x28,0x28,0x28,0x28,0x78,0x5f,0x33,0x32,0x36,0x20,0x2b,0x20,0x78,0x5f,0x33,
    0x33,0x33,0x29,0x20,0x2b,0x20,0x78,0x5f,0x33,0x34,0x30,0x29,0x20,0x2b,0x20,0x78,
    0x5f,0x33,0x34,0x37,0x29,0x20,0x2b,0x20,0x78,0x5f,0x33,0x35,0x34,0x29,0x3b,0x0a,
    0x20,0x20,0x72,0x65,0x74,0x75,0x72,0x6e,0x20,0x28,0x28,0x28,0x28,0x28,0x28,0x78,
    0x5f,0x32,0x38,0x33,0x20,0x2a,0x20,0x78,0x5f,0x33,0x32,0x36,0x29,0x20,0x2b,0x20,
    0x28,0x78,0x5f,0x32,0x39,0x30,0x20,0x2a,0x20,0x78,0x5f,0x33,0x33,0x33,0x29,0x29,
    0x20,0x2b,0x20,0x28,0x78,0x5f,0x32,0x39,0x37,0x20,0x2a,0x20,0x78,0x5f,0x33,0x34,
    0x30,0x29,0x29,0x20,0x2b,0x20,0x28,0x78,0x5f,0x33,0x30,0x34,0x20,0x2a,0x20,0x78,
    0x5f,0x33,0x34,0x37,0x29,0x29,0x20,0x2b,0x20,0x28,0x78,0x5f,0x33,0x31,0x32,0x20,
    0x2a,0x20,0x78,0x5f,0x33,0x35,0x34,0x29,0x29,0x20,0x2f,0x20,0x76,0x65,0x63,0x33,
    0x66,0x28,0x78,0x5f,0x33,0x38,0x32,0x29,0x29,0x3b,0x0a,0x7d,0x0a,0x0a,0x66,0x6e,
    0x20,0x53,0x63,0x61,0x6e,0x5f,0x76,0x66,0x32,0x5f,0x66,0x31,0x5f,0x28,0x70,0x6f,
    0x73,0x5f,0x35,0x20,0x3a,0x20,0x70,0x74,0x72,0x3c,0x66,0x75,0x6e,0x63,0x74,0x69,
    0x6f,0x6e,0x2c,0x20,0x76,0x65,0x63,0x32,0x66,0x3e,0x2c,0x20,0x6f,0x66,0x66,0x5f,
    0x33,0x20,0x3a,0x20,0x70,0x74,0x72,0x3c,0x66,0x75,0x6e,0x63,0x74,0x69,0x6f,0x6e,
    0x2c,0x20,0x66,0x33,0x32,0x3e,0x29,0x20,0x2d,0x3e,0x20,0x66,0x33,0x32,0x20,0x7b,
    0x0a,0x20,0x20,0x76,0x61,0x72,0x20,0x70,0x61,0x72,0x61,0x6d,0x5f,0x34,0x31,0x20,
    0x3a,0x20,0x76,0x65,0x63,0x32,0x66,0x3b,0x0a,0x20,0x20,0x76,0x61,0x72,0x20,0x70,
    0x61,0x72,0x61,0x6d,0x5f,0x34,0x32,0x20,0x3a,0x20,0x66,0x33,0x32,0x3b,0x0a,0x20,
    0x20,0x76,0x61,0x72,0x20,0x70,0x61,0x72,0x61,0x6d,0x5f,0x34,0x33,0x20,0x3a,0x20,
    0x66,0x33,0x32,0x3b,0x0a,0x20,0x20,0x70,0x61,0x72,0x61,0x6d,0x5f,0x34,0x31,0x20,
    0x3d,0x20,0x2a,0x28,0x70,0x6f,0x73,0x5f,0x35,0x29,0x3b,0x0a,0x20,0x20,0x6c,0x65,
    0x74,0x20,0x78,0x5f,0x33,0x39,0x30,0x20,0x3d,0x20,0x44,0x69,0x73,0x74,0x5f,0x76,
    0x66,0x32,0x5f,0x28,0x26,0x28,0x70,0x61,0x72,0x61,0x6d,0x5f,0x34,0x31,0x29,0x29,
    0x3b,0x0a,0x20,0x20,0x70,0x61,0x72,0x61,0x6d,0x5f,0x34,0x32,0x20,0x3d,0x20,0x28,
    0x78,0x5f,0x33,0x39,0x30,0x2e,0x79,0x20,0x2b,0x20,0x2a,0x28,0x6f,0x66,0x66,0x5f,
    0x33,0x29,0x29,0x3b,0x0a,0x20,0x20,0x70,0x61,0x72,0x61,0x6d,0x5f,0x34,0x33,0x20,
    0x3d,0x20,0x68,0x61,0x72,0x64,0x53,0x63,0x61,0x6e,0x3b,0x0a,0x20,0x20,0x6c,0x65,
    0x74,0x20,0x78,0x5f,0x33,0x39,0x38,0x20,0x3d,0x20,0x47,0x61,0x75,0x73,0x5f,0x66,
    0x31,0x5f,0x66,0x31,0x5f,0x28,0x26,0x28,0x70,0x61,0x72,0x61,0x6d,0x5f,0x34,0x32,
    0x29,0x2c,0x20,0x26,0x28,0x70,0x61,0x72,0x61,0x6d,0x5f,0x34,0x33,0x29,0x29,0x3b,
    0x0a,0x20,0x20,0x72,0x65,0x74,0x75,0x72,0x6e,0x20,0x78,0x5f,0x33,0x39,0x38,0x3b,
    0x0a,0x7d,0x0a,0x0a,0x66,0x6e,0x20,0x54,0x72,0x69,0x5f,0x76,0x66,0x32,0x5f,0x28,
    0x70,0x6f,0x73,0x5f,0x36,0x20,0x3a,0x20,0x70,0x74,0x72,0x3c,0x66,0x75,0x6e,0x63,
    0x74,0x69,0x6f,0x6e,0x2c,0x20,0x76,0x65,0x63,0x32,0x66,0x3e,0x29,0x20,0x2d,0x3e,
    0x20,0x76,0x65,0x63,0x33,0x66,0x20,0x7b,0x0a,0x20,0x20,0x76,0x61,0x72,0x20,0x70,
    0x61,0x72,0x61,0x6d,0x5f,0x34,0x34,0x20,0x3a,0x20,0x76,0x65,0x63,0x32,0x66,0x3b,
    0x0a,0x20,0x20,0x76,0x61,0x72,0x20,0x70,0x61,0x72,0x61,0x6d,0x5f,0x34,0x35,0x20,
    0x3a,0x20,0x66,0x33,0x32,0x3b,0x0a,0x20,0x20,0x76,0x61,0x72,0x20,0x70,0x61,0x72,
    0x61,0x6d,0x5f,0x34,0x36,0x20,0x3a,0x20,0x76,0x65,0x63,0x32,0x66,0x3b,0x0a,0x20,
    0x20,0x76,0x61,0x72,0x20,0x70,0x61,0x72,0x61,0x6d,0x5f,0x34,0x37,0x20,0x3a,0x20,
    0x66,0x33,0x32,0x3b,0x0a,0x20,0x20,0x76,0x61,0x72,0x20,0x70,0x61,0x72,0x61,0x6d,
    0x5f,0x34,0x38,0x20,0x3a,0x20,0x76,0x65,0x63,0x32,0x66,0x3b,0x0a,0x20,0x20,0x76,
    0x61,0x72,0x20,0x70,0x61,0x72,0x61,0x6d,0x5f,0x34,0x39,0x20,0x3a,0x20,0x66,0x33,
    0x32,0x3b,0x0a,0x20,0x20,0x76,0x61,0x72,0x20,0x70,0x61,0x72,0x61,0x6d,0x5f,0x35,
    0x30,0x20,0x3a,0x20,0x76,0x65,0x63,0x32,0x66,0x3b,0x0a,0x20,0x20,0x76,0x61,0x72,
    0x20,0x70,0x61,0x72,0x61,0x6d,0x5f,0x35,0x31,0x20,0x3a,0x20,0x66,0x33,0x32,0x3b,
    0x0a,0x20,0x20,0x76,0x61,0x72,0x20,0x70,0x61,0x72,0x61,0x6d,0x5f,0x35,0x32,0x20,
    0x3a,0x20,0x76,0x65,0x63,0x32,0x66,0x3b,0x0a,0x20,0x20,0x76,0x61,0x72,0x20,0x70,
    0x61,0x72,0x61,0x6d,0x5f,0x35,0x33,0x20,0x3a,0x20,0x66,0x33,0x32,0x3b,0x0a,0x20,
    0x20,0x76,0x61,0x72,0x20,0x70,0x61,0x72,0x61,0x6d,0x5f,0x35,0x34,0x20,0x3a,0x20,
    0x76,0x65,0x63,0x32,0x66,0x3b,0x0a,0x20,0x20,0x76,0x61,0x72,0x20,0x70,0x61,0x72,
    0x61,0x6d,0x5f,0x35,0x35,0x20,0x3a,0x20,0x66,0x33,0x32,0x3b,0x0a,0x20,0x20,0x70,
    0x61,0x72,0x61,0x6d,0x5f,0x34,0x34,0x20,0x3d,0x20,0x2a,0x28,0x70,0x6f,0x73,0x5f,
    0x36,0x29,0x3b,0x0a,0x20,0x20,0x70,0x61,0x72,0x61,0x6d,0x5f,0x34,0x35,0x20,0x3d,
    0x20,0x2d,0x31,0x2e,0x30,0x66,0x3b,0x0a,0x20,0x20,0x6c,0x65,0x74,0x20,0x78,0x5f,
    0x34,0x30,0x35,0x20,0x3d,0x20,0x48,0x6f,0x72,0x7a,0x33,0x5f,0x76,0x66,0x32,0x5f,
    0x66,0x31,0x5f,0x28,0x26,0x28,0x70,0x61,0x72,0x61,0x6d,0x5f,0x34,0x34,0x29,0x2c,
    0x20,0x26,0x28,0x70,0x61,0x72,0x61,0x6d,0x5f,0x34,0x35,0x29,0x29,0x3b,0x0a,0x20,
    0x20,0x70,0x61,0x72,0x61,0x6d,0x5f,0x34,0x36,0x20,0x3d,0x20,0x2a,0x28,0x70,0x6f,
    0x73,0x5f,0x36,0x29,0x3b,0x0a,0x20,0x20,0x70,0x61,0x72,0x61,0x6d,0x5f,0x34,0x37,
    0x20,0x3d,0x20,0x30,0x2e,0x30,0x66,0x3b,0x0a,0x20,0x20,0x6c,0x65,0x74,0x20,0x78,
    0x5f,0x34,0x31,0x30,0x20,0x3d,0x20,0x48,0x6f,0x72,0x7a,0x35,0x5f,0x76,0x66,0x32,
    0x5f,0x66,0x31,0x5f,0x28,0x26,0x28,0x70,0x61,0x72,0x61,0x6d,0x5f,0x34,0x36,0x29,
    0x2c,0x20,0x26,0x28,0x70,0x61,0x72,0x61,0x6d,0x5f,0x34,0x37,0x29,0x29,0x3b,0x0a,
    0x20,0x20,0x70,0x61,0x72,0x61,0x6d,0x5f,0x34,0x38,0x20,0x3d,0x20,0x2a,0x28,0x70,
    0x6f,0x73,0x5f,0x36,0x29,0x3b,0x0a,0x20,0x20,0x70,0x61,0x72,0x61,0x6d,0x5f,0x34,
    0x39,0x20,0x3d,0x20,0x31,0x2e,0x30,0x66,0x3b,0x0a,0x20,0x20,0x6c,0x65,0x74,0x20,
    0x78,0x5f,0x34,0x31,0x35,0x20,0x3d,0x20,0x48,0x6f,0x72,0x7a,0x33,0x5f,0x76,0x66,
    0x32,0x5f,0x66,0x31,0x5f,0x28,0x26,0x28,0x70,0x61,0x72,0x61,0x6d,0x5f,0x34,0x38,
    0x29,0x2c,0x20,0x26,0x28,0x70,0x61,0x72,0x61,0x6d,0x5f,0x34,0x39,0x29,0x29,0x3b,
    0x0a,0x20,0x20,0x70,0x61,0x72,0x61,0x6d,0x5f,0x35,0x30,0x20,0x3d,0x20,0x2a,0x28,
    0x70,0x6f,0x73,0x5f,0x36,0x29,0x3b,0x0a,0x20,0x20,0x70,0x61,0x72,0x61,0x6d,0x5f,
    0x35,0x31,0x20,0x3d,0x20,0x2d,0x31,0x2e,0x30,0x66,0x3b,0x0a,0x20,0x20,0x6c,0x65,
    0x74,0x20,0x78,0x5f,0x34,0x32,0x30,0x20,0x3d,0x20,0x53,0x63,0x61,0x6e,0x5f,0x76,
    0x66,0x32,0x5f,0x66,0x31,0x5f,0x28,0x26,0x28,0x70,0x61,0x72,0x61,0x6d,0x5f,0x35,
    0x30,0x29,0x2c,0x20,0x26,0x28,0x70,0x61,0x72,0x61,0x6d,0x5f,0x35,0x31,0x29,0x29,
    0x3b,0x0a,0x20,0x20,0x70,0x61,0x72,0x61,0x6d,0x5f,0x35,0x32,0x20,0x3d,0x20,0x2a,
    0x28,0x70,0x6f,0x73,0x5f,0x36,0x29,0x3b,0x0a,0x20,0x20,0x70,0x61,0x72,0x61,0x6d,
    0x5f,0x35,0x33,0x20,0x3d,0x20,0x30,0x2e,0x30,0x66,0x3b,0x0a,0x20,0x20,0x6c,0x65,
    0x74,0x20,0x78,0x5f,0x34,0x32,0x35,0x20,0x3d,0x20,0x53,0x63,0x61,0x6e,0x5f,0x76,
    0x66,0x32,0x5f,0x66,0x31,0x5f,0x28,0x26,0x28,0x70,0x61,0x72,0x61,0x6d,0x5f,0x35,
    0x32,0x29,0x2c,0x20,0x26,0x28,0x70,0x61,0x72,0x61,0x6d,0x5f,0x35,0x33,0x29,0x29,
    0x3b,0x0a,0x20,0x20,0x70,0x61,0x72,0x61,0x6d,0x5f,0x35,0x34,0x20,0x3d,0x20,0x2a,
    0x28,0x70,0x6f,0x73,0x5f,0x36,0x29,0x3b,0x0a,0x20,0x20,0x70,0x61,0x72,0x61,0x6d,
    0x5f,0x35,0x35,0x20,0x3d,0x20,0x31,0x2e,0x30,0x66,0x3b,0x0a,0x20,0x20,0x6c,0x65,
    0x74,0x20,0x78,0x5f,0x34,0x33,0x30,0x20,0x3d,0x20,0x53,0x63,0x61,0x6e,0x5f,0x76,
    0x66,0x32,0x5f,0x66,0x31,0x5f,0x28,0x26,0x28,0x70,0x61,0x72,0x61,0x6d,0x5f,0x35,
    0x34,0x29,0x2c,0x20,0x26,0x28,0x70,0x61,0x72,0x61,0x6d,0x5f,0x35,0x35,0x29,0x29,
    0x3b,0x0a,0x20,0x20,0x72,0x65,0x74,0x75,0x72,0x6e,0x20,0x28,0x28,0x28,0x78,0x5f,
    0x34,0x30,0x35,0x20,0x2a,0x20,0x78,0x5f,0x34,0x32,0x30,0x29,0x20,0x2b,0x20,0x28,
    0x78,0x5f,0x34,0x31,0x30,0x20,0x2a,0x20,0x78,0x5f,0x34,0x32,0x35,0x29,0x29,0x20,
    0x2b,0x20,0x28,0x78,0x5f,0x34,0x31,0x35,0x20,0x2a,0x20,0x78,0x5f,0x34,0x33,0x30,
    0x29,0x29,0x3b,0x0a,0x7d,0x0a,0x0a,0x66,0x6e,0x20,0x4d,0x61,0x73,0x6b,0x5f,0x76,
    0x66,0x32,0x5f,0x28,0x70,0x6f,0x73,0x5f,0x38,0x20,0x3a,0x20,0x70,0x74,0x72,0x3c,
    0x66,0x75,0x6e,0x63,0x74,0x69,0x6f,0x6e,0x2c,0x20,0x76,0x65,0x63,0x32,0x66,0x3e,
    0x29,0x20,0x2d,0x3e,0x20,0x76,0x65,0x63,0x33,0x66,0x20,0x7b,0x0a,0x20,0x20,0x76,
    0x61,0x72,0x20,0x6d,0x61,0x73,0x6b,0x20,0x3a,0x20,0x76,0x65,0x63,0x33,0x66,0x3b,
    0x0a,0x20,0x20,0x28,0x2a,0x28,0x70,0x6f,0x73,0x5f,0x38,0x29,0x29,0x2e,0x78,0x20,
    0x3d,0x20,0x28,0x28,0x2a,0x28,0x70,0x6f,0x73,0x5f,0x38,0x29,0x29,0x2e,0x78,0x20,
    0x2b,0x20,0x28,0x28,0x2a,0x28,0x70,0x6f,0x73,0x5f,0x38,0x29,0x29,0x2e,0x79,0x20,
    0x2a,0x20,0x33,0x2e,0x30,0x66,0x29,0x29,0x3b,0x0a,0x20,0x20,0x6d,0x61,0x73,0x6b,
    0x20,0x3d,0x20,0x76,0x65,0x63,0x33,0x66,0x28,0x6d,0x61,0x73,0x6b,0x44,0x61,0x72,
    0x6b,0x29,0x3b,0x0a,0x20,0x20,0x28,0x2a,0x28,0x70,0x6f,0x73,0x5f,0x38,0x29,0x29,
    0x2e,0x78,0x20,0x3d,0x20,0x66,0x72,0x61,0x63,0x74,0x28,0x28,0x28,0x2a,0x28,0x70,
    0x6f,0x73,0x5f,0x38,0x29,0x29,0x2e,0x78,0x20,0x2a,0x20,0x30,0x2e,0x31,0x36,0x36,
    0x36,0x36,0x36,0x36,0x37,0x31,0x36,0x33,0x33,0x37,0x32,0x30,0x33,0x39,0x37,0x39,
    0x35,0x66,0x29,0x29,0x3b,0x0a,0x20,0x20,0x69,0x66,0x20,0x28,0x28,0x28,0x2a,0x28,
    0x70,0x6f,0x73,0x5f,0x38,0x29,0x29,0x2e,0x78,0x20,0x3c,0x20,0x30,0x2e,0x33,0x33,
    0x33,0x30,0x30,0x30,0x30,0x30,0x34,0x32,0x39,0x31,0x35,0x33,0x34,0x34,0x32,0x33,
    0x38,0x33,0x66,0x29,0x29,0x20,0x7b,0x0a,0x20,0x20,0x20,0x20,0x6c,0x65,0x74,0x20,
    0x78,0x5f,0x34,0x39,0x38,0x20,0x3d,0x20,0x6d,0x61,0x73,0x6b,0x4c,0x69,0x67,0x68,
    0x74,0x3b,0x0a,0x20,0x20,0x20,0x20,0x6c,0x65,0x74,0x20,0x78,0x5f,0x35,0x35,0x30,
    0x20,0x3d,0x20,0x6d,0x61,0x73,0x6b,0x3b,0x0a,0x20,0x20,0x20,0x20,0x76,0x61,0x72,
    0x20,0x78,0x5f,0x35,0x35,0x31,0x5f,0x31,0x20,0x3d,0x20,0x78,0x5f,0x35,0x35,0x30,
    0x3b,0x0a,0x20,0x20,0x20,0x20,0x78,0x5f,0x35,0x35,0x31,0x5f,0x31,0x2e,0x78,0x20,
    0x3d,0x20,0x78,0x5f,0x34,0x39,0x38,0x3b,0x0a,0x20,0x20,0x20,0x20,0x6d,0x61,0x73,
    0x6b,0x20,0x3d,0x20,0x78,0x5f,0x35,0x35,0x31,0x5f,0x31,0x3b,0x0a,0x20,0x20,0x7d,
    0x20,0x65,0x6c,0x73,0x65,0x20,0x7b,0x0a,0x20,0x20,0x20,0x20,0x69,0x66,0x20,0x28,
    0x28,0x28,0x2a,0x28,0x70,0x6f,0x73,0x5f,0x38,0x29,0x29,0x2e,0x78,0x20,0x3c,0x20,
    0x30,0x2e,0x36,0x36,0x36,0x30,0x30,0x30,0x30,0x30,0x38,0x35,0x38,0x33,0x30,0x36,
    0x38,0x38,0x34,0x37,0x36,0x36,0x66,0x29,0x29,0x20,0x7b,0x0a,0x20,0x20,0x20,0x20,
    0x20,0x20,0x6c,0x65,0x74,0x20,0x78,0x5f,0x35,0x30,0x37,0x20,0x3d,0x20,0x6d,0x61,
    0x73,0x6b,0x4c,0x69,0x67,0x68,0x74,0x3b,0x0a,0x20,0x20,0x20,0x20,0x20,0x20,0x6c,
    0x65,0x74,0x20,0x78,0x5f,0x35,0x35,0x32,0x20,0x3d,0x20,0x6d,0x61,0x73,0x6b,0x3b,
    0x0a,0x20,0x20,0x20,0x20,0x20,0x20,0x76,0x61,0x72,0x20,0x78,0x5f,0x35,0x35,0x33,
    0x5f,0x31,0x20,0x3d,0x20,0x78,0x5f,0x35,0x35,0x32,0x3b,0x0a,0x20,0x20,0x20,0x20,
    0x20,0x20,0x78,0x5f,0x35,0x35,0x33,0x5f,0x31,0x2e,0x79,0x20,0x3d,0x20,0x78,0x5f,
    0x35,0x30,0x37,0x3b,0x0a,0x20,0x20,0x20,0x20,0x20,0x20,0x6d,0x61,0x73,0x6b,0x20,
    0x3d,0x20,0x78,0x5f,0x35,0x35,0x33,0x5f,0x31,0x3b,0x0a,0x20,0x20,0x20,0x20,0x7d,
    0x20,0x65,0x6c,0x73,0x65,0x20,0x7b,0x0a,0x20,0x20,0x20,0x20,0x20,0x20,0x6c,0x65,
    0x74,0x20,0x78,0x5f,0x35,0x31,0x30,0x20,0x3d,0x20,0x6d,0x61,0x73,0x6b,0x4c,0x69,
    0x67,0x68,0x74,0x3b,0x0a,0x20,0x20,0x20,0x20,0x20,0x20,0x6c,0x65,0x74,0x20,0x78,
    0x5f,0x35,0x35,0x34,0x20,0x3d,0x20,0x6d,0x61,0x73,0x6b,0x3b,0x0a,0x20,0x20,0x20,
    0x20,0x20,0x20,0x76,0x61,0x72,0x20,0x78,0x5f,0x35,0x35,0x35,0x5f,0x31,0x20,0x3d,
    0x20,0x78,0x5f,0x35,0x35,0x34,0x3b,0x0a,0x20,0x20,0x20,0x20,0x20,0x20,0x78,0x5f,
    0x35,0x35,0x35,0x5f,0x31,0x2e,0x7a,0x20,0x3d,0x20,0x78,0x5f,0x35,0x31,0x30,0x3b,
    0x0a,0x20,0x20,0x20,0x20,0x20,0x20,0x6d,0x61,0x73,0x6b,0x20,0x3d,0x20,0x78,0x5f,
    0x35,0x35,0x35,0x5f,0x31,0x3b,0x0a,0x20,0x20,0x20,0x20,0x7d,0x0a,0x20,0x20,0x7d,
    0x0a,0x20,0x20,0x6c,0x65,0x74,0x20,0x78,0x5f,0x35,0x31,0x32,0x20,0x3d,0x20,0x6d,
    0x61,0x73,0x6b,0x3b,0x0a,0x20,0x20,0x72,0x65,0x74,0x75,0x72,0x6e,0x20,0x78,0x5f,
    0x35,0x31,0x32,0x3b,0x0a,0x7d,0x0a,0x0a,0x66,0x6e,0x20,0x54,0x6f,0x53,0x72,0x67,
    0x62,0x31,0x5f,0x66,0x31,0x5f,0x28,0x63,0x5f,0x32,0x20,0x3a,0x20,0x70,0x74,0x72,
    0x3c,0x66,0x75,0x6e,0x63,0x74,0x69,0x6f,0x6e,0x2c,0x20,0x66,0x33,0x32,0x3e,0x29,
    0x20,0x2d,0x3e,0x20,0x66,0x33,0x32,0x20,0x7b,0x0a,0x20,0x20,0x76,0x61,0x72,0x20,
    0x78,0x5f,0x31,0x32,0x35,0x20,0x3a,0x20,0x66,0x33,0x32,0x3b,0x0a,0x20,0x20,0x69,
    0x66,0x20,0x28,0x28,0x2a,0x28,0x63,0x5f,0x32,0x29,0x20,0x3c,0x20,0x30,0x2e,0x30,
    0x30,0x33,0x31,0x33,0x30,0x38,0x30,0x30,0x30,0x39,0x30,0x37,0x33,0x30,0x31,0x39,
    0x30,0x32,0x38,0x66,0x29,0x29,0x20,0x7b,0x0a,0x20,0x20,0x20,0x20,0x78,0x5f,0x31,
    0x32,0x35,0x20,0x3d,0x20,0x28,0x2a,0x28,0x63,0x5f,0x32,0x29,0x20,0x2a,0x20,0x31,
    0x32,0x2e,0x39,0x32,0x30,0x30,0x30,0x30,0x30,0x37,0x36,0x32,0x39,0x33,0x39,0x34,
    0x35,0x33,0x31,0x32,0x35,0x66,0x29,0x3b,0x0a,0x20,0x20,0x7d,0x20,0x65,0x6c,0x73,
    0x65,0x20,0x7b,0x0a,0x20,0x20,0x20,0x20,0x78,0x5f,0x31,0x32,0x35,0x20,0x3d,0x20,
    0x28,0x28,0x31,0x2e,0x30,0x35,0x34,0x39,0x39,0x39,0x39,0x34,0x37,0x35,0x34,0x37,
    0x39,0x31,0x32,0x35,0x39,0x37,0x36,0x36,0x66,0x20,0x2a,0x20,0x70,0x6f,0x77,0x28,
    0x2a,0x28,0x63,0x5f,0x32,0x29,0x2c,0x20,0x30,0x2e,0x34,0x31,0x36,0x36,0x36,0x30,
    0x30,0x31,0x30,0x38,0x31,0x34,0x36,0x36,0x36,0x37,0x34,0x38,0x30,0x35,0x66,0x29,
    0x29,0x20,0x2d,0x20,0x30,0x2e,0x30,0x35,0x34,0x39,0x39,0x39,0x39,0x39,0x39,0x37,
    0x30,0x31,0x39,0x37,0x36,0x37,0x37,0x36,0x31,0x32,0x66,0x29,0x3b,0x0a,0x20,0x20,
    0x7d,0x0a,0x20,0x20,0x6c,0x65,0x74,0x20,0x78,0x5f,0x31,0x33,0x36,0x20,0x3d,0x20,
    0x78,0x5f,0x31,0x32,0x35,0x3b,0x0a,0x20,0x20,0x72,0x65,0x74,0x75,0x72,0x6e,0x20,
    0x78,0x5f,0x31,0x33,0x36,0x3b,0x0a,0x7d,0x0a,0x0a,0x66,0x6e,0x20,0x54,0x6f,0x53,
    0x72,0x67,0x62,0x5f,0x76,0x66,0x33,0x5f,0x28,0x63,0x5f,0x33,0x20,0x3a,0x20,0x70,
    0x74,0x72,0x3c,0x66,0x75,0x6e,0x63,0x74,0x69,0x6f,0x6e,0x2c,0x20,0x76,0x65,0x63,
    0x33,0x66,0x3e,0x29,0x20,0x2d,0x3e,0x20,0x76,0x65,0x63,0x33,0x66,0x20,0x7b,0x0a,
    0x20,0x20,0x76,0x61,0x72,0x20,0x70,0x61,0x72,0x61,0x6d,0x5f,0x33,0x20,0x3a,0x20,
    0x66,0x33,0x32,0x3b,0x0a,0x20,0x20,0x76,0x61,0x72,0x20,0x70,0x61,0x72,0x61,0x6d,
    0x5f,0x34,0x20,0x3a,0x20,0x66,0x33,0x32,0x3b,0x0a,0x20,0x20,0x76,0x61,0x72,0x20,
    0x70,0x61,0x72,0x61,0x6d,0x5f,0x35,0x20,0x3a,0x20,0x66,0x33,0x32,0x3b,0x0a,0x20,
    0x20,0x70,0x61,0x72,0x61,0x6d,0x5f,0x33,0x20,0x3d,0x20,0x28,0x2a,0x28,0x63,0x5f,
    0x33,0x29,0x29,0x2e,0x78,0x3b,0x0a,0x20,0x20,0x6c,0x65,0x74,0x20,0x78,0x5f,0x31,
    0x34,0x32,0x20,0x3d,0x20,0x54,0x6f,0x53,0x72,0x67,0x62,0x31,0x5f,0x66,0x31,0x5f,
    0x28,0x26,0x28,0x70,0x61,0x72,0x61,0x6d,0x5f,0x33,0x29,0x29,0x3b,0x0a,0x20,0x20,
    0x70,0x61,0x72,0x61,0x6d,0x5f,0x34,0x20,0x3d,0x20,0x28,0x2a,0x28,0x63,0x5f,0x33,
    0x29,0x29,0x2e,0x79,0x3b,0x0a,0x20,0x20,0x6c,0x65,0x74,0x20,0x78,0x5f,0x31,0x34,
    0x36,0x20,0x3d,0x20,0x54,0x6f,0x53,0x72,0x67,0x62,0x31,0x5f,0x66,0x31,0x5f,0x28,
    0x26,0x28,0x70,0x61,0x72,0x61,0x6d,0x5f,0x34,0x29,0x29,0x3b,0x0a,0x20,0x20,0x70,
    0x61,0x72,0x61,0x6d,0x5f,0x35,0x20,0x3d,0x20,0x28,0x2a,0x28,0x63,0x5f,0x33,0x29,
    0x29,0x2e,0x7a,0x3b,0x0a,0x20,0x20,0x6c,0x65,0x74,0x20,0x78,0x5f,0x31,0x35,0x30,
    0x20,0x3d,0x20,0x54,0x6f,0x53,0x72,0x67,0x62,0x31,0x5f,0x66,0x31,0x5f,0x28,0x26,
    0x28,0x70,0x61,0x72,0x61,0x6d,0x5f,0x35,0x29,0x29,0x3b,0x0a,0x20,0x20,0x72,0x65,
    0x74,0x75,0x72,0x6e,0x20,0x76,0x65,0x63,0x33,0x66,0x28,0x78,0x5f,0x31,0x34,0x32,
    0x2c,0x20,0x78,0x5f,0x31,0x34,0x36,0x2c,0x20,0x78,0x5f,0x31,0x35,0x30,0x29,0x3b,
    0x0a,0x7d,0x0a,0x0a,0x66,0x6e,0x20,0x6d,0x61,0x69,0x6e,0x5f,0x31,0x28,0x29,0x20,
    0x7b,0x0a,0x20,0x20,0x76,0x61,0x72,0x20,0x70,0x61,0x72,0x61,0x6d,0x5f,0x35,0x36,
    0x20,0x3a,0x20,0x76,0x65,0x63,0x32,0x66,0x3b,0x0a,0x20,0x20,0x76,0x61,0x72,0x20,
    0x70,0x61,0x72,0x61,0x6d,0x5f,0x35,0x37,0x20,0x3a,0x20,0x76,0x65,0x63,0x32,0x66,
    0x3b,0x0a,0x20,0x20,0x76,0x61,0x72,0x20,0x70,0x61,0x72,0x61,0x6d,0x5f,0x35,0x38,
    0x20,0x3a,0x20,0x76,0x65,0x63,0x32,0x66,0x3b,0x0a,0x20,0x20,0x76,0x61,0x72,0x20,
    0x70,0x61,0x72,0x61,0x6d,0x5f,0x35,0x39,0x20,0x3a,0x20,0x76,0x65,0x63,0x33,0x66,
    0x3b,0x0a,0x20,0x20,0x72,0x65,0x73,0x20,0x3d,0x20,0x76,0x65,0x63,0x32,0x66,0x28,
    0x32,0x35,0x36,0x2e,0x30,0x66,0x2c,0x20,0x31,0x34,0x34,0x2e,0x30,0x66,0x29,0x3b,
    0x0a,0x20,0x20,0x68,0x61,0x72,0x64,0x53,0x63,0x61,0x6e,0x20,0x3d,0x20,0x2d,0x38,
    0x2e,0x30,0x66,0x3b,0x0a,0x20,0x20,0x68,0x61,0x72,0x64,0x50,0x69,0x78,0x20,0x3d,
    0x20,0x2d,0x33,0x2e,0x30,0x66,0x3b,0x0a,0x20,0x20,0x77,0x61,0x72,0x70,0x20,0x3d,
    0x20,0x76,0x65,0x63,0x32,0x66,0x28,0x30,0x2e,0x30,0x31,0x35,0x36,0x32,0x35,0x66,
    0x2c,0x20,0x30,0x2e,0x30,0x32,0x30,0x38,0x33,0x33,0x33,0x33,0x33,0x39,0x35,0x34,
    0x32,0x31,0x35,0x30,0x34,0x39,0x37,0x34,0x66,0x29,0x3b,0x0a,0x20,0x20,0x6d,0x61,
    0x73,0x6b,0x44,0x61,0x72,0x6b,0x20,0x3d,0x20,0x30,0x2e,0x35,0x66,0x3b,0x0a,0x20,
    0x20,0x6d,0x61,0x73,0x6b,0x4c,0x69,0x67,0x68,0x74,0x20,0x3d,0x20,0x31,0x2e,0x35,
    0x66,0x3b,0x0a,0x20,0x20,0x68,0x61,0x72,0x64,0x53,0x63,0x61,0x6e,0x20,0x3d,0x20,
    0x2d,0x31,0x32,0x2e,0x30,0x66,0x3b,0x0a,0x20,0x20,0x6c,0x65,0x74,0x20,0x78,0x5f,
    0x35,0x32,0x31,0x20,0x3d,0x20,0x67,0x6c,0x5f,0x46,0x72,0x61,0x67,0x43,0x6f,0x6f,
    0x72,0x64,0x2e,0x78,0x3b,0x0a,0x20,0x20,0x6c,0x65,0x74,0x20,0x78,0x5f,0x35,0x32,
    0x33,0x20,0x3d,0x20,0x79,0x5f,0x6f,0x72,0x69,0x67,0x69,0x6e,0x5f,0x6f,0x75,0x74,
    0x3b,0x0a,0x20,0x20,0x6c,0x65,0x74,0x20,0x78,0x5f,0x35,0x32,0x35,0x20,0x3d,0x20,
    0x67,0x6c,0x5f,0x46,0x72,0x61,0x67,0x43,0x6f,0x6f,0x72,0x64,0x2e,0x79,0x3b,0x0a,
    0x20,0x20,0x70,0x61,0x72,0x61,0x6d,0x5f,0x35,0x36,0x20,0x3d,0x20,0x70,0x6f,0x73,
    0x5f,0x6f,0x75,0x74,0x3b,0x0a,0x20,0x20,0x6c,0x65,0x74,0x20,0x78,0x5f,0x35,0x33,
    0x34,0x20,0x3d,0x20,0x57,0x61,0x72,0x70,0x5f,0x76,0x66,0x32,0x5f,0x28,0x26,0x28,
    0x70,0x61,0x72,0x61,0x6d,0x5f,0x35,0x36,0x29,0x29,0x3b,0x0a,0x20,0x20,0x70,0x61,
    0x72,0x61,0x6d,0x5f,0x35,0x37,0x20,0x3d,0x20,0x78,0x5f,0x35,0x33,0x34,0x3b,0x0a,
    0x20,0x20,0x6c,0x65,0x74,0x20,0x78,0x5f,0x35,0x33,0x36,0x20,0x3d,0x20,0x54,0x72,
    0x69,0x5f,0x76,0x66,0x32,0x5f,0x28,0x26,0x28,0x70,0x61,0x72,0x61,0x6d,0x5f,0x35,
    0x37,0x29,0x29,0x3b,0x0a,0x20,0x20,0x70,0x61,0x72,0x61,0x6d,0x5f,0x35,0x38,0x20,
    0x3d,0x20,0x76,0x65,0x63,0x32,0x66,0x28,0x78,0x5f,0x35,0x32,0x31,0x2c,0x20,0x61,
    0x62,0x73,0x28,0x28,0x78,0x5f,0x35,0x32,0x33,0x20,0x2d,0x20,0x78,0x5f,0x35,0x32,
    0x35,0x29,0x29,0x29,0x3b,0x0a,0x20,0x20,0x6c,0x65,0x74,0x20,0x78,0x5f,0x35,0x33,
    0x39,0x20,0x3d,0x20,0x4d,0x61,0x73,0x6b,0x5f,0x76,0x66,0x32,0x5f,0x28,0x26,0x28,
    0x70,0x61,0x72,0x61,0x6d,0x5f,0x35,0x38,0x29,0x29,0x3b,0x0a,0x20,0x20,0x70,0x61,
    0x72,0x61,0x6d,0x5f,0x35,0x39,0x20,0x3d,0x20,0x28,0x78,0x5f,0x35,0x33,0x36,0x20,
    0x2a,0x20,0x78,0x5f,0x35,0x33,0x39,0x29,0x3b,0x0a,0x20,0x20,0x6c,0x65,0x74,0x20,
    0x78,0x5f,0x35,0x34,0x35,0x20,0x3d,0x20,0x54,0x6f,0x53,0x72,0x67,0x62,0x5f,0x76,
    0x66,0x33,0x5f,0x28,0x26,0x28,0x70,0x61,0x72,0x61,0x6d,0x5f,0x35,0x39,0x29,0x29,
    0x3b,0x0a,0x20,0x20,0x66,0x72,0x61,0x67,0x5f,0x63,0x6f,0x6c,0x6f,0x72,0x20,0x3d,
    0x20,0x76,0x65,0x63,0x34,0x66,0x28,0x78,0x5f,0x35,0x34,0x35,0x2e,0x78,0x2c,0x20,
    0x78,0x5f,0x35,0x34,0x35,0x2e,0x79,0x2c,0x20,0x78,0x5f,0x35,0x34,0x35,0x2e,0x7a,
    0x2c,0x20,0x31,0x2e,0x30,0x66,0x29,0x3b,0x0a,0x20,0x20,0x72,0x65,0x74,0x75,0x72,
    0x6e,0x3b,0x0a,0x7d,0x0a,0x0a,0x73,0x74,0x72,0x75,0x63,0x74,0x20,0x6d,0x61,0x69,
    0x6e,0x5f,0x6f,0x75,0x74,0x20,0x7b,0x0a,0x20,0x20,0x40,0x6c,0x6f,0x63,0x61,0x74,
    0x69,0x6f,0x6e,0x28,0x30,0x29,0x0a,0x20,0x20,0x66,0x72,0x61,0x67,0x5f,0x63,0x6f,
    0x6c,0x6f,0x72,0x5f,0x31,0x20,0x3a,0x20,0x76,0x65,0x63,0x34,0x66,0x2c,0x0a,0x7d,
    0x0a,0x0a,0x40,0x66,0x72,0x61,0x67,0x6d,0x65,0x6e,0x74,0x0a,0x66,0x6e,0x20,0x6d,
    0x61,0x69,0x6e,0x28,0x40,0x62,0x75,0x69,0x6c,0x74,0x69,0x6e,0x28,0x70,0x6f,0x73,
    0x69,0x74,0x69,0x6f,0x6e,0x29,0x20,0x67,0x6c,0x5f,0x46,0x72,0x61,0x67,0x43,0x6f,
    0x6f,0x72,0x64,0x5f,0x70,0x61,0x72,0x61,0x6d,0x20,0x3a,0x20,0x76,0x65,0x63,0x34,
    0x66,0x2c,0x20,0x40,0x6c,0x6f,0x63,0x61,0x74,0x69,0x6f,0x6e,0x28,0x31,0x29,0x20,
    0x79,0x5f,0x6f,0x72,0x69,0x67,0x69,0x6e,0x5f,0x6f,0x75,0x74,0x5f,0x70,0x61,0x72,
    0x61,0x6d,0x20,0x3a,0x20,0x66,0x33,0x32,0x2c,0x20,0x40,0x6c,0x6f,0x63,0x61,0x74,
    0x69,0x6f,0x6e,0x28,0x30,0x29,0x20,0x70,0x6f,0x73,0x5f,0x6f,0x75,0x74,0x5f,0x70,
    0x61,0x72,0x61,0x6d,0x20,0x3a,0x20,0x76,0x65,0x63,0x32,0x66,0x29,0x20,0x2d,0x3e,
    0x20,0x6d,0x61,0x69,0x6e,0x5f,0x6f,0x75,0x74,0x20,0x7b,0x0a,0x20,0x20,0x67,0x6c,
    0x5f,0x46,0x72,0x61,0x67,0x43,0x6f,0x6f,0x72,0x64,0x20,0x3d,0x20,0x67,0x6c,0x5f,
    0x46,0x72,0x61,0x67,0x43,0x6f,0x6f,0x72,0x64,0x5f,0x70,0x61,0x72,0x61,0x6d,0x3b,
    0x0a,0x20,0x20,0x79,0x5f,0x6f,0x72,0x69,0x67,0x69,0x6e,0x5f,0x6f,0x75,0x74,0x20,
    0x3d,0x20,0x79,0x5f,0x6f,0x72,0x69,0x67,0x69,0x6e,0x5f,0x6f,0x75,0x74,0x5f,0x70,
    0x61,0x72,0x61,0x6d,0x3b,0x0a,0x20,0x20,0x70,0x6f,0x73,0x5f,0x6f,0x75,0x74,0x20,
    0x3d,0x20,0x70,0x6f,0x73,0x5f,0x6f,0x75,0x74,0x5f,0x70,0x61,0x72,0x61,0x6d,0x3b,
    0x0a,0x20,0x20,0x6d,0x61,0x69,0x6e,0x5f,0x31,0x28,0x29,0x3b,0x0a,0x20,0x20,0x72,
    0x65,0x74,0x75,0x72,0x6e,0x20,0x6d,0x61,0x69,0x6e,0x5f,0x6f,0x75,0x74,0x28,0x66,
    0x72,0x61,0x67,0x5f,0x63,0x6f,0x6c,0x6f,0x72,0x29,0x3b,0x0a,0x7d,0x0a,0x00,
};
#endif
static inline const sg_shader_desc* crt_shader_desc(sg_backend backend) {
    #if defined(SOKOL_GLCORE)
    if (backend == SG_BACKEND_GLCORE) {
        static sg_shader_desc desc;
        static bool valid;
        if (!valid) {
            valid = true;
            desc.vertex_func.source = (const char*)crt_vs_source_glsl410;
            desc.vertex_func.entry = "main";
            desc.fragment_func.source = (const char*)crt_fs_source_glsl410;
            desc.fragment_func.entry = "main";
            desc.attrs[0].base_type = SG_SHADERATTRBASETYPE_FLOAT;
            desc.attrs[0].glsl_name = "pos";
            desc.uniform_blocks[0].stage = SG_SHADERSTAGE_VERTEX;
            desc.uniform_blocks[0].layout = SG_UNIFORMLAYOUT_STD140;
            desc.uniform_blocks[0].size = 32;
            desc.uniform_blocks[0].glsl_uniforms[0].type = SG_UNIFORMTYPE_FLOAT4;
            desc.uniform_blocks[0].glsl_uniforms[0].array_count = 2;
            desc.uniform_blocks[0].glsl_uniforms[0].glsl_name = "crt_params";
            desc.views[0].texture.stage = SG_SHADERSTAGE_FRAGMENT;
            desc.views[0].texture.image_type = SG_IMAGETYPE_2D;
            desc.views[0].texture.sample_type = SG_IMAGESAMPLETYPE_FLOAT;
            desc.views[0].texture.multisampled = false;
            desc.samplers[0].stage = SG_SHADERSTAGE_FRAGMENT;
            desc.samplers[0].sampler_type = SG_SAMPLERTYPE_FILTERING;
            desc.texture_sampler_pairs[0].stage = SG_SHADERSTAGE_FRAGMENT;
            desc.texture_sampler_pairs[0].view_slot = 0;
            desc.texture_sampler_pairs[0].sampler_slot = 0;
            desc.texture_sampler_pairs[0].glsl_name = "tex_smp";
            desc.label = "crt_shader";
        }
        return &desc;
    }
    #endif /* SOKOL_GLCORE */
    #if defined(SOKOL_GLES3)
    if (backend == SG_BACKEND_GLES3) {
        static sg_shader_desc desc;
        static bool valid;
        if (!valid) {
            valid = true;
            desc.vertex_func.source = (const char*)crt_vs_source_glsl300es;
            desc.vertex_func.entry = "main";
            desc.fragment_func.source = (const char*)crt_fs_source_glsl300es;
            desc.fragment_func.entry = "main";
            desc.attrs[0].base_type = SG_SHADERATTRBASETYPE_FLOAT;
            desc.attrs[0].glsl_name = "pos";
            desc.uniform_blocks[0].stage = SG_SHADERSTAGE_VERTEX;
            desc.uniform_blocks[0].layout = SG_UNIFORMLAYOUT_STD140;
            desc.uniform_blocks[0].size = 32;
            desc.uniform_blocks[0].glsl_uniforms[0].type = SG_UNIFORMTYPE_FLOAT4;
            desc.uniform_blocks[0].glsl_uniforms[0].array_count = 2;
            desc.uniform_blocks[0].glsl_uniforms[0].glsl_name = "crt_params";
            desc.views[0].texture.stage = SG_SHADERSTAGE_FRAGMENT;
            desc.views[0].texture.image_type = SG_IMAGETYPE_2D;
            desc.views[0].texture.sample_type = SG_IMAGESAMPLETYPE_FLOAT;
            desc.views[0].texture.multisampled = false;
            desc.samplers[0].stage = SG_SHADERSTAGE_FRAGMENT;
            desc.samplers[0].sampler_type = SG_SAMPLERTYPE_FILTERING;
            desc.texture_sampler_pairs[0].stage = SG_SHADERSTAGE_FRAGMENT;
            desc.texture_sampler_pairs[0].view_slot = 0;
            desc.texture_sampler_pairs[0].sampler_slot = 0;
            desc.texture_sampler_pairs[0].glsl_name = "tex_smp";
            desc.label = "crt_shader";
        }
        return &desc;
    }
    #endif /* SOKOL_GLES3 */
    #if defined(SOKOL_D3D11)
    if (backend == SG_BACKEND_D3D11) {
        static sg_shader_desc desc;
        static bool valid;
        if (!valid) {
            valid = true;
            desc.vertex_func.source = (const char*)crt_vs_source_hlsl4;
            desc.vertex_func.d3d11_target = "vs_4_0";
            desc.vertex_func.entry = "main";
            desc.fragment_func.source = (const char*)crt_fs_source_hlsl4;
            desc.fragment_func.d3d11_target = "ps_4_0";
            desc.fragment_func.entry = "main";
            desc.attrs[0].base_type = SG_SHADERATTRBASETYPE_FLOAT;
            desc.attrs[0].hlsl_sem_name = "TEXCOORD";
            desc.attrs[0].hlsl_sem_index = 0;
            desc.uniform_blocks[0].stage = SG_SHADERSTAGE_VERTEX;
            desc.uniform_blocks[0].layout = SG_UNIFORMLAYOUT_STD140;
            desc.uniform_blocks[0].size = 32;
            desc.uniform_blocks[0].hlsl_register_b_n = 0;
            desc.views[0].texture.stage = SG_SHADERSTAGE_FRAGMENT;
            desc.views[0].texture.image_type = SG_IMAGETYPE_2D;
            desc.views[0].texture.sample_type = SG_IMAGESAMPLETYPE_FLOAT;
            desc.views[0].texture.multisampled = false;
            desc.views[0].texture.hlsl_register_t_n = 0;
            desc.samplers[0].stage = SG_SHADERSTAGE_FRAGMENT;
            desc.samplers[0].sampler_type = SG_SAMPLERTYPE_FILTERING;
            desc.samplers[0].hlsl_register_s_n = 0;
            desc.texture_sampler_pairs[0].stage = SG_SHADERSTAGE_FRAGMENT;
            desc.texture_sampler_pairs[0].view_slot = 0;
            desc.texture_sampler_pairs[0].sampler_slot = 0;
            desc.label = "crt_shader";
        }
        return &desc;
    }
    #endif /* SOKOL_D3D11 */
    #if defined(SOKOL_METAL)
    if (backend == SG_BACKEND_METAL_MACOS) {
        static sg_shader_desc desc;
        static bool valid;
        if (!valid) {
            valid = true;
            desc.vertex_func.source = (const char*)crt_vs_source_metal_macos;
            desc.vertex_func.entry = "main0";
            desc.fragment_func.source = (const char*)crt_fs_source_metal_macos;
            desc.fragment_func.entry = "main0";
            desc.attrs[0].base_type = SG_SHADERATTRBASETYPE_FLOAT;
            desc.uniform_blocks[0].stage = SG_SHADERSTAGE_VERTEX;
            desc.uniform_blocks[0].layout = SG_UNIFORMLAYOUT_STD140;
            desc.uniform_blocks[0].size = 32;
            desc.uniform_blocks[0].msl_buffer_n = 0;
            desc.views[0].texture.stage = SG_SHADERSTAGE_FRAGMENT;
            desc.views[0].texture.image_type = SG_IMAGETYPE_2D;
            desc.views[0].texture.sample_type = SG_IMAGESAMPLETYPE_FLOAT;
            desc.views[0].texture.multisampled = false;
            desc.views[0].texture.msl_texture_n = 0;
            desc.samplers[0].stage = SG_SHADERSTAGE_FRAGMENT;
            desc.samplers[0].sampler_type = SG_SAMPLERTYPE_FILTERING;
            desc.samplers[0].msl_sampler_n = 0;
            desc.texture_sampler_pairs[0].stage = SG_SHADERSTAGE_FRAGMENT;
            desc.texture_sampler_pairs[0].view_slot = 0;
            desc.texture_sampler_pairs[0].sampler_slot = 0;
            desc.label = "crt_shader";
        }
        return &desc;
    }
    #endif /* SOKOL_METAL */
    #if defined(SOKOL_METAL)
    if (backend == SG_BACKEND_METAL_IOS) {
        static sg_shader_desc desc;
        static bool valid;
        if (!valid) {
            valid = true;
            desc.vertex_func.source = (const char*)crt_vs_source_metal_ios;
            desc.vertex_func.entry = "main0";
            desc.fragment_func.source = (const char*)crt_fs_source_metal_ios;
            desc.fragment_func.entry = "main0";
            desc.attrs[0].base_type = SG_SHADERATTRBASETYPE_FLOAT;
            desc.uniform_blocks[0].stage = SG_SHADERSTAGE_VERTEX;
            desc.uniform_blocks[0].layout = SG_UNIFORMLAYOUT_STD140;
            desc.uniform_blocks[0].size = 32;
            desc.uniform_blocks[0].msl_buffer_n = 0;
            desc.views[0].texture.stage = SG_SHADERSTAGE_FRAGMENT;
            desc.views[0].texture.image_type = SG_IMAGETYPE_2D;
            desc.views[0].texture.sample_type = SG_IMAGESAMPLETYPE_FLOAT;
            desc.views[0].texture.multisampled = false;
            desc.views[0].texture.msl_texture_n = 0;
            desc.samplers[0].stage = SG_SHADERSTAGE_FRAGMENT;
            desc.samplers[0].sampler_type = SG_SAMPLERTYPE_FILTERING;
            desc.samplers[0].msl_sampler_n = 0;
            desc.texture_sampler_pairs[0].stage = SG_SHADERSTAGE_FRAGMENT;
            desc.texture_sampler_pairs[0].view_slot = 0;
            desc.texture_sampler_pairs[0].sampler_slot = 0;
            desc.label = "crt_shader";
        }
        return &desc;
    }
    #endif /* SOKOL_METAL */
    #if defined(SOKOL_WGPU)
    if (backend == SG_BACKEND_WGPU) {
        static sg_shader_desc desc;
        static bool valid;
        if (!valid) {
            valid = true;
            desc.vertex_func.source = (const char*)crt_vs_source_wgsl;
            desc.vertex_func.entry = "main";
            desc.fragment_func.source = (const char*)crt_fs_source_wgsl;
            desc.fragment_func.entry = "main";
            desc.attrs[0].base_type = SG_SHADERATTRBASETYPE_FLOAT;
            desc.uniform_blocks[0].stage = SG_SHADERSTAGE_VERTEX;
            desc.uniform_blocks[0].layout = SG_UNIFORMLAYOUT_STD140;
            desc.uniform_blocks[0].size = 32;
            desc.uniform_blocks[0].wgsl_group0_binding_n = 0;
            desc.views[0].texture.stage = SG_SHADERSTAGE_FRAGMENT;
            desc.views[0].texture.image_type = SG_IMAGETYPE_2D;
            desc.views[0].texture.sample_type = SG_IMAGESAMPLETYPE_FLOAT;
            desc.views[0].texture.multisampled = false;
            desc.views[0].texture.wgsl_group1_binding_n = 0;
            desc.samplers[0].stage = SG_SHADERSTAGE_FRAGMENT;
            desc.samplers[0].sampler_type = SG_SAMPLERTYPE_FILTERING;
            desc.samplers[0].wgsl_group1_binding_n = 32;
            desc.texture_sampler_pairs[0].stage = SG_SHADERSTAGE_FRAGMENT;
            desc.texture_sampler_pairs[0].view_slot = 0;
            desc.texture_sampler_pairs[0].sampler_slot = 0;
            desc.label = "crt_shader";
        }
        return &desc;
    }
    #endif /* SOKOL_WGPU */
    return 0;
}
